SKU_ID,Stock_Qty,Daily_Sales,Lead_Time,Unit_Price,Promo_Status,Location_Bin,Category,Stock_Status
PRD-21962,231,43.0,5.0,18000,Tidak,Blok B, reguler ,Aman
PRD-77853,339,30.0,16.0,212000,Tidak,Blok B,premium ,Backorder
PRD-30561,480,47.0,2.0,368000,Ya,Blok C,premium ,Aman
PRD-75031,88,34.0,9.0,13000,Ya,Blok A, reguler ,Backorder
PRD-72771,74,35.0,8.0,422000,Tidak,Blok C, reguler ,Backorder
PRD-69332,66,37.0,3.0,255000,Tidak,Blok A,premium ,Menipis
PRD-30008,355,27.0,5.0,295000,Tidak,Blok B,premium ,Aman
PRD-46159,471,35.0,7.0,350000,Ya,Blok B,Reguler,Menipis
PRD-94258,255,26.0,27.0,80000,Tidak,Blok A,REGULER,Menipis
PRD-13869,397,12.0,8.0,94000,Tidak,Blok C,Reguler,Aman
PRD-70241,485,21.0,25.0,281000,Tidak,Blok A, reguler ,Aman
PRD-20292,449,7.0,7.0,45000,Ya,Blok A,REGULER,Aman
PRD-86086,179,33.0,27.0,329000,Tidak,Blok A,Reguler,Backorder
PRD-13782,198,46.0,10.0,170000,Ya,Blok C, reguler ,Backorder
PRD-87567,241,35.0,16.0,441000,Ya,Blok C, reguler ,Backorder
PRD-38173,263,,24.0,433000,Ya,Blok A,Premium,Backorder
PRD-45222,407,40.0,21.0,88000,Tidak,Blok A,premium ,Backorder
PRD-79624,216,15.0,6.0,461000,Tidak,Blok B,Reguler,Menipis
PRD-94565,62,,27.0,372000,Tidak,Blok C,premium ,Menipis
PRD-62979,408,19.0,13.0,254000,Tidak,Blok A,Reguler,Menipis
PRD-84311,217,15.0,6.0,77000,Ya,Blok C,premium ,Menipis
PRD-10463,432,30.0,17.0,173000,Ya,Blok C, reguler ,Menipis
PRD-93402,13,23.0,23.0,329000,Tidak,Blok B,Premium,Backorder
PRD-83953,62,13.0,18.0,102000,Ya,Blok C,Reguler,Backorder
PRD-83922,469,22.0,24.0,13000,Tidak,Blok C,Reguler,Menipis
PRD-86349,208,22.0,27.0,167000,Tidak,Blok B,premium ,Backorder
PRD-69624,49,12.0,7.0,362000,Tidak,Blok C,REGULER,Aman
PRD-96250,186,21.0,25.0,117000,Tidak,Blok A,premium ,Backorder
PRD-83177,63,35.0,10.0,377000,Ya,Blok B,Premium,Backorder
PRD-33710,1,47.0,25.0,296000,Ya,Blok B,premium ,Backorder
PRD-95178,8,,28.0,488000,Tidak,Blok C,REGULER,Backorder
PRD-40373,426,37.0,26.0,223000,Ya,Blok B,Reguler,Backorder
PRD-40013,483,12.0,27.0,105000,Tidak,Blok C, reguler ,Aman
PRD-63051,259,25.0,5.0,286000,Tidak,Blok C,REGULER,Aman
PRD-82146,57,,,112000,Tidak,Blok A,premium ,Backorder
PRD-62130,281,22.0,13.0,52000,Tidak,Blok A,Reguler,Backorder
PRD-35496,403,35.0,4.0,170000,Tidak,Blok B,Premium,Backorder
PRD-71877,263,18.0,29.0,163000,Ya,Blok A,Reguler,Backorder
PRD-30213,47,31.0,22.0,410000,Tidak,Blok A,Premium,Backorder
PRD-87395,92,25.0,28.0,124000,Tidak,Blok C,REGULER,Menipis
PRD-85451,127,21.0,10.0,47000,Tidak,Blok C, reguler ,Backorder
PRD-24817,168,28.0,23.0,292000,Tidak,Blok B,REGULER,Backorder
PRD-92501,481,41.0,20.0,417000,Tidak,Blok A,REGULER,Backorder
PRD-19386,248,18.0,27.0,482000,Ya,Blok B,premium ,Backorder
PRD-75185,333,13.0,14.0,78000,Tidak,Blok B, reguler ,Backorder
PRD-65032,14,4.0,26.0,154000,Ya,Blok B,Reguler,Aman
PRD-81154,165,15.0,16.0,227000,Tidak,Blok B,Premium,Menipis
PRD-78259,409,10.0,5.0,71000,Tidak,Blok A,premium ,Aman
PRD-20514,419,15.0,27.0,36000,Tidak,Blok A,Reguler,Menipis
PRD-63744,378,47.0,24.0,122000,Tidak,Blok C,Premium,Menipis
PRD-20616,75,,25.0,69000,Tidak,Blok C,premium ,Menipis
PRD-67372,402,17.0,11.0,265000,Tidak,Blok B, reguler ,Aman
PRD-27043,231,27.0,15.0,380000,Tidak,Blok C,Reguler,Backorder
PRD-76354,16,23.0,21.0,75000,Tidak,Blok B,REGULER,Backorder
PRD-81363,103,15.0,28.0,461000,Ya,Blok C,premium ,Backorder
PRD-99862,164,19.0,17.0,243000,Tidak,Blok A,Reguler,Backorder
PRD-59997,86,18.0,14.0,168000,Ya,Blok B,Premium,Backorder
PRD-57254,56,29.0,22.0,494000,Tidak,Blok A,REGULER,Menipis
PRD-24031,136,7.0,10.0,219000,Tidak,Blok C,Reguler,Aman
PRD-64336,304,10.0,,165000,Tidak,Blok B,Reguler,Backorder
PRD-83741,167,28.0,17.0,126000,Tidak,Blok C,Premium,Backorder
PRD-34466,42,33.0,20.0,344000,Tidak,Blok C,Reguler,Backorder
PRD-27482,356,41.0,24.0,119000,Tidak,Blok B,Premium,Backorder
PRD-98789,39,3.0,4.0,385000,Ya,Blok C,Reguler,Aman
PRD-96978,441,,999.0,369000,Ya,Blok A, reguler ,Menipis
PRD-72583,46,11.0,,374000,Tidak,Blok A,REGULER,Backorder
PRD-53209,457,47.0,11.0,335000,Tidak,Blok A, reguler ,Backorder
PRD-97618,81,29.0,26.0,392000,Tidak,Blok B,Reguler,Aman
PRD-15842,412,21.0,8.0,335000,Ya,Blok B,Premium,Aman
PRD-20523,265,28.0,28.0,186000,Tidak,Blok B,Premium,Menipis
PRD-10229,445,5.0,27.0,309000,Tidak,Blok A, reguler ,Aman
PRD-37684,73,36.0,3.0,436000,Tidak,Blok B, reguler ,Menipis
PRD-33769,416,42.0,26.0,341000,Tidak,Blok B,REGULER,Backorder
PRD-94101,197,12.0,10.0,60000,Tidak,Blok B, reguler ,Aman
PRD-97939,472,37.0,8.0,463000,Tidak,Blok A,Reguler,Aman
PRD-25372,73,20.0,13.0,58000,Ya,Blok A,Reguler,Backorder
PRD-76395,156,14.0,25.0,353000,Tidak,Blok C,Premium,Backorder
PRD-72532,473,5.0,27.0,367000,Tidak,Blok C,Premium,Aman
PRD-92797,204,25.0,8.0,404000,Ya,Blok B,REGULER,Menipis
PRD-30092,484,43.0,9.0,130000,Tidak,Blok C,Reguler,Backorder
PRD-60071,242,12.0,3.0,30000,Tidak,Blok C,Premium,Aman
PRD-68726,325,24.0,27.0,214000,Tidak,Blok B,Reguler,Backorder
PRD-48672,136,16.0,16.0,252000,Tidak,Blok C, reguler ,Backorder
PRD-38379,211,13.0,20.0,57000,Tidak,Blok A,Reguler,Backorder
PRD-55702,185,35.0,12.0,78000,Tidak,Blok B,REGULER,Backorder
PRD-47066,221,37.0,5.0,454000,Ya,Blok A,REGULER,Aman
PRD-42245,490,39.0,26.0,417000,Tidak,Blok C,Premium,Backorder
PRD-26352,273,18.0,7.0,424000,Tidak,Blok C,Premium,Aman
PRD-10307,32,12.0,7.0,104000,Tidak,Blok B,Premium,Backorder
PRD-59178,181,28.0,13.0,381000,Tidak,Blok B,Reguler,Backorder
PRD-27733,451,33.0,8.0,208000,Tidak,Blok C, reguler ,Menipis
PRD-78359,7,,17.0,467000,Tidak,Blok B,REGULER,Backorder
PRD-33173,306,42.0,26.0,310000,Tidak,Blok B,Premium,Backorder
PRD-56717,248,4.0,14.0,130000,Ya,Blok C,premium ,Aman
PRD-96274,159,22.0,11.0,75000,Tidak,Blok B,Reguler,Backorder
PRD-68067,23,6.0,27.0,32000,Ya,Blok A,premium ,Backorder
PRD-76920,234,6.0,29.0,247000,Tidak,Blok B,Premium,Menipis
PRD-19821,180,48.0,,450000,Tidak,Blok A,Reguler,Backorder
PRD-28474,346,21.0,17.0,454000,Ya,Blok C,REGULER,Menipis
PRD-60830,347,,6.0,33000,Tidak,Blok B,Premium,Aman
PRD-49758,469,33.0,16.0,75000,Tidak,Blok B,Reguler,Backorder
PRD-86777,180,38.0,26.0,401000,Tidak,Blok C,premium ,Backorder
PRD-47846,413,28.0,9.0,188000,Tidak,Blok A,Reguler,Aman
PRD-68576,488,14.0,7.0,34000,Tidak,Blok A,Reguler,Aman
PRD-17856,115,38.0,29.0,16000,Ya,Blok A,Reguler,Backorder
PRD-85388,431,8.0,7.0,92000,Ya,Blok B,Premium,Aman
PRD-90522,203,32.0,24.0,152000,Tidak,Blok C,Premium,Backorder
PRD-36086,417,29.0,29.0,310000,Tidak,Blok B,premium ,Backorder
PRD-20839,254,,7.0,210000,Tidak,Blok C,REGULER,Aman
PRD-62393,351,30.0,7.0,430000,Tidak,Blok C,premium ,Backorder
PRD-25078,50,7.0,25.0,441000,Tidak,Blok B,Reguler,Backorder
PRD-81295,487,12.0,28.0,302000,Ya,Blok C, reguler ,Aman
PRD-35022,309,38.0,20.0,22000,Tidak,Blok B, reguler ,Backorder
PRD-29810,48,29.0,2.0,369000,Tidak,Blok A,premium ,Menipis
PRD-67888,459,28.0,29.0,496000,Tidak,Blok C,Premium,Backorder
PRD-30337,153,29.0,13.0,178000,Tidak,Blok C, reguler ,Menipis
PRD-34918,62,45.0,3.0,223000,Ya,Blok A, reguler ,Menipis
PRD-20561,195,37.0,22.0,147000,Tidak,Blok A,Reguler,Menipis
PRD-15674,238,29.0,16.0,258000,Ya,Blok B,Reguler,Menipis
PRD-47310,439,42.0,23.0,221000,Ya,Blok C,premium ,Backorder
PRD-86908,11,8.0,21.0,325000,Ya,Blok B,Reguler,Backorder
PRD-39432,133,26.0,3.0,400000,Tidak,Blok B,Reguler,Menipis
PRD-63268,136,34.0,21.0,190000,Tidak,Blok B,Premium,Backorder
PRD-24691,53,30.0,19.0,262000,Tidak,Blok B, reguler ,Backorder
PRD-51609,453,35.0,25.0,490000,Tidak,Blok B, reguler ,Backorder
PRD-96889,372,,13.0,307000,Tidak,Blok A,REGULER,Aman
PRD-49666,105,42.0,,106000,Tidak,Blok A, reguler ,Backorder
PRD-88210,12,4.0,18.0,99000,Ya,Blok A,Reguler,Backorder
PRD-60912,174,8.0,8.0,376000,Tidak,Blok B,REGULER,Aman
PRD-10404,443,44.0,6.0,102000,Tidak,Blok C,premium ,Aman
PRD-52080,413,15.0,27.0,477000,Tidak,Blok C,Premium,Aman
PRD-61919,46,9.0,2.0,100000,Tidak,Blok A, reguler ,Backorder
PRD-50025,441,8.0,19.0,461000,Ya,Blok C,Reguler,Aman
PRD-95703,317,3.0,5.0,183000,Ya,Blok A,Reguler,Aman
PRD-68283,320,14.0,13.0,88000,Tidak,Blok A,Premium,Aman
PRD-80097,239,36.0,9.0,464000,Tidak,Blok B,Premium,Aman
PRD-82943,492,32.0,19.0,443000,Tidak,Blok C,premium ,Backorder
PRD-21663,415,23.0,23.0,415000,Ya,Blok C,Premium,Menipis
PRD-22588,414,16.0,27.0,89000,Tidak,Blok C, reguler ,Menipis
PRD-47405,339,11.0,24.0,87000,Ya,Blok B,premium ,Menipis
PRD-15060,383,17.0,6.0,33000,Ya,Blok C,premium ,Aman
PRD-86552,43,8.0,24.0,90000,Ya,Blok C,Reguler,Backorder
PRD-82780,478,2.0,14.0,172000,Ya,Blok C,Premium,Aman
PRD-37345,299,22.0,16.0,372000,Ya,Blok C,REGULER,Menipis
PRD-44196,282,21.0,29.0,465000,Ya,Blok B,Reguler,Backorder
PRD-99789,35,20.0,21.0,266000,Tidak,Blok C,premium ,Backorder
PRD-63450,275,32.0,11.0,149000,Ya,Blok C,premium ,Aman
PRD-11134,178,46.0,15.0,273000,Ya,Blok B,premium ,Backorder
PRD-14967,371,17.0,10.0,73000,Tidak,Blok A,Premium,Aman
PRD-25317,139,27.0,19.0,236000,Tidak,Blok B,Reguler,Aman
PRD-21167,11,3.0,22.0,139000,Tidak,Blok B,Reguler,Backorder
PRD-46996,422,36.0,26.0,85000,Ya,Blok C,Reguler,Backorder
PRD-25504,364,26.0,13.0,28000,Tidak,Blok B,premium ,Menipis
PRD-38016,423,48.0,18.0,277000,Tidak,Blok A,premium ,Backorder
PRD-48197,104,32.0,20.0,416000,Tidak,Blok A,REGULER,Backorder
PRD-36016,451,17.0,13.0,199000,Tidak,Blok C, reguler ,Aman
PRD-53919,450,8.0,13.0,445000,Tidak,Blok A,Reguler,Aman
PRD-90140,262,17.0,15.0,312000,Ya,Blok B,REGULER,Menipis
PRD-78336,124,43.0,12.0,381000,Tidak,Blok C,REGULER,Aman
PRD-33776,420,45.0,21.0,256000,Ya,Blok A,Reguler,Backorder
PRD-70006,389,10.0,23.0,450000,Ya,Blok C,Premium,Menipis
PRD-55650,139,5.0,11.0,464000,Tidak,Blok A,Reguler,Aman
PRD-73671,327,46.0,15.0,26000,Tidak,Blok C,Premium,Backorder
PRD-54324,41,45.0,3.0,419000,Ya,Blok A,Premium,Backorder
PRD-10760,103,14.0,27.0,463000,Ya,Blok C,premium ,Backorder
PRD-47991,478,8.0,17.0,453000,Ya,Blok C, reguler ,Aman
PRD-72471,327,35.0,10.0,331000,Tidak,Blok B, reguler ,Aman
PRD-30644,70,8.0,21.0,447000,Tidak,Blok C,Premium,Backorder
PRD-59437,403,14.0,26.0,195000,Tidak,Blok A,Reguler,Aman
PRD-37856,134,45.0,8.0,432000,Tidak,Blok C,REGULER,Backorder
PRD-97310,478,37.0,5.0,96000,Tidak,Blok B,Premium,Menipis
PRD-57291,198,13.0,22.0,239000,Tidak,Blok A,premium ,Backorder
PRD-52240,131,19.0,10.0,45000,Tidak,Blok B,REGULER,Menipis
PRD-21618,320,28.0,13.0,221000,Tidak,Blok B,Reguler,Backorder
PRD-12850,252,31.0,6.0,153000,Tidak,Blok A,Reguler,Backorder
PRD-64093,404,,26.0,336000,Tidak,Blok A,premium ,Backorder
PRD-54420,293,45.0,20.0,56000,Tidak,Blok C,premium ,Menipis
PRD-17543,305,25.0,2.0,421000,Tidak,Blok C,REGULER,Backorder
PRD-96916,351,28.0,27.0,190000,Tidak,Blok B, reguler ,Backorder
PRD-17400,280,36.0,17.0,315000,Tidak,Blok A,Premium,Menipis
PRD-90702,404,33.0,24.0,83000,Tidak,Blok C,premium ,Backorder
PRD-17435,18,27.0,4.0,447000,Tidak,Blok B, reguler ,Menipis
PRD-52269,320,34.0,22.0,204000,Tidak,Blok B,Premium,Backorder
PRD-45315,410,33.0,11.0,98000,Ya,Blok A,REGULER,Menipis
PRD-93300,141,20.0,14.0,498000,Ya,Blok C, reguler ,Backorder
PRD-22397,498,22.0,21.0,395000,Ya,Blok B,Premium,Aman
PRD-37490,15,38.0,6.0,488000,Ya,Blok B,Premium,Backorder
PRD-94105,139,15.0,25.0,337000,Tidak,Blok B,Reguler,Backorder
PRD-73069,225,39.0,999.0,158000,Tidak,Blok C,premium ,Backorder
PRD-32831,182,21.0,20.0,61000,Tidak,Blok C,Reguler,Menipis
PRD-64615,274,4.0,20.0,466000,Ya,Blok A,REGULER,Aman
PRD-70289,117,33.0,8.0,390000,Tidak,Blok B,premium ,Backorder
PRD-24683,203,4.0,12.0,340000,Tidak,Blok A, reguler ,Aman
PRD-96261,151,23.0,15.0,164000,Tidak,Blok A,Reguler,Backorder
PRD-67572,360,37.0,29.0,252000,Tidak,Blok B,premium ,Menipis
PRD-30269,415,9.0,12.0,242000,Ya,Blok B,premium ,Aman
PRD-67911,118,25.0,4.0,40000,Tidak,Blok B,Reguler,Menipis
PRD-49029,201,,28.0,308000,Tidak,Blok C,premium ,Aman
PRD-64862,78,27.0,27.0,76000,Ya,Blok B,Premium,Backorder
PRD-52065,80,32.0,3.0,182000,Tidak,Blok A, reguler ,Menipis
PRD-87129,482,22.0,27.0,420000,Ya,Blok C,Premium,Backorder
PRD-28676,10,20.0,19.0,10000,Tidak,Blok C,premium ,Backorder
PRD-49063,165,34.0,27.0,17000,Tidak,Blok B,REGULER,Backorder
PRD-73248,134,23.0,9.0,193000,Ya,Blok B,Reguler,Aman
PRD-76061,282,8.0,12.0,306000,Ya,Blok B,premium ,Aman
PRD-71642,486,6.0,23.0,190000,Tidak,Blok B,premium ,Aman
PRD-26956,238,26.0,13.0,227000,Tidak,Blok B,premium ,Backorder
PRD-25831,219,49.0,28.0,463000,Ya,Blok C, reguler ,Backorder
PRD-21415,430,30.0,18.0,46000,Tidak,Blok A,Reguler,Backorder
PRD-75149,294,18.0,7.0,70000,Tidak,Blok C,Premium,Aman
PRD-75250,173,48.0,9.0,497000,Ya,Blok C,premium ,Backorder
PRD-34611,480,44.0,2.0,193000,Tidak,Blok C,Reguler,Aman
PRD-27156,106,37.0,2.0,367000,Tidak,Blok A, reguler ,Backorder
PRD-27387,188,47.0,17.0,412000,Tidak,Blok A,premium ,Backorder
PRD-98314,483,49.0,3.0,29000,Tidak,Blok C, reguler ,Aman
PRD-54786,243,11.0,21.0,169000,Tidak,Blok B,premium ,Aman
PRD-38343,496,5.0,14.0,125000,Tidak,Blok B,Reguler,Aman
PRD-57764,297,5.0,26.0,405000,Tidak,Blok C,premium ,Aman
PRD-20386,16,42.0,,428000,Ya,Blok A,Premium,Backorder
PRD-31042,422,47.0,19.0,109000,Tidak,Blok A,Premium,Menipis
PRD-19110,253,3.0,,458000,Tidak,Blok C, reguler ,Backorder
PRD-23428,259,1.0,21.0,192000,Tidak,Blok C, reguler ,Aman
PRD-17697,242,45.0,23.0,383000,Tidak,Blok C,Reguler,Backorder
PRD-25457,86,22.0,16.0,393000,Ya,Blok B, reguler ,Backorder
PRD-46877,415,6.0,25.0,447000,Tidak,Blok A,Premium,Aman
PRD-30245,3,41.0,999.0,410000,Tidak,Blok B,Premium,Backorder
PRD-57975,282,2.0,4.0,29000,Tidak,Blok A,REGULER,Aman
PRD-12526,139,44.0,12.0,18000,Ya,Blok C,Reguler,Backorder
PRD-78295,121,,10.0,293000,Tidak,Blok B,premium ,Aman
PRD-75226,290,25.0,2.0,115000,Tidak,Blok A, reguler ,Aman
PRD-41705,73,2.0,8.0,372000,Tidak,Blok A,premium ,Aman
PRD-82258,210,7.0,16.0,90000,Tidak,Blok C,Reguler,Aman
PRD-90583,126,32.0,7.0,31000,Tidak,Blok C,Reguler,Menipis
PRD-36708,241,34.0,20.0,424000,Ya,Blok B,Reguler,Backorder
PRD-27304,273,40.0,3.0,435000,Tidak,Blok A,Premium,Aman
PRD-59976,216,40.0,15.0,128000,Ya,Blok C, reguler ,Backorder
PRD-22987,472,28.0,22.0,13000,Ya,Blok C,Reguler,Menipis
PRD-62509,107,42.0,21.0,361000,Tidak,Blok C,Reguler,Backorder
PRD-60343,341,2.0,3.0,458000,Tidak,Blok C,Premium,Aman
PRD-32187,376,27.0,8.0,363000,Tidak,Blok C,REGULER,Backorder
PRD-75428,364,,28.0,79000,Tidak,Blok B,Reguler,Menipis
PRD-26725,318,19.0,16.0,452000,Tidak,Blok C,Premium,Backorder
PRD-49551,34,7.0,5.0,430000,Ya,Blok B,REGULER,Backorder
PRD-21397,103,49.0,10.0,246000,Ya,Blok C,Reguler,Backorder
PRD-40254,486,17.0,3.0,284000,Ya,Blok C,REGULER,Aman
PRD-75063,57,2.0,18.0,195000,Tidak,Blok C,Reguler,Aman
PRD-86502,321,36.0,15.0,38000,Tidak,Blok A,REGULER,Backorder
PRD-37909,337,25.0,17.0,47000,Tidak,Blok A,REGULER,Backorder
PRD-86384,115,15.0,2.0,61000,Ya,Blok C, reguler ,Aman
PRD-59170,432,14.0,20.0,22000,Tidak,Blok B, reguler ,Aman
PRD-85379,20,5.0,28.0,83000,Tidak,Blok C,premium ,Backorder
PRD-10255,473,42.0,20.0,407000,Tidak,Blok C,premium ,Menipis
PRD-23201,19,16.0,3.0,128000,Ya,Blok C,Premium,Backorder
PRD-70631,326,4.0,29.0,147000,Tidak,Blok B,premium ,Aman
PRD-50734,184,5.0,11.0,328000,Tidak,Blok A,Reguler,Aman
PRD-93268,375,39.0,21.0,190000,Tidak,Blok B,premium ,Backorder
PRD-86422,452,6.0,,149000,Tidak,Blok B,premium ,Aman
PRD-22379,326,16.0,3.0,343000,Tidak,Blok C,Premium,Aman
PRD-71517,410,11.0,16.0,467000,Tidak,Blok C, reguler ,Menipis
PRD-93494,106,40.0,2.0,360000,Tidak,Blok A,Premium,Backorder
PRD-56971,485,13.0,20.0,107000,Tidak,Blok A,premium ,Aman
PRD-36148,402,14.0,28.0,274000,Tidak,Blok A,premium ,Backorder
PRD-72175,96,40.0,16.0,126000,Tidak,Blok C,Reguler,Backorder
PRD-96173,324,35.0,5.0,317000,Tidak,Blok B,REGULER,Aman
PRD-66556,57,25.0,24.0,248000,Tidak,Blok A, reguler ,Backorder
PRD-40077,274,22.0,28.0,432000,Tidak,Blok B,REGULER,Backorder
PRD-20416,435,40.0,24.0,121000,Tidak,Blok A, reguler ,Backorder
PRD-36015,333,32.0,28.0,156000,Tidak,Blok C,Premium,Menipis
PRD-54013,273,12.0,23.0,289000,Tidak,Blok A, reguler ,Backorder
PRD-22342,325,8.0,26.0,24000,Tidak,Blok B,REGULER,Aman
PRD-12693,124,13.0,6.0,140000,Tidak,Blok A, reguler ,Aman
PRD-20808,335,4.0,24.0,225000,Ya,Blok C,REGULER,Aman
PRD-42222,49,10.0,9.0,112000,Ya,Blok C,REGULER,Menipis
PRD-82805,49,37.0,28.0,364000,Ya,Blok B,Reguler,Backorder
PRD-86957,291,8.0,8.0,28000,Tidak,Blok A,premium ,Aman
PRD-92916,383,10.0,25.0,106000,Tidak,Blok C,Reguler,Menipis
PRD-25893,346,1.0,,402000,Tidak,Blok B, reguler ,Aman
PRD-30684,61,48.0,10.0,352000,Tidak,Blok C, reguler ,Aman
PRD-25775,322,18.0,2.0,350000,Tidak,Blok A,Premium,Backorder
PRD-33874,212,1.0,16.0,399000,Tidak,Blok A,REGULER,Aman
PRD-85308,137,16.0,13.0,255000,Ya,Blok B,Reguler,Backorder
PRD-94981,184,5.0,5.0,160000,Ya,Blok C, reguler ,Menipis
PRD-81180,318,27.0,11.0,245000,Tidak,Blok C,Reguler,Aman
PRD-81356,173,43.0,29.0,342000,Tidak,Blok C,Reguler,Backorder
PRD-31644,122,20.0,17.0,23000,Ya,Blok A,Reguler,Backorder
PRD-43357,177,3.0,4.0,66000,Tidak,Blok B,Premium,Aman
PRD-90395,222,41.0,,34000,Tidak,Blok A,REGULER,Backorder
PRD-18271,463,18.0,6.0,476000,Tidak,Blok B,Reguler,Aman
PRD-42154,235,7.0,18.0,460000,Tidak,Blok A,premium ,Aman
PRD-96570,413,47.0,6.0,427000,Tidak,Blok C,Reguler,Backorder
PRD-76537,129,38.0,7.0,411000,Tidak,Blok C, reguler ,Backorder
PRD-60044,306,1.0,21.0,124000,Tidak,Blok C,Premium,Aman
PRD-12198,348,45.0,27.0,343000,Ya,Blok B, reguler ,Backorder
PRD-55500,360,10.0,5.0,494000,Ya,Blok B,premium ,Aman
PRD-15801,309,26.0,24.0,28000,Ya,Blok A, reguler ,Backorder
PRD-76024,77,49.0,19.0,345000,Tidak,Blok B,Premium,Menipis
PRD-38671,479,23.0,25.0,124000,Tidak,Blok C, reguler ,Menipis
PRD-70598,419,1.0,21.0,457000,Tidak,Blok A,Reguler,Aman
PRD-48230,106,44.0,22.0,256000,Ya,Blok A,REGULER,Backorder
PRD-83847,230,16.0,15.0,490000,Ya,Blok C, reguler ,Backorder
PRD-17354,97,28.0,5.0,246000,Tidak,Blok C,Reguler,Menipis
PRD-13373,462,,5.0,405000,Tidak,Blok A,premium ,Aman
PRD-72637,412,15.0,5.0,464000,Tidak,Blok A,Reguler,Aman
PRD-83495,40,49.0,26.0,297000,Tidak,Blok C,Reguler,Backorder
PRD-92970,415,11.0,27.0,291000,Ya,Blok C,REGULER,Aman
PRD-95382,248,25.0,4.0,301000,Tidak,Blok C,Reguler,Aman
PRD-35616,74,26.0,10.0,110000,Tidak,Blok C, reguler ,Backorder
PRD-39480,373,6.0,10.0,39000,Ya,Blok B,Premium,Aman
PRD-22352,361,44.0,25.0,234000,Tidak,Blok A,Premium,Aman
PRD-16191,331,41.0,13.0,493000,Tidak,Blok A, reguler ,Backorder
PRD-81986,462,,12.0,409000,Tidak,Blok C, reguler ,Menipis
PRD-70519,217,7.0,29.0,125000,Tidak,Blok C,premium ,Backorder
PRD-79212,71,4.0,23.0,208000,Tidak,Blok A, reguler ,Menipis
PRD-58770,114,48.0,14.0,323000,Tidak,Blok B,REGULER,Aman
PRD-54078,172,45.0,20.0,214000,Tidak,Blok C, reguler ,Backorder
PRD-13654,27,17.0,27.0,262000,Ya,Blok C,premium ,Backorder
PRD-27858,410,1.0,14.0,178000,Tidak,Blok B, reguler ,Aman
PRD-48890,497,33.0,5.0,190000,Tidak,Blok A,premium ,Menipis
PRD-34853,404,42.0,10.0,80000,Tidak,Blok B,Reguler,Backorder
PRD-96184,115,1.0,17.0,216000,Tidak,Blok B,REGULER,Aman
PRD-20516,435,45.0,24.0,331000,Tidak,Blok B,REGULER,Backorder
PRD-50731,108,13.0,11.0,148000,Ya,Blok C,Reguler,Backorder
PRD-52946,391,9.0,28.0,296000,Tidak,Blok B,premium ,Aman
PRD-33762,421,30.0,18.0,400000,Tidak,Blok A, reguler ,Menipis
PRD-40916,85,36.0,25.0,433000,Tidak,Blok C,premium ,Menipis
PRD-60383,152,35.0,27.0,247000,Tidak,Blok B,Reguler,Backorder
PRD-88592,40,13.0,14.0,255000,Tidak,Blok C, reguler ,Backorder
PRD-12050,330,46.0,7.0,470000,Ya,Blok B,REGULER,Backorder
PRD-39427,489,2.0,7.0,155000,Tidak,Blok A,Premium,Aman
PRD-54724,201,,29.0,332000,Ya,Blok B,Premium,Backorder
PRD-45757,466,26.0,14.0,147000,Tidak,Blok C,Reguler,Aman
PRD-79280,78,39.0,3.0,185000,Ya,Blok A,REGULER,Backorder
PRD-54369,78,40.0,5.0,123000,Tidak,Blok A,REGULER,Backorder
PRD-71202,155,6.0,22.0,253000,Ya,Blok C,premium ,Aman
PRD-82635,289,33.0,20.0,257000,Tidak,Blok C,premium ,Backorder
PRD-12036,431,12.0,10.0,33000,Ya,Blok A,Reguler,Aman
PRD-13435,101,37.0,11.0,359000,Tidak,Blok A,Premium,Aman
PRD-44808,40,12.0,21.0,269000,Ya,Blok C,Reguler,Backorder
PRD-64575,384,,9.0,30000,Tidak,Blok B,REGULER,Aman
PRD-63772,427,27.0,25.0,49000,Tidak,Blok B,REGULER,Backorder
PRD-52548,132,28.0,14.0,243000,Tidak,Blok A,REGULER,Aman
PRD-43001,429,37.0,26.0,171000,Ya,Blok A, reguler ,Backorder
PRD-54440,320,21.0,12.0,203000,Tidak,Blok A,Reguler,Aman
PRD-12537,230,41.0,7.0,405000,Tidak,Blok B,premium ,Backorder
PRD-97535,350,18.0,25.0,29000,Tidak,Blok B, reguler ,Backorder
PRD-30936,485,10.0,27.0,485000,Ya,Blok A,Premium,Aman
PRD-20103,6,48.0,20.0,315000,Ya,Blok C,Premium,Backorder
PRD-75431,471,23.0,27.0,25000,Ya,Blok C,Premium,Aman
PRD-71629,68,19.0,3.0,345000,Ya,Blok C,Premium,Menipis
PRD-51445,367,15.0,11.0,67000,Tidak,Blok C,premium ,Aman
PRD-37916,184,28.0,23.0,48000,Tidak,Blok C,Premium,Backorder
PRD-75101,225,2.0,29.0,318000,Tidak,Blok A,premium ,Aman
PRD-33104,65,11.0,15.0,52000,Ya,Blok C,Reguler,Backorder
PRD-37843,399,37.0,17.0,251000,Tidak,Blok B,Premium,Backorder
PRD-52103,394,6.0,7.0,400000,Tidak,Blok A,premium ,Aman
PRD-79103,484,25.0,24.0,241000,Tidak,Blok A,Premium,Backorder
PRD-78916,404,42.0,22.0,16000,Tidak,Blok C,premium ,Backorder
PRD-10036,429,19.0,20.0,271000,Tidak,Blok C,Premium,Aman
PRD-77594,161,16.0,8.0,157000,Tidak,Blok A,Premium,Aman
PRD-94629,201,49.0,25.0,55000,Ya,Blok B,REGULER,Menipis
PRD-76150,482,47.0,7.0,65000,Ya,Blok C, reguler ,Menipis
PRD-19866,197,31.0,8.0,107000,Tidak,Blok A,REGULER,Menipis
PRD-16805,166,9.0,13.0,67000,Ya,Blok B,premium ,Menipis
PRD-62662,68,48.0,26.0,32000,Ya,Blok A,REGULER,Backorder
PRD-89026,242,26.0,24.0,227000,Tidak,Blok B,premium ,Backorder
PRD-35092,126,33.0,26.0,41000,Tidak,Blok A, reguler ,Backorder
PRD-60255,452,15.0,17.0,279000,Ya,Blok B,REGULER,Aman
PRD-72901,373,42.0,999.0,483000,Tidak,Blok C, reguler ,Backorder
PRD-95680,55,9.0,17.0,100000,Tidak,Blok C,Premium,Menipis
PRD-65677,210,4.0,5.0,455000,Tidak,Blok C,Reguler,Aman
PRD-73918,394,39.0,12.0,294000,Tidak,Blok A, reguler ,Menipis
PRD-14018,485,3.0,4.0,81000,Tidak,Blok A, reguler ,Aman
PRD-88353,418,49.0,8.0,108000,Tidak,Blok A, reguler ,Backorder
PRD-56404,422,39.0,27.0,445000,Ya,Blok C,Reguler,Menipis
PRD-52919,457,32.0,25.0,69000,Tidak,Blok B,REGULER,Backorder
PRD-99475,123,28.0,7.0,18000,Tidak,Blok B,REGULER,Backorder
PRD-63260,395,6.0,13.0,88000,Tidak,Blok A,REGULER,Aman
PRD-54553,1,28.0,18.0,454000,Tidak,Blok B,premium ,Menipis
PRD-10706,208,15.0,12.0,412000,Tidak,Blok C,REGULER,Backorder
PRD-44474,314,49.0,28.0,310000,Tidak,Blok A,premium ,Backorder
PRD-24692,236,2.0,,41000,Tidak,Blok A,premium ,Menipis
PRD-10636,123,44.0,26.0,18000,Tidak,Blok C,REGULER,Backorder
PRD-39504,489,7.0,8.0,24000,Tidak,Blok C, reguler ,Aman
PRD-69735,20,,2.0,90000,Tidak,Blok C,Reguler,Aman
PRD-44160,417,49.0,5.0,179000,Tidak,Blok C,Reguler,Aman
PRD-18946,356,22.0,24.0,213000,Tidak,Blok B, reguler ,Backorder
PRD-84092,418,39.0,18.0,495000,Tidak,Blok C, reguler ,Backorder
PRD-71009,468,8.0,13.0,103000,Ya,Blok B,REGULER,Aman
PRD-96292,400,23.0,10.0,107000,Tidak,Blok A,REGULER,Aman
PRD-11307,224,,9.0,54000,Ya,Blok C, reguler ,Backorder
PRD-85591,229,1.0,11.0,178000,Tidak,Blok A,REGULER,Aman
PRD-86646,433,6.0,8.0,270000,Tidak,Blok B, reguler ,Aman
PRD-23854,179,26.0,5.0,438000,Tidak,Blok A,Premium,Aman
PRD-91614,471,24.0,15.0,365000,Tidak,Blok A,Reguler,Aman
PRD-23545,231,2.0,10.0,256000,Ya,Blok B,Premium,Aman
PRD-23921,296,25.0,21.0,392000,Ya,Blok B,premium ,Backorder
PRD-78847,106,31.0,19.0,491000,Tidak,Blok C,REGULER,Backorder
PRD-89732,482,22.0,17.0,452000,Ya,Blok B,Reguler,Menipis
PRD-84163,464,13.0,5.0,285000,Tidak,Blok C,REGULER,Aman
PRD-44866,0,19.0,27.0,325000,Tidak,Blok A,Reguler,Backorder
PRD-89623,295,30.0,16.0,148000,Tidak,Blok B,Reguler,Menipis
PRD-51846,306,39.0,11.0,190000,Tidak,Blok A,REGULER,Menipis
PRD-64604,240,41.0,24.0,71000,Ya,Blok B,REGULER,Backorder
PRD-32703,61,17.0,15.0,102000,Tidak,Blok B,Reguler,Backorder
PRD-82728,413,23.0,8.0,244000,Tidak,Blok A,Reguler,Aman
PRD-11906,469,37.0,5.0,349000,Tidak,Blok B,Reguler,Aman
PRD-27189,248,,6.0,247000,Tidak,Blok B,Reguler,Aman
PRD-37430,188,27.0,4.0,141000,Tidak,Blok A,Premium,Menipis
PRD-79959,40,20.0,22.0,250000,Tidak,Blok B,Reguler,Backorder
PRD-36189,110,29.0,17.0,293000,Tidak,Blok A,premium ,Menipis
PRD-53872,141,44.0,2.0,426000,Ya,Blok B,Reguler,Menipis
PRD-77580,212,30.0,14.0,474000,Tidak,Blok B, reguler ,Backorder
PRD-52229,271,39.0,8.0,54000,Tidak,Blok A,REGULER,Menipis
PRD-73645,271,34.0,15.0,233000,Ya,Blok B,premium ,Backorder
PRD-35921,365,10.0,24.0,46000,Tidak,Blok B,Reguler,Aman
PRD-66819,356,40.0,28.0,17000,Ya,Blok A,Premium,Backorder
PRD-55253,85,22.0,29.0,61000,Tidak,Blok A,Reguler,Aman
PRD-89481,175,12.0,10.0,183000,Tidak,Blok C,Premium,Aman
PRD-71256,430,49.0,8.0,367000,Tidak,Blok B, reguler ,Backorder
PRD-65311,314,16.0,8.0,389000,Tidak,Blok A,premium ,Aman
PRD-66614,327,5.0,7.0,405000,Tidak,Blok B,REGULER,Aman
PRD-93847,307,7.0,10.0,305000,Ya,Blok C,Premium,Aman
PRD-38757,161,19.0,3.0,281000,Ya,Blok B, reguler ,Aman
PRD-89905,15,2.0,3.0,403000,Tidak,Blok A,premium ,Backorder
PRD-84205,353,19.0,6.0,495000,Tidak,Blok C,REGULER,Aman
PRD-37734,261,5.0,7.0,116000,Tidak,Blok A,REGULER,Aman
PRD-17904,440,30.0,8.0,75000,Tidak,Blok A, reguler ,Backorder
PRD-28268,270,31.0,21.0,499000,Tidak,Blok B,premium ,Backorder
PRD-63161,148,42.0,2.0,62000,Ya,Blok C,Premium,Backorder
PRD-53601,498,25.0,21.0,417000,Tidak,Blok A,REGULER,Menipis
PRD-65268,437,36.0,3.0,401000,Tidak,Blok A, reguler ,Aman
PRD-59228,76,35.0,21.0,449000,Tidak,Blok A, reguler ,Menipis
PRD-96089,330,12.0,23.0,320000,Tidak,Blok B,REGULER,Menipis
PRD-18717,482,12.0,17.0,443000,Tidak,Blok A,premium ,Aman
PRD-62683,185,14.0,19.0,332000,Ya,Blok C,Reguler,Backorder
PRD-14633,360,36.0,2.0,203000,Tidak,Blok B,Reguler,Aman
PRD-88232,370,31.0,18.0,442000,Ya,Blok C,Premium,Backorder
PRD-15997,486,31.0,5.0,398000,Tidak,Blok C,REGULER,Aman
PRD-33991,367,,,93000,Tidak,Blok C, reguler ,Menipis
PRD-52249,141,16.0,7.0,430000,Ya,Blok A,Premium,Aman
PRD-47841,331,26.0,14.0,439000,Tidak,Blok A,REGULER,Menipis
PRD-14006,59,21.0,3.0,484000,Tidak,Blok C,REGULER,Aman
PRD-58591,122,,16.0,38000,Tidak,Blok B,premium ,Backorder
PRD-67645,125,4.0,13.0,209000,Tidak,Blok B,REGULER,Aman
PRD-36143,44,4.0,23.0,260000,Tidak,Blok A,Reguler,Backorder
PRD-29462,181,10.0,8.0,65000,Tidak,Blok A,premium ,Aman
PRD-29935,370,44.0,5.0,424000,Ya,Blok C,REGULER,Menipis
PRD-83034,65,37.0,22.0,273000,Tidak,Blok B,Reguler,Backorder
PRD-79358,303,12.0,24.0,18000,Ya,Blok A,Reguler,Aman
PRD-48458,188,21.0,26.0,77000,Ya,Blok B,premium ,Backorder
PRD-35611,272,21.0,9.0,313000,Tidak,Blok B,REGULER,Backorder
PRD-30874,190,40.0,13.0,425000,Ya,Blok C,Reguler,Menipis
PRD-66091,193,8.0,18.0,181000,Tidak,Blok A,REGULER,Aman
PRD-78760,334,36.0,9.0,299000,Tidak,Blok C,Premium,Aman
PRD-19677,140,,18.0,135000,Tidak,Blok C,Reguler,Aman
PRD-26859,21,11.0,10.0,132000,Ya,Blok C, reguler ,Backorder
PRD-95637,286,23.0,20.0,296000,Ya,Blok A,Reguler,Backorder
PRD-64213,257,33.0,10.0,465000,Ya,Blok A, reguler ,Menipis
PRD-12015,229,8.0,14.0,273000,Ya,Blok A,premium ,Backorder
PRD-36958,345,26.0,12.0,263000,Tidak,Blok B,Reguler,Backorder
PRD-28017,103,49.0,18.0,171000,Ya,Blok A, reguler ,Backorder
PRD-37990,391,32.0,15.0,373000,Tidak,Blok C,Reguler,Backorder
PRD-21741,80,11.0,22.0,378000,Ya,Blok B,Premium,Menipis
PRD-19184,215,40.0,7.0,300000,Ya,Blok C,Premium,Backorder
PRD-12100,389,35.0,9.0,428000,Tidak,Blok A,REGULER,Menipis
PRD-21561,128,7.0,27.0,115000,Tidak,Blok A,premium ,Backorder
PRD-79726,217,46.0,3.0,292000,Tidak,Blok B, reguler ,Aman
PRD-64199,308,49.0,10.0,489000,Tidak,Blok B,premium ,Menipis
PRD-95757,267,18.0,28.0,447000,Tidak,Blok A,REGULER,Backorder
PRD-33897,184,26.0,,41000,Ya,Blok B,REGULER,Backorder
PRD-75679,314,17.0,2.0,29000,Tidak,Blok B,Premium,Aman
PRD-77643,37,4.0,14.0,303000,Tidak,Blok A,REGULER,Backorder
PRD-80331,161,44.0,17.0,480000,Tidak,Blok A,REGULER,Backorder
PRD-61322,332,,18.0,292000,Tidak,Blok A,REGULER,Backorder
PRD-86478,72,14.0,14.0,239000,Tidak,Blok B,REGULER,Backorder
PRD-65114,152,4.0,15.0,39000,Tidak,Blok C, reguler ,Aman
PRD-85956,310,30.0,16.0,455000,Tidak,Blok A,REGULER,Backorder
PRD-28693,466,47.0,19.0,37000,Tidak,Blok A, reguler ,Aman
PRD-17368,87,47.0,25.0,364000,Ya,Blok C,premium ,Menipis
PRD-83309,202,33.0,12.0,114000,Ya,Blok B,REGULER,Backorder
PRD-86256,253,10.0,21.0,69000,Tidak,Blok C,Reguler,Menipis
PRD-80412,292,23.0,17.0,461000,Tidak,Blok C,Reguler,Backorder
PRD-44635,301,16.0,26.0,120000,Tidak,Blok C,Reguler,Backorder
PRD-54458,43,23.0,29.0,401000,Tidak,Blok A,REGULER,Backorder
PRD-43431,43,14.0,6.0,401000,Ya,Blok C, reguler ,Aman
PRD-95436,427,12.0,13.0,333000,Tidak,Blok B,REGULER,Aman
PRD-20857,197,29.0,15.0,111000,Tidak,Blok A,premium ,Backorder
PRD-34160,91,38.0,16.0,80000,Tidak,Blok C,REGULER,Menipis
PRD-10661,368,24.0,26.0,385000,Tidak,Blok C, reguler ,Menipis
PRD-44033,167,32.0,3.0,73000,Tidak,Blok A,REGULER,Menipis
PRD-23140,171,36.0,9.0,374000,Ya,Blok C,premium ,Menipis
PRD-50142,133,9.0,4.0,68000,Tidak,Blok A,premium ,Menipis
PRD-56994,400,9.0,11.0,198000,Tidak,Blok C,premium ,Menipis
PRD-30951,239,20.0,27.0,174000,Ya,Blok C,REGULER,Backorder
PRD-90059,345,36.0,23.0,391000,Tidak,Blok C,Reguler,Menipis
PRD-89579,191,31.0,24.0,225000,Ya,Blok C,REGULER,Aman
PRD-21351,431,2.0,29.0,256000,Ya,Blok B, reguler ,Aman
PRD-76101,419,22.0,24.0,378000,Tidak,Blok B,premium ,Backorder
PRD-36928,317,42.0,12.0,346000,Ya,Blok B,Premium,Backorder
PRD-69180,343,14.0,21.0,160000,Tidak,Blok C,premium ,Backorder
PRD-44283,457,36.0,11.0,22000,Ya,Blok C,REGULER,Aman
PRD-40844,82,46.0,4.0,274000,Tidak,Blok B,premium ,Backorder
PRD-85652,418,17.0,5.0,21000,Tidak,Blok C,REGULER,Aman
PRD-40005,312,33.0,17.0,279000,Tidak,Blok C,Premium,Backorder
PRD-91268,186,35.0,2.0,35000,Tidak,Blok B, reguler ,Aman
PRD-93104,340,36.0,11.0,402000,Ya,Blok B,premium ,Aman
PRD-59922,379,33.0,999.0,444000,Tidak,Blok C,Reguler,Backorder
PRD-41169,461,24.0,13.0,20000,Tidak,Blok C,REGULER,Aman
PRD-69201,49,42.0,18.0,235000,Tidak,Blok A,Reguler,Backorder
PRD-80385,178,,,455000,Tidak,Blok B,REGULER,Backorder
PRD-58330,285,2.0,6.0,406000,Tidak,Blok B,Premium,Aman
PRD-37042,311,25.0,24.0,150000,Tidak,Blok B,Reguler,Aman
PRD-56167,306,7.0,8.0,253000,Ya,Blok C, reguler ,Aman
PRD-93816,42,41.0,25.0,29000,Ya,Blok A,premium ,Aman
PRD-40985,298,28.0,18.0,412000,Tidak,Blok C,Premium,Menipis
PRD-27059,320,8.0,2.0,309000,Ya,Blok C,premium ,Aman
PRD-35465,421,18.0,12.0,188000,Tidak,Blok C,Premium,Aman
PRD-51139,306,1.0,14.0,195000,Tidak,Blok C,Reguler,Aman
PRD-73471,396,11.0,28.0,31000,Tidak,Blok A, reguler ,Aman
PRD-17489,2,14.0,10.0,347000,Ya,Blok C,Reguler,Aman
PRD-70119,339,16.0,9.0,489000,Ya,Blok B,Reguler,Menipis
PRD-74373,143,2.0,5.0,182000,Tidak,Blok C,REGULER,Aman
PRD-72668,225,33.0,11.0,320000,Tidak,Blok B,Premium,Aman
PRD-54673,97,14.0,5.0,374000,Tidak,Blok B, reguler ,Backorder
PRD-94899,254,29.0,13.0,477000,Ya,Blok B,REGULER,Menipis
PRD-60438,456,13.0,25.0,24000,Tidak,Blok A,REGULER,Aman
PRD-91418,369,34.0,28.0,199000,Ya,Blok C,premium ,Backorder
PRD-42924,120,25.0,16.0,347000,Ya,Blok A,Premium,Backorder
PRD-64319,239,5.0,18.0,330000,Tidak,Blok B,Premium,Aman
PRD-14781,68,22.0,5.0,65000,Ya,Blok B, reguler ,Menipis
PRD-90602,37,40.0,11.0,473000,Ya,Blok B,premium ,Backorder
PRD-72513,147,47.0,999.0,390000,Tidak,Blok A,Premium,Menipis
PRD-67941,13,17.0,17.0,443000,Ya,Blok C,REGULER,Aman
PRD-32908,369,,19.0,449000,Tidak,Blok A,REGULER,Backorder
PRD-99541,203,47.0,28.0,170000,Ya,Blok A,Reguler,Backorder
PRD-43324,282,,4.0,347000,Ya,Blok C,Premium,Aman
PRD-33478,16,4.0,17.0,228000,Tidak,Blok A, reguler ,Backorder
PRD-84935,234,20.0,18.0,398000,Tidak,Blok A,premium ,Backorder
PRD-81792,145,,28.0,301000,Tidak,Blok C,Reguler,Backorder
PRD-58521,213,13.0,17.0,122000,Tidak,Blok B,Premium,Menipis
PRD-91132,397,46.0,5.0,202000,Ya,Blok A,Reguler,Aman
PRD-71587,78,35.0,3.0,158000,Ya,Blok B,REGULER,Menipis
PRD-67713,113,27.0,14.0,196000,Tidak,Blok A,Reguler,Backorder
PRD-54041,285,7.0,16.0,145000,Tidak,Blok C,Premium,Aman
PRD-47034,46,13.0,27.0,464000,Ya,Blok C,Premium,Backorder
PRD-84387,113,32.0,27.0,71000,Tidak,Blok A, reguler ,Menipis
PRD-85930,73,33.0,11.0,412000,Tidak,Blok C,premium ,Aman
PRD-37956,150,25.0,17.0,319000,Ya,Blok C,Premium,Backorder
PRD-45201,355,13.0,22.0,425000,Tidak,Blok A,Premium,Menipis
PRD-13535,241,14.0,29.0,208000,Tidak,Blok C, reguler ,Backorder
PRD-13164,139,,23.0,155000,Ya,Blok B,Reguler,Aman
PRD-82954,318,43.0,9.0,171000,Tidak,Blok A, reguler ,Backorder
PRD-70428,29,12.0,23.0,48000,Tidak,Blok B, reguler ,Aman
PRD-79778,395,5.0,11.0,199000,Tidak,Blok C, reguler ,Aman
PRD-79687,328,45.0,8.0,494000,Ya,Blok C, reguler ,Aman
PRD-65038,289,18.0,11.0,109000,Ya,Blok C,Reguler,Aman
PRD-89164,57,22.0,27.0,233000,Tidak,Blok C, reguler ,Backorder
PRD-90146,51,39.0,10.0,318000,Tidak,Blok C,Reguler,Backorder
PRD-78027,83,38.0,14.0,225000,Tidak,Blok A,Premium,Backorder
PRD-66516,158,14.0,25.0,236000,Tidak,Blok C,Premium,Backorder
PRD-93990,344,47.0,6.0,45000,Tidak,Blok A,Reguler,Menipis
PRD-88497,382,3.0,26.0,443000,Tidak,Blok A,Premium,Aman
PRD-97780,349,32.0,27.0,106000,Tidak,Blok A,premium ,Backorder
PRD-32736,367,28.0,8.0,310000,Ya,Blok A,Premium,Aman
PRD-18789,210,4.0,6.0,351000,Tidak,Blok A,Reguler,Aman
PRD-61875,124,17.0,8.0,123000,Tidak,Blok A,REGULER,Menipis
PRD-42500,169,36.0,17.0,291000,Ya,Blok A,Premium,Menipis
PRD-73278,157,28.0,15.0,462000,Tidak,Blok C, reguler ,Menipis
PRD-47065,192,41.0,14.0,284000,Tidak,Blok C,Premium,Menipis
PRD-41601,461,13.0,,314000,Tidak,Blok C,premium ,Menipis
PRD-43513,438,8.0,6.0,60000,Tidak,Blok B, reguler ,Aman
PRD-72457,463,30.0,19.0,482000,Ya,Blok A,Premium,Backorder
PRD-91889,214,42.0,11.0,488000,Tidak,Blok C,REGULER,Menipis
PRD-58877,448,,14.0,80000,Tidak,Blok B, reguler ,Aman
PRD-13659,344,9.0,28.0,58000,Tidak,Blok B, reguler ,Aman
PRD-80340,298,4.0,29.0,466000,Ya,Blok B,REGULER,Aman
PRD-51779,68,27.0,23.0,308000,Tidak,Blok B, reguler ,Backorder
PRD-45179,308,31.0,28.0,378000,Ya,Blok B,Premium,Backorder
PRD-41357,357,10.0,21.0,100000,Tidak,Blok B, reguler ,Aman
PRD-43541,107,16.0,13.0,339000,Tidak,Blok C,Premium,Aman
PRD-89315,45,,10.0,289000,Tidak,Blok A,REGULER,Backorder
PRD-72119,374,5.0,20.0,84000,Tidak,Blok A,premium ,Aman
PRD-56163,132,47.0,27.0,209000,Tidak,Blok A,premium ,Backorder
PRD-18811,254,13.0,2.0,143000,Tidak,Blok C,REGULER,Aman
PRD-92011,472,47.0,3.0,419000,Tidak,Blok C,Reguler,Backorder
PRD-16172,117,47.0,,144000,Tidak,Blok C,Premium,Backorder
PRD-66799,152,19.0,3.0,14000,Tidak,Blok B,REGULER,Aman
PRD-11466,403,34.0,7.0,234000,Tidak,Blok A,REGULER,Menipis
PRD-23016,47,,21.0,442000,Tidak,Blok A, reguler ,Backorder
PRD-16638,152,20.0,7.0,411000,Tidak,Blok C, reguler ,Backorder
PRD-85160,172,22.0,2.0,488000,Ya,Blok C,premium ,Menipis
PRD-49220,316,19.0,12.0,316000,Tidak,Blok B,premium ,Aman
PRD-37766,475,41.0,19.0,92000,Tidak,Blok B, reguler ,Menipis
PRD-38380,398,23.0,11.0,235000,Ya,Blok A,REGULER,Backorder
PRD-33669,16,34.0,27.0,393000,Tidak,Blok A,premium ,Backorder
PRD-23515,96,2.0,3.0,61000,Ya,Blok A,REGULER,Backorder
PRD-39739,228,43.0,999.0,223000,Tidak,Blok C,premium ,Backorder
PRD-69494,349,31.0,27.0,372000,Tidak,Blok B,premium ,Backorder
PRD-58807,120,14.0,20.0,224000,Tidak,Blok B,Premium,Backorder
PRD-69796,481,22.0,8.0,425000,Tidak,Blok A,Reguler,Menipis
PRD-20763,452,44.0,3.0,204000,Tidak,Blok C,premium ,Aman
PRD-58695,323,11.0,12.0,424000,Tidak,Blok A,premium ,Aman
PRD-39087,296,18.0,12.0,158000,Ya,Blok A, reguler ,Backorder
PRD-16408,484,41.0,2.0,179000,Tidak,Blok A,Premium,Aman
PRD-49339,95,31.0,13.0,438000,Tidak,Blok B,REGULER,Backorder
PRD-38060,198,26.0,,18000,Tidak,Blok A,Premium,Backorder
PRD-65186,197,17.0,16.0,251000,Tidak,Blok B, reguler ,Backorder
PRD-45422,167,23.0,19.0,160000,Tidak,Blok A,REGULER,Backorder
PRD-61720,52,10.0,22.0,122000,Tidak,Blok A, reguler ,Menipis
PRD-28354,319,48.0,7.0,115000,Tidak,Blok A,REGULER,Menipis
PRD-87052,488,34.0,2.0,200000,Tidak,Blok A,Premium,Aman
PRD-89731,465,30.0,12.0,376000,Tidak,Blok C,premium ,Aman
PRD-74712,440,25.0,19.0,342000,Tidak,Blok B,premium ,Menipis
PRD-56738,477,19.0,25.0,49000,Tidak,Blok A, reguler ,Aman
PRD-21620,411,38.0,10.0,110000,Tidak,Blok B, reguler ,Aman
PRD-16553,325,27.0,11.0,334000,Tidak,Blok B,premium ,Aman
PRD-65371,309,25.0,11.0,394000,Ya,Blok C, reguler ,Menipis
PRD-80247,60,39.0,999.0,231000,Tidak,Blok C,Reguler,Backorder
PRD-41367,77,12.0,6.0,444000,Tidak,Blok A, reguler ,Menipis
PRD-90642,41,5.0,17.0,291000,Tidak,Blok A,Premium,Backorder
PRD-70726,363,6.0,15.0,149000,Tidak,Blok B,Reguler,Menipis
PRD-13720,379,27.0,16.0,247000,Ya,Blok B,Reguler,Backorder
PRD-66116,429,45.0,27.0,438000,Tidak,Blok A,Reguler,Backorder
PRD-28733,404,19.0,19.0,299000,Tidak,Blok C,premium ,Menipis
PRD-59522,179,7.0,23.0,393000,Tidak,Blok A,Reguler,Backorder
PRD-81833,337,43.0,4.0,130000,Ya,Blok C,REGULER,Menipis
PRD-99452,174,45.0,14.0,437000,Ya,Blok C,Reguler,Backorder
PRD-87539,155,1.0,11.0,59000,Tidak,Blok A, reguler ,Aman
PRD-50031,67,38.0,20.0,211000,Tidak,Blok A,Reguler,Menipis
PRD-97122,499,1.0,15.0,88000,Tidak,Blok B,premium ,Aman
PRD-50721,365,37.0,11.0,150000,Tidak,Blok A,Reguler,Backorder
PRD-11212,466,19.0,2.0,253000,Ya,Blok C,REGULER,Aman
PRD-57632,251,9.0,10.0,12000,Ya,Blok C,premium ,Aman
PRD-16457,206,25.0,20.0,214000,Tidak,Blok A,REGULER,Backorder
PRD-21332,237,7.0,7.0,198000,Ya,Blok C,Reguler,Aman
PRD-12719,23,30.0,23.0,323000,Tidak,Blok C, reguler ,Backorder
PRD-30281,369,13.0,10.0,66000,Ya,Blok C,REGULER,Aman
PRD-80199,352,30.0,8.0,422000,Tidak,Blok C,premium ,Aman
PRD-22021,45,20.0,26.0,315000,Ya,Blok A, reguler ,Aman
PRD-84280,309,40.0,4.0,297000,Ya,Blok C,REGULER,Aman
PRD-90199,266,17.0,19.0,308000,Tidak,Blok C,Reguler,Backorder
PRD-74912,30,,8.0,167000,Ya,Blok B,Premium,Menipis
PRD-21023,81,7.0,20.0,135000,Tidak,Blok B,Reguler,Backorder
PRD-71250,480,31.0,14.0,120000,Ya,Blok B,REGULER,Backorder
PRD-31573,196,49.0,7.0,457000,Ya,Blok C, reguler ,Menipis
PRD-41508,454,4.0,2.0,479000,Tidak,Blok C,Reguler,Aman
PRD-34000,405,44.0,8.0,259000,Tidak,Blok A,REGULER,Menipis
PRD-93793,179,14.0,12.0,481000,Tidak,Blok B, reguler ,Menipis
PRD-87487,241,49.0,7.0,309000,Ya,Blok B, reguler ,Backorder
PRD-61999,53,32.0,26.0,266000,Tidak,Blok C,REGULER,Backorder
PRD-16901,43,35.0,20.0,125000,Tidak,Blok B,Premium,Backorder
PRD-30539,213,41.0,10.0,149000,Ya,Blok A, reguler ,Menipis
PRD-27159,417,10.0,16.0,486000,Ya,Blok A,REGULER,Aman
PRD-12402,65,32.0,3.0,88000,Tidak,Blok B, reguler ,Aman
PRD-76703,72,35.0,28.0,90000,Tidak,Blok B,Reguler,Backorder
PRD-45554,118,14.0,20.0,179000,Tidak,Blok B,Reguler,Aman
PRD-71799,410,,12.0,422000,Ya,Blok B,Reguler,Aman
PRD-11080,339,17.0,25.0,81000,Ya,Blok B,REGULER,Aman
PRD-97460,27,1.0,14.0,108000,Ya,Blok A,REGULER,Backorder
PRD-41655,124,36.0,13.0,101000,Ya,Blok C,Premium,Backorder
PRD-24376,14,30.0,8.0,313000,Tidak,Blok A,REGULER,Backorder
PRD-29738,20,6.0,12.0,406000,Tidak,Blok B,Reguler,Menipis
PRD-22149,371,31.0,17.0,55000,Tidak,Blok C,Reguler,Menipis
PRD-39714,223,48.0,18.0,464000,Tidak,Blok A,Premium,Menipis
PRD-26193,348,24.0,13.0,145000,Tidak,Blok C,Reguler,Aman
PRD-55760,117,35.0,19.0,354000,Tidak,Blok A,Reguler,Backorder
PRD-72751,453,21.0,7.0,317000,Tidak,Blok A,premium ,Aman
PRD-76981,428,2.0,7.0,49000,Tidak,Blok B,Premium,Aman
PRD-18711,403,15.0,24.0,247000,Tidak,Blok B, reguler ,Aman
PRD-52595,271,43.0,14.0,387000,Tidak,Blok C, reguler ,Backorder
PRD-34417,130,33.0,6.0,361000,Tidak,Blok A,Reguler,Menipis
PRD-69860,156,36.0,16.0,380000,Tidak,Blok B,premium ,Backorder
PRD-60070,116,24.0,26.0,183000,Tidak,Blok A,premium ,Backorder
PRD-88021,230,30.0,28.0,375000,Tidak,Blok C,REGULER,Backorder
PRD-64712,125,38.0,3.0,161000,Tidak,Blok B,Reguler,Backorder
PRD-72409,414,46.0,15.0,15000,Ya,Blok A,Reguler,Backorder
PRD-21338,42,11.0,7.0,178000,Tidak,Blok A,premium ,Menipis
PRD-65961,171,45.0,16.0,410000,Tidak,Blok A,REGULER,Backorder
PRD-12837,417,10.0,10.0,362000,Tidak,Blok B,REGULER,Aman
PRD-66746,352,42.0,9.0,419000,Tidak,Blok A,Reguler,Menipis
PRD-48636,312,2.0,4.0,471000,Ya,Blok A,Premium,Aman
PRD-88612,317,29.0,27.0,499000,Tidak,Blok A,Reguler,Backorder
PRD-87801,9,12.0,5.0,36000,Tidak,Blok B, reguler ,Backorder
PRD-80423,348,34.0,11.0,357000,Tidak,Blok B,Premium,Aman
PRD-30661,59,25.0,10.0,386000,Tidak,Blok C, reguler ,Menipis
PRD-38231,93,21.0,14.0,472000,Tidak,Blok A, reguler ,Backorder
PRD-92793,22,15.0,24.0,451000,Tidak,Blok C, reguler ,Backorder
PRD-88692,37,24.0,19.0,369000,Tidak,Blok A, reguler ,Backorder
PRD-92970,1,48.0,4.0,403000,Tidak,Blok A,REGULER,Aman
PRD-16630,19,47.0,16.0,71000,Tidak,Blok C,Reguler,Backorder
PRD-68382,29,14.0,,467000,Tidak,Blok C,REGULER,Menipis
PRD-34845,434,42.0,8.0,182000,Tidak,Blok C, reguler ,Menipis
PRD-42307,70,38.0,13.0,145000,Tidak,Blok C,Reguler,Menipis
PRD-18706,24,1.0,5.0,182000,Tidak,Blok A,premium ,Aman
PRD-41802,182,11.0,19.0,438000,Ya,Blok A,Premium,Backorder
PRD-32024,463,40.0,19.0,96000,Tidak,Blok A, reguler ,Backorder
PRD-66247,458,8.0,10.0,286000,Ya,Blok A, reguler ,Aman
PRD-24605,409,44.0,4.0,79000,Tidak,Blok C, reguler ,Menipis
PRD-25861,279,34.0,21.0,331000,Tidak,Blok C,premium ,Menipis
PRD-22115,286,23.0,20.0,154000,Tidak,Blok A,premium ,Backorder
PRD-71860,411,45.0,22.0,105000,Tidak,Blok A, reguler ,Backorder
PRD-51916,363,44.0,14.0,194000,Ya,Blok C, reguler ,Backorder
PRD-22823,242,26.0,14.0,124000,Tidak,Blok B, reguler ,Menipis
PRD-26603,436,20.0,17.0,214000,Ya,Blok B,Reguler,Aman
PRD-77600,398,47.0,9.0,287000,Tidak,Blok B,Reguler,Menipis
PRD-50857,175,37.0,14.0,414000,Ya,Blok B,Reguler,Backorder
PRD-63938,225,40.0,7.0,299000,Tidak,Blok A,premium ,Aman
PRD-19834,160,2.0,7.0,364000,Tidak,Blok A,Reguler,Aman
PRD-43822,26,18.0,28.0,359000,Ya,Blok A,Reguler,Backorder
PRD-30608,225,35.0,25.0,85000,Tidak,Blok C,premium ,Backorder
PRD-43154,426,,13.0,480000,Tidak,Blok C,premium ,Menipis
PRD-71923,290,4.0,19.0,293000,Tidak,Blok B,REGULER,Aman
PRD-99390,38,36.0,16.0,309000,Tidak,Blok B,Reguler,Backorder
PRD-29996,314,36.0,18.0,208000,Tidak,Blok C,Reguler,Backorder
PRD-63517,141,6.0,21.0,420000,Tidak,Blok B,Premium,Menipis
PRD-20492,365,25.0,,93000,Tidak,Blok C, reguler ,Menipis
PRD-59688,442,45.0,22.0,172000,Ya,Blok C,REGULER,Backorder
PRD-31630,68,37.0,14.0,70000,Tidak,Blok B, reguler ,Backorder
PRD-75425,443,17.0,26.0,299000,Tidak,Blok B,Reguler,Aman
PRD-10206,353,47.0,28.0,192000,Ya,Blok C,Reguler,Backorder
PRD-69638,381,27.0,6.0,130000,Tidak,Blok C,REGULER,Menipis
PRD-46486,132,26.0,12.0,352000,Ya,Blok B,REGULER,Menipis
PRD-73261,300,19.0,12.0,264000,Tidak,Blok C,premium ,Aman
PRD-83620,220,32.0,12.0,245000,Tidak,Blok A,REGULER,Backorder
PRD-49449,109,48.0,7.0,437000,Ya,Blok A,REGULER,Aman
PRD-55256,30,26.0,12.0,470000,Ya,Blok B,Reguler,Backorder
PRD-82567,429,31.0,16.0,68000,Ya,Blok C,Reguler,Menipis
PRD-24692,236,2.0,,41000,Tidak,Blok A,premium ,Menipis
PRD-56069,322,19.0,4.0,210000,Tidak,Blok C,premium ,Aman
PRD-60126,157,34.0,10.0,249000,Ya,Blok C,Premium,Backorder
PRD-34686,102,27.0,18.0,333000,Ya,Blok C,REGULER,Backorder
PRD-65711,393,25.0,10.0,401000,Tidak,Blok A,Reguler,Backorder
PRD-41750,371,18.0,12.0,323000,Tidak,Blok B,Premium,Aman
PRD-37213,20,1.0,24.0,470000,Ya,Blok C,Premium,Backorder
PRD-54910,169,20.0,22.0,121000,Ya,Blok A,Reguler,Aman
PRD-49767,408,33.0,24.0,321000,Tidak,Blok A, reguler ,Backorder
PRD-69819,12,18.0,7.0,197000,Tidak,Blok A,REGULER,Menipis
PRD-47276,432,14.0,11.0,186000,Ya,Blok A,REGULER,Aman
PRD-72856,464,45.0,9.0,244000,Ya,Blok A,Reguler,Menipis
PRD-80411,48,2.0,25.0,485000,Tidak,Blok B,premium ,Menipis
PRD-58994,270,40.0,15.0,333000,Tidak,Blok C,REGULER,Backorder
PRD-43654,29,14.0,5.0,150000,Tidak,Blok B,Reguler,Backorder
PRD-88413,84,35.0,28.0,116000,Tidak,Blok C, reguler ,Aman
PRD-70776,284,23.0,5.0,18000,Ya,Blok C,Reguler,Aman
PRD-86329,137,25.0,16.0,270000,Tidak,Blok C,premium ,Menipis
PRD-70030,71,23.0,28.0,318000,Ya,Blok A, reguler ,Aman
PRD-71388,28,4.0,3.0,115000,Tidak,Blok B,Reguler,Aman
PRD-97897,135,17.0,7.0,387000,Ya,Blok B, reguler ,Menipis
PRD-37867,490,38.0,8.0,326000,Ya,Blok A, reguler ,Aman
PRD-89599,362,45.0,24.0,268000,Tidak,Blok A,Premium,Backorder
PRD-87236,273,,10.0,324000,Tidak,Blok C,premium ,Aman
PRD-62091,406,24.0,10.0,293000,Tidak,Blok C,Reguler,Aman
PRD-61860,372,41.0,15.0,437000,Tidak,Blok A,REGULER,Backorder
PRD-63171,494,4.0,4.0,121000,Tidak,Blok C,REGULER,Aman
PRD-45959,165,24.0,10.0,489000,Tidak,Blok A,Premium,Backorder
PRD-74919,303,38.0,19.0,451000,Tidak,Blok C,REGULER,Menipis
PRD-80219,183,27.0,6.0,128000,Tidak,Blok B,Premium,Menipis
PRD-87583,275,48.0,5.0,400000,Tidak,Blok A, reguler ,Menipis
PRD-91787,332,3.0,29.0,446000,Ya,Blok B,Reguler,Aman
PRD-63144,57,9.0,25.0,143000,Tidak,Blok C, reguler ,Backorder
PRD-59037,439,29.0,10.0,293000,Ya,Blok B,REGULER,Backorder
PRD-24745,455,30.0,29.0,29000,Tidak,Blok A,Reguler,Backorder
PRD-11439,263,9.0,6.0,412000,Tidak,Blok A,Reguler,Aman
PRD-23350,217,27.0,6.0,354000,Ya,Blok C, reguler ,Menipis
PRD-75481,247,12.0,28.0,442000,Ya,Blok C,Reguler,Menipis
PRD-56900,205,17.0,7.0,27000,Ya,Blok A,premium ,Aman
PRD-85060,442,21.0,22.0,36000,Tidak,Blok B,premium ,Menipis
PRD-10834,27,37.0,24.0,90000,Tidak,Blok B,REGULER,Backorder
PRD-10174,79,3.0,23.0,299000,Tidak,Blok C,Premium,Menipis
PRD-46182,51,34.0,14.0,303000,Ya,Blok B, reguler ,Backorder
PRD-38522,82,6.0,15.0,343000,Ya,Blok C,Reguler,Backorder
PRD-41954,268,39.0,28.0,294000,Ya,Blok C,Reguler,Menipis
PRD-48759,135,9.0,22.0,362000,Tidak,Blok B,Reguler,Aman
PRD-90981,24,9.0,19.0,404000,Tidak,Blok A,Reguler,Backorder
PRD-98578,427,3.0,9.0,27000,Tidak,Blok B,premium ,Aman
PRD-48067,428,,27.0,87000,Tidak,Blok B,REGULER,Backorder
PRD-77990,214,31.0,27.0,458000,Ya,Blok A, reguler ,Backorder
PRD-23672,281,45.0,24.0,309000,Tidak,Blok C, reguler ,Backorder
PRD-19247,59,22.0,29.0,122000,Ya,Blok C, reguler ,Backorder
PRD-46674,260,20.0,29.0,492000,Tidak,Blok C, reguler ,Backorder
PRD-40678,327,18.0,24.0,241000,Tidak,Blok A,Premium,Backorder
PRD-95677,147,9.0,18.0,10000,Tidak,Blok B,REGULER,Backorder
PRD-41007,203,12.0,21.0,139000,Tidak,Blok B,Reguler,Backorder
PRD-39782,359,30.0,4.0,174000,Tidak,Blok C, reguler ,Menipis
PRD-70686,7,16.0,16.0,274000,Tidak,Blok A,Reguler,Menipis
PRD-79310,421,3.0,13.0,324000,Tidak,Blok B,premium ,Aman
PRD-90820,492,23.0,16.0,455000,Tidak,Blok C,premium ,Aman
PRD-47265,30,4.0,4.0,288000,Ya,Blok B, reguler ,Aman
PRD-46427,417,11.0,15.0,379000,Tidak,Blok B,Reguler,Aman
PRD-68798,256,46.0,24.0,253000,Tidak,Blok C,premium ,Aman
PRD-92508,352,23.0,16.0,74000,Tidak,Blok C,REGULER,Menipis
PRD-30056,65,24.0,13.0,77000,Tidak,Blok B,Premium,Backorder
PRD-25051,125,46.0,23.0,375000,Ya,Blok B,premium ,Backorder
PRD-86407,431,32.0,29.0,383000,Tidak,Blok C,premium ,Backorder
PRD-90274,323,42.0,13.0,375000,Tidak,Blok B,premium ,Menipis
PRD-54439,201,,25.0,67000,Ya,Blok B,Reguler,Backorder
PRD-57295,272,,8.0,309000,Tidak,Blok A, reguler ,Aman
PRD-58244,148,15.0,4.0,326000,Tidak,Blok C,REGULER,Menipis
PRD-56732,487,37.0,20.0,90000,Tidak,Blok A,Reguler,Backorder
PRD-74085,432,3.0,23.0,481000,Tidak,Blok B, reguler ,Aman
PRD-77468,30,8.0,13.0,358000,Ya,Blok A, reguler ,Menipis
PRD-55039,9,48.0,3.0,234000,Ya,Blok B,premium ,Aman
PRD-90378,268,49.0,3.0,335000,Tidak,Blok B,REGULER,Aman
PRD-54252,170,4.0,15.0,366000,Tidak,Blok A,REGULER,Aman
PRD-89915,377,15.0,,189000,Tidak,Blok C,REGULER,Aman
PRD-19972,219,45.0,8.0,486000,Tidak,Blok C, reguler ,Menipis
PRD-56228,249,9.0,28.0,351000,Tidak,Blok C,REGULER,Aman
PRD-92094,231,33.0,24.0,177000,Tidak,Blok A,Reguler,Backorder
PRD-81880,70,44.0,11.0,19000,Tidak,Blok C,REGULER,Backorder
PRD-24746,289,7.0,9.0,152000,Tidak,Blok A, reguler ,Backorder
PRD-99449,315,6.0,24.0,226000,Ya,Blok C,Premium,Aman
PRD-96268,497,,21.0,185000,Ya,Blok C,REGULER,Backorder
PRD-20647,499,31.0,3.0,139000,Tidak,Blok B, reguler ,Aman
PRD-79786,185,,999.0,245000,Tidak,Blok C,premium ,Backorder
PRD-65956,358,,23.0,263000,Tidak,Blok A,Reguler,Backorder
PRD-33929,43,20.0,6.0,257000,Tidak,Blok A,Reguler,Backorder
PRD-10755,458,47.0,23.0,316000,Ya,Blok A,premium ,Backorder
PRD-36432,255,33.0,,276000,Tidak,Blok C,Premium,Backorder
PRD-73811,424,28.0,23.0,478000,Ya,Blok A,Reguler,Menipis
PRD-96669,135,19.0,10.0,253000,Tidak,Blok B, reguler ,Backorder
PRD-46727,180,8.0,2.0,399000,Tidak,Blok A,premium ,Aman
PRD-44831,331,13.0,17.0,441000,Tidak,Blok C,Reguler,Backorder
PRD-34099,210,22.0,27.0,310000,Tidak,Blok B, reguler ,Backorder
PRD-53642,50,23.0,999.0,138000,Tidak,Blok B,REGULER,Menipis
PRD-70892,384,10.0,18.0,72000,Tidak,Blok B, reguler ,Aman
PRD-98954,184,13.0,2.0,475000,Tidak,Blok C,premium ,Menipis
PRD-87603,70,34.0,2.0,259000,Tidak,Blok C,premium ,Menipis
PRD-69201,139,2.0,17.0,240000,Tidak,Blok C,premium ,Aman
PRD-68480,389,42.0,12.0,426000,Tidak,Blok C,Premium,Backorder
PRD-83984,292,20.0,20.0,335000,Ya,Blok C,Reguler,Menipis
PRD-94925,188,48.0,5.0,379000,Ya,Blok C,REGULER,Backorder
PRD-25038,391,4.0,25.0,37000,Tidak,Blok A,Premium,Aman
PRD-76672,30,31.0,8.0,66000,Ya,Blok B,Reguler,Backorder
PRD-83548,109,47.0,5.0,66000,Tidak,Blok C,Reguler,Menipis
PRD-89888,171,30.0,26.0,334000,Tidak,Blok B,Reguler,Backorder
PRD-42888,319,2.0,11.0,199000,Tidak,Blok A,premium ,Aman
PRD-57934,106,30.0,10.0,307000,Tidak,Blok B,Premium,Backorder
PRD-80744,122,32.0,13.0,125000,Tidak,Blok B, reguler ,Backorder
PRD-54871,113,8.0,29.0,343000,Tidak,Blok C,Premium,Menipis
PRD-39181,239,48.0,29.0,172000,Tidak,Blok C,REGULER,Backorder
PRD-87175,186,18.0,9.0,310000,Tidak,Blok B, reguler ,Aman
PRD-20547,191,38.0,26.0,120000,Tidak,Blok A,Reguler,Backorder
PRD-22015,318,10.0,20.0,331000,Tidak,Blok C,Premium,Aman
PRD-18210,487,15.0,21.0,97000,Tidak,Blok A,REGULER,Aman
PRD-18381,93,32.0,12.0,160000,Tidak,Blok B,premium ,Menipis
PRD-10947,209,35.0,24.0,318000,Tidak,Blok C,REGULER,Backorder
PRD-65934,252,12.0,6.0,173000,Tidak,Blok A,Reguler,Menipis
PRD-95751,312,15.0,12.0,329000,Tidak,Blok A, reguler ,Aman
PRD-80382,400,12.0,12.0,321000,Tidak,Blok C,premium ,Aman
PRD-35143,355,7.0,15.0,46000,Tidak,Blok A, reguler ,Aman
PRD-35838,224,22.0,19.0,262000,Tidak,Blok A,premium ,Menipis
PRD-71075,384,29.0,20.0,383000,Tidak,Blok C,REGULER,Backorder
PRD-60390,401,40.0,18.0,402000,Tidak,Blok C,Premium,Aman
PRD-43276,147,17.0,13.0,206000,Ya,Blok A,premium ,Backorder
PRD-30886,2,7.0,28.0,222000,Ya,Blok B,Reguler,Backorder
PRD-95468,219,26.0,16.0,122000,Tidak,Blok A,Premium,Backorder
PRD-22305,243,46.0,14.0,109000,Tidak,Blok B,premium ,Backorder
PRD-26304,374,23.0,12.0,451000,Ya,Blok A, reguler ,Aman
PRD-25620,221,23.0,28.0,52000,Tidak,Blok A,REGULER,Backorder
PRD-80843,400,14.0,10.0,30000,Tidak,Blok B,REGULER,Aman
PRD-83970,450,28.0,13.0,306000,Tidak,Blok B,premium ,Menipis
PRD-18744,359,31.0,25.0,431000,Tidak,Blok A,premium ,Backorder
PRD-12365,456,47.0,,220000,Tidak,Blok B,Premium,Aman
PRD-87994,166,35.0,24.0,160000,Tidak,Blok B, reguler ,Backorder
PRD-76641,459,25.0,21.0,143000,Ya,Blok B,REGULER,Menipis
PRD-73043,241,2.0,14.0,100000,Tidak,Blok A, reguler ,Menipis
PRD-12892,23,42.0,19.0,251000,Tidak,Blok C, reguler ,Aman
PRD-64110,159,3.0,19.0,402000,Tidak,Blok A,REGULER,Aman
PRD-51115,88,,6.0,344000,Tidak,Blok B, reguler ,Menipis
PRD-80246,212,48.0,23.0,143000,Ya,Blok B,REGULER,Backorder
PRD-46634,112,1.0,2.0,335000,Tidak,Blok B, reguler ,Aman
PRD-96029,257,36.0,11.0,14000,Tidak,Blok C,REGULER,Menipis
PRD-61313,191,31.0,19.0,334000,Tidak,Blok B,premium ,Backorder
PRD-76914,194,16.0,29.0,142000,Tidak,Blok C, reguler ,Backorder
PRD-70038,231,34.0,5.0,154000,Tidak,Blok C,Premium,Menipis
PRD-68144,296,44.0,23.0,428000,Tidak,Blok C,premium ,Backorder
PRD-33279,211,27.0,28.0,61000,Ya,Blok C,Reguler,Backorder
PRD-56910,67,46.0,29.0,404000,Tidak,Blok A,Premium,Backorder
PRD-53240,59,17.0,16.0,464000,Tidak,Blok A,REGULER,Backorder
PRD-11379,209,30.0,22.0,84000,Tidak,Blok C,Reguler,Backorder
PRD-11917,428,22.0,28.0,238000,Ya,Blok C,REGULER,Backorder
PRD-76060,346,9.0,27.0,114000,Tidak,Blok B,Premium,Menipis
PRD-97331,401,,16.0,437000,Tidak,Blok C,premium ,Backorder
PRD-97313,487,3.0,15.0,299000,Tidak,Blok C,REGULER,Aman
PRD-33834,271,18.0,10.0,301000,Tidak,Blok B,Premium,Aman
PRD-19705,468,11.0,15.0,177000,Tidak,Blok C,premium ,Backorder
PRD-27154,289,3.0,11.0,481000,Tidak,Blok C,REGULER,Aman
PRD-17971,179,47.0,14.0,350000,Tidak,Blok A,REGULER,Backorder
PRD-96120,431,39.0,25.0,354000,Tidak,Blok B,Reguler,Backorder
PRD-65856,215,15.0,8.0,90000,Ya,Blok A,Reguler,Aman
PRD-97999,283,16.0,25.0,343000,Tidak,Blok B,premium ,Backorder
PRD-93375,481,25.0,14.0,254000,Tidak,Blok A,Reguler,Aman
PRD-81887,106,42.0,18.0,61000,Ya,Blok B,premium ,Backorder
PRD-71394,365,26.0,13.0,359000,Tidak,Blok B, reguler ,Menipis
PRD-85726,58,48.0,5.0,475000,Ya,Blok A,Premium,Backorder
PRD-28895,419,,27.0,192000,Tidak,Blok C, reguler ,Aman
PRD-76707,363,43.0,3.0,437000,Ya,Blok C,premium ,Aman
PRD-36512,470,35.0,14.0,487000,Tidak,Blok B,REGULER,Menipis
PRD-40505,131,33.0,24.0,308000,Tidak,Blok A,Premium,Backorder
PRD-94294,350,4.0,25.0,333000,Tidak,Blok C, reguler ,Aman
PRD-55603,493,2.0,16.0,107000,Tidak,Blok C,premium ,Aman
PRD-24219,367,16.0,999.0,308000,Tidak,Blok B, reguler ,Aman
PRD-81947,96,22.0,15.0,186000,Ya,Blok A,Premium,Backorder
PRD-33569,319,18.0,28.0,480000,Tidak,Blok A,premium ,Menipis
PRD-52870,284,27.0,9.0,474000,Tidak,Blok B, reguler ,Menipis
PRD-76567,233,17.0,13.0,481000,Tidak,Blok B,Reguler,Backorder
PRD-82178,270,15.0,3.0,236000,Tidak,Blok B,premium ,Aman
PRD-52145,228,24.0,20.0,433000,Tidak,Blok A, reguler ,Menipis
PRD-49263,32,8.0,,328000,Tidak,Blok B,REGULER,Backorder
PRD-98741,378,40.0,19.0,305000,Tidak,Blok C,premium ,Backorder
PRD-28351,34,47.0,17.0,491000,Tidak,Blok B,REGULER,Backorder
PRD-77789,301,14.0,6.0,304000,Tidak,Blok C,premium ,Menipis
PRD-26531,489,19.0,17.0,283000,Tidak,Blok C,REGULER,Aman
PRD-77194,137,44.0,7.0,74000,Tidak,Blok C,Reguler,Backorder
PRD-71264,150,9.0,,42000,Tidak,Blok A,Premium,Menipis
PRD-31300,204,32.0,6.0,493000,Tidak,Blok C,premium ,Menipis
PRD-49224,408,12.0,13.0,372000,Tidak,Blok A,Premium,Aman
PRD-15241,178,24.0,10.0,76000,Ya,Blok B,Premium,Aman
PRD-20728,331,42.0,18.0,124000,Ya,Blok C,REGULER,Backorder
PRD-57523,398,2.0,26.0,453000,Ya,Blok A, reguler ,Menipis
PRD-90051,181,43.0,4.0,71000,Ya,Blok C,premium ,Aman
PRD-53125,146,38.0,999.0,204000,Ya,Blok A,REGULER,Backorder
PRD-84083,455,47.0,20.0,126000,Ya,Blok A,premium ,Backorder
PRD-66911,33,3.0,13.0,306000,Tidak,Blok A,REGULER,Menipis
PRD-43359,38,13.0,11.0,438000,Tidak,Blok B,premium ,Menipis
PRD-98774,176,8.0,9.0,396000,Ya,Blok A, reguler ,Aman
PRD-76490,33,19.0,3.0,406000,Ya,Blok A, reguler ,Aman
PRD-99506,52,23.0,29.0,289000,Tidak,Blok B,premium ,Menipis
PRD-73832,393,20.0,17.0,413000,Tidak,Blok C,Reguler,Backorder
PRD-59416,186,49.0,27.0,376000,Tidak,Blok A,REGULER,Menipis
PRD-44954,465,14.0,8.0,90000,Tidak,Blok C,Premium,Aman
PRD-54377,156,2.0,25.0,50000,Tidak,Blok C,Premium,Aman
PRD-71189,5,44.0,999.0,260000,Tidak,Blok B,premium ,Backorder
PRD-86816,47,46.0,15.0,90000,Tidak,Blok C,Premium,Backorder
PRD-27221,460,49.0,27.0,130000,Tidak,Blok C,Premium,Backorder
PRD-14870,481,5.0,24.0,161000,Tidak,Blok C,Reguler,Aman
PRD-33437,480,41.0,17.0,228000,Tidak,Blok C,premium ,Menipis
PRD-71588,412,44.0,5.0,79000,Ya,Blok C,Reguler,Menipis
PRD-29309,230,40.0,20.0,395000,Ya,Blok B, reguler ,Backorder
PRD-25592,167,32.0,23.0,70000,Tidak,Blok B,Reguler,Backorder
PRD-17399,23,16.0,17.0,51000,Tidak,Blok C, reguler ,Backorder
PRD-93096,12,,25.0,44000,Tidak,Blok C, reguler ,Backorder
PRD-93807,181,28.0,18.0,468000,Ya,Blok C, reguler ,Backorder
PRD-87227,448,,7.0,387000,Tidak,Blok A,Reguler,Menipis
PRD-32173,480,22.0,29.0,453000,Tidak,Blok B,Premium,Backorder
PRD-92987,407,36.0,16.0,79000,Ya,Blok A,premium ,Menipis
PRD-26065,95,33.0,9.0,252000,Tidak,Blok B, reguler ,Backorder
PRD-36639,196,26.0,999.0,273000,Tidak,Blok B,premium ,Backorder
PRD-63798,57,9.0,10.0,401000,Tidak,Blok A,premium ,Backorder
PRD-67545,91,5.0,13.0,169000,Tidak,Blok A,Reguler,Menipis
PRD-61137,144,13.0,17.0,137000,Ya,Blok A, reguler ,Backorder
PRD-87362,482,5.0,19.0,60000,Tidak,Blok A,Premium,Aman
PRD-70124,349,47.0,27.0,169000,Tidak,Blok B,premium ,Backorder
PRD-13191,354,39.0,17.0,468000,Tidak,Blok B,Premium,Backorder
PRD-28452,35,7.0,4.0,324000,Tidak,Blok A,Premium,Aman
PRD-88752,192,41.0,2.0,380000,Tidak,Blok C,premium ,Menipis
PRD-92966,140,25.0,25.0,244000,Tidak,Blok A,Reguler,Backorder
PRD-24481,474,15.0,17.0,261000,Tidak,Blok B,REGULER,Aman
PRD-28047,2,30.0,10.0,20000,Ya,Blok A,premium ,Backorder
PRD-61024,419,20.0,27.0,171000,Tidak,Blok B,Premium,Backorder
PRD-72077,52,10.0,24.0,231000,Tidak,Blok B, reguler ,Aman
PRD-23668,375,3.0,13.0,289000,Ya,Blok B,premium ,Aman
PRD-86153,133,,21.0,284000,Tidak,Blok B, reguler ,Aman
PRD-56732,336,43.0,999.0,70000,Tidak,Blok C, reguler ,Aman
PRD-83438,143,38.0,11.0,326000,Tidak,Blok B, reguler ,Menipis
PRD-44765,96,10.0,28.0,158000,Tidak,Blok C,Reguler,Menipis
PRD-22043,50,7.0,17.0,39000,Tidak,Blok C,premium ,Menipis
PRD-12670,276,41.0,20.0,430000,Tidak,Blok C,Reguler,Backorder
PRD-86794,470,12.0,17.0,105000,Tidak,Blok B,Reguler,Aman
PRD-69072,200,39.0,17.0,179000,Ya,Blok C,Reguler,Backorder
PRD-82666,15,7.0,20.0,57000,Tidak,Blok C,premium ,Backorder
PRD-53169,203,36.0,10.0,492000,Tidak,Blok C,REGULER,Backorder
PRD-99156,260,39.0,4.0,147000,Tidak,Blok A, reguler ,Backorder
PRD-82012,11,15.0,29.0,303000,Ya,Blok B,REGULER,Backorder
PRD-76483,486,47.0,4.0,389000,Ya,Blok A,Reguler,Aman
PRD-76266,48,33.0,28.0,407000,Tidak,Blok A,Reguler,Backorder
PRD-36707,334,12.0,21.0,90000,Tidak,Blok A, reguler ,Aman
PRD-57574,206,37.0,24.0,472000,Tidak,Blok C,Reguler,Backorder
PRD-51568,155,30.0,5.0,67000,Tidak,Blok C,Premium,Backorder
PRD-43902,275,20.0,28.0,409000,Tidak,Blok A, reguler ,Backorder
PRD-37621,376,31.0,3.0,224000,Ya,Blok A,premium ,Menipis
PRD-63707,340,10.0,3.0,123000,Tidak,Blok A,premium ,Aman
PRD-47170,74,21.0,17.0,217000,Tidak,Blok C,REGULER,Backorder
PRD-46833,467,10.0,18.0,135000,Tidak,Blok B,REGULER,Aman
PRD-19491,464,43.0,29.0,328000,Tidak,Blok C,premium ,Menipis
PRD-84842,404,1.0,26.0,277000,Ya,Blok C,Reguler,Aman
PRD-87866,46,43.0,25.0,159000,Tidak,Blok C,premium ,Menipis
PRD-64028,171,1.0,23.0,105000,Tidak,Blok B, reguler ,Aman
PRD-54912,82,20.0,21.0,235000,Ya,Blok A,REGULER,Backorder
PRD-68841,322,7.0,4.0,129000,Tidak,Blok A,Reguler,Aman
PRD-55026,56,21.0,13.0,322000,Tidak,Blok C,Reguler,Menipis
PRD-39764,99,16.0,12.0,10000,Ya,Blok A,Reguler,Backorder
PRD-47941,55,4.0,20.0,432000,Tidak,Blok A,premium ,Backorder
PRD-29880,102,15.0,9.0,18000,Tidak,Blok C,REGULER,Menipis
PRD-78578,229,43.0,19.0,391000,Tidak,Blok B, reguler ,Backorder
PRD-66221,231,45.0,,44000,Ya,Blok B,Premium,Backorder
PRD-99779,46,7.0,14.0,427000,Ya,Blok B,Premium,Aman
PRD-96936,307,16.0,29.0,301000,Tidak,Blok A, reguler ,Backorder
PRD-96698,9,33.0,19.0,73000,Ya,Blok A,Reguler,Backorder
PRD-33554,92,15.0,999.0,192000,Ya,Blok A, reguler ,Backorder
PRD-99563,159,47.0,23.0,214000,Tidak,Blok A,REGULER,Backorder
PRD-41923,376,45.0,5.0,223000,Tidak,Blok B,premium ,Aman
PRD-44640,45,23.0,27.0,77000,Tidak,Blok C,Reguler,Backorder
PRD-35006,162,22.0,24.0,141000,Tidak,Blok A,Premium,Backorder
PRD-81537,191,23.0,9.0,499000,Tidak,Blok B, reguler ,Backorder
PRD-20940,390,22.0,20.0,156000,Tidak,Blok A,premium ,Backorder
PRD-90908,398,24.0,17.0,319000,Tidak,Blok B,Premium,Backorder
PRD-78049,52,12.0,26.0,288000,Tidak,Blok A,REGULER,Menipis
PRD-24325,399,35.0,13.0,415000,Tidak,Blok C,Reguler,Menipis
PRD-83690,431,29.0,17.0,89000,Ya,Blok B,REGULER,Menipis
PRD-92809,38,16.0,26.0,368000,Tidak,Blok C,premium ,Backorder
PRD-72796,115,7.0,7.0,58000,Tidak,Blok A,premium ,Aman
PRD-13828,408,47.0,15.0,39000,Ya,Blok C,Reguler,Menipis
PRD-18640,361,37.0,21.0,468000,Tidak,Blok B,Reguler,Backorder
PRD-98743,388,29.0,19.0,484000,Ya,Blok C,Reguler,Menipis
PRD-27194,143,35.0,11.0,171000,Tidak,Blok B, reguler ,Aman
PRD-31153,284,24.0,20.0,39000,Ya,Blok A,REGULER,Backorder
PRD-94787,131,30.0,10.0,242000,Tidak,Blok C,Reguler,Backorder
PRD-54783,458,18.0,11.0,31000,Tidak,Blok C, reguler ,Aman
PRD-90280,471,13.0,16.0,100000,Tidak,Blok C,Reguler,Aman
PRD-52438,214,38.0,28.0,443000,Tidak,Blok B,premium ,Backorder
PRD-60617,165,19.0,20.0,487000,Ya,Blok B, reguler ,Aman
PRD-61331,153,28.0,26.0,331000,Ya,Blok A,Reguler,Menipis
PRD-90719,167,13.0,17.0,218000,Ya,Blok A,Reguler,Backorder
PRD-85976,495,3.0,25.0,325000,Ya,Blok B,premium ,Menipis
PRD-68557,230,1.0,8.0,423000,Tidak,Blok C,premium ,Aman
PRD-54547,450,48.0,25.0,299000,Tidak,Blok C,premium ,Backorder
PRD-45361,396,22.0,3.0,235000,Tidak,Blok A,premium ,Aman
PRD-68596,315,15.0,28.0,124000,Tidak,Blok C,Premium,Menipis
PRD-28302,443,45.0,26.0,73000,Tidak,Blok B,Premium,Backorder
PRD-58926,69,18.0,19.0,143000,Tidak,Blok C,premium ,Menipis
PRD-53769,457,22.0,15.0,174000,Tidak,Blok A,Premium,Menipis
PRD-99387,267,14.0,25.0,183000,Tidak,Blok A,Reguler,Backorder
PRD-29963,72,29.0,11.0,435000,Tidak,Blok B,Reguler,Backorder
PRD-47080,257,16.0,29.0,494000,Tidak,Blok C, reguler ,Aman
PRD-75725,372,21.0,8.0,18000,Tidak,Blok A,Premium,Aman
PRD-55349,323,,21.0,275000,Tidak,Blok A,Premium,Backorder
PRD-34624,144,16.0,23.0,409000,Tidak,Blok C,premium ,Backorder
PRD-71373,72,48.0,13.0,181000,Tidak,Blok C,REGULER,Menipis
PRD-93168,466,14.0,27.0,334000,Tidak,Blok A,Premium,Aman
PRD-12079,307,28.0,5.0,306000,Tidak,Blok A,Reguler,Menipis
PRD-79835,115,22.0,21.0,450000,Ya,Blok A,Reguler,Backorder
PRD-85133,119,,18.0,392000,Ya,Blok B, reguler ,Menipis
PRD-88603,213,16.0,8.0,74000,Tidak,Blok C,premium ,Aman
PRD-98887,215,46.0,22.0,281000,Tidak,Blok B,premium ,Backorder
PRD-19340,16,35.0,26.0,54000,Ya,Blok C,Premium,Aman
PRD-69199,82,1.0,27.0,105000,Ya,Blok A, reguler ,Aman
PRD-89803,49,35.0,23.0,284000,Ya,Blok C,premium ,Backorder
PRD-54252,170,4.0,15.0,366000,Tidak,Blok A,REGULER,Aman
PRD-60241,350,46.0,29.0,45000,Tidak,Blok A,Premium,Backorder
PRD-61618,360,48.0,16.0,284000,Tidak,Blok A,Reguler,Backorder
PRD-28812,364,41.0,13.0,284000,Tidak,Blok A,REGULER,Backorder
PRD-12352,187,16.0,20.0,425000,Ya,Blok B,Reguler,Backorder
PRD-76617,442,36.0,20.0,52000,Tidak,Blok B,REGULER,Backorder
PRD-30323,218,12.0,,198000,Tidak,Blok C,Reguler,Aman
PRD-90354,151,43.0,25.0,87000,Tidak,Blok C, reguler ,Backorder
PRD-16305,30,6.0,25.0,376000,Tidak,Blok C,REGULER,Backorder
PRD-11893,90,34.0,3.0,264000,Ya,Blok C,REGULER,Menipis
PRD-26544,134,20.0,24.0,300000,Ya,Blok B,Reguler,Backorder
PRD-97793,232,39.0,26.0,264000,Ya,Blok C,Premium,Backorder
PRD-52207,161,42.0,16.0,495000,Tidak,Blok A,Premium,Menipis
PRD-83666,192,15.0,5.0,309000,Tidak,Blok B,Reguler,Backorder
PRD-26322,76,35.0,4.0,187000,Tidak,Blok A,REGULER,Backorder
PRD-45321,91,31.0,24.0,63000,Tidak,Blok B,Reguler,Backorder
PRD-36536,64,31.0,24.0,355000,Ya,Blok B,REGULER,Backorder
PRD-95311,63,36.0,21.0,208000,Tidak,Blok C, reguler ,Aman
PRD-56211,26,31.0,12.0,233000,Tidak,Blok C,Premium,Menipis
PRD-97937,160,20.0,10.0,28000,Ya,Blok A, reguler ,Menipis
PRD-77061,216,36.0,15.0,140000,Tidak,Blok C,REGULER,Menipis
PRD-35523,374,33.0,20.0,119000,Tidak,Blok A,premium ,Menipis
PRD-31384,133,10.0,16.0,375000,Ya,Blok C,Reguler,Backorder
PRD-20449,474,27.0,22.0,131000,Tidak,Blok B,Premium,Menipis
PRD-64756,481,43.0,6.0,248000,Tidak,Blok A,premium ,Aman
PRD-27429,359,40.0,25.0,403000,Tidak,Blok A,Reguler,Backorder
PRD-66573,346,31.0,9.0,246000,Tidak,Blok A, reguler ,Menipis
PRD-28646,390,31.0,3.0,67000,Ya,Blok B, reguler ,Menipis
PRD-55445,388,2.0,16.0,55000,Tidak,Blok A, reguler ,Aman
PRD-57857,496,49.0,19.0,489000,Tidak,Blok C, reguler ,Backorder
PRD-15469,24,,13.0,235000,Tidak,Blok C,premium ,Backorder
PRD-19540,319,16.0,22.0,17000,Ya,Blok A,Premium,Backorder
PRD-63072,454,17.0,22.0,449000,Tidak,Blok C,premium ,Menipis
PRD-70100,255,46.0,,377000,Ya,Blok B,Premium,Menipis
PRD-35464,129,12.0,18.0,476000,Tidak,Blok A, reguler ,Backorder
PRD-21017,375,36.0,16.0,56000,Tidak,Blok C,REGULER,Backorder
PRD-29333,175,5.0,24.0,115000,Tidak,Blok C, reguler ,Aman
PRD-76677,108,2.0,28.0,40000,Ya,Blok A,premium ,Aman
PRD-14023,122,6.0,27.0,366000,Tidak,Blok C,Premium,Aman
PRD-34600,457,33.0,12.0,466000,Tidak,Blok A,premium ,Menipis
PRD-92848,226,34.0,18.0,262000,Tidak,Blok C,premium ,Backorder
PRD-76093,263,25.0,11.0,403000,Tidak,Blok B,premium ,Backorder
PRD-23444,52,47.0,24.0,385000,Ya,Blok C,Reguler,Backorder
PRD-14311,311,21.0,6.0,419000,Tidak,Blok B,premium ,Aman
PRD-58689,350,40.0,22.0,64000,Ya,Blok C,premium ,Aman
PRD-54528,39,25.0,3.0,179000,Tidak,Blok B,premium ,Aman
PRD-43525,114,35.0,25.0,100000,Tidak,Blok A, reguler ,Backorder
PRD-17498,130,26.0,20.0,402000,Tidak,Blok C, reguler ,Menipis
PRD-40666,458,23.0,15.0,36000,Tidak,Blok C,Premium,Backorder
PRD-26650,310,48.0,27.0,434000,Ya,Blok A,REGULER,Backorder
PRD-76299,375,13.0,16.0,20000,Tidak,Blok B, reguler ,Aman
PRD-75464,142,11.0,14.0,466000,Tidak,Blok B,Premium,Menipis
PRD-46945,42,49.0,6.0,300000,Ya,Blok A,Premium,Backorder
PRD-14096,442,,26.0,349000,Tidak,Blok B,REGULER,Backorder
PRD-79306,255,,25.0,308000,Tidak,Blok B,REGULER,Backorder
PRD-71161,426,27.0,6.0,314000,Tidak,Blok A, reguler ,Aman
PRD-90052,294,,7.0,257000,Tidak,Blok C, reguler ,Aman
PRD-66635,376,41.0,25.0,39000,Tidak,Blok A, reguler ,Aman
PRD-38225,481,37.0,23.0,192000,Tidak,Blok A,premium ,Backorder
PRD-54638,8,48.0,14.0,276000,Tidak,Blok B,Premium,Backorder
PRD-35227,338,13.0,8.0,428000,Tidak,Blok C,premium ,Aman
PRD-30711,279,11.0,15.0,278000,Ya,Blok C,Reguler,Aman
PRD-51708,224,35.0,7.0,331000,Tidak,Blok B,Reguler,Menipis
PRD-47860,49,33.0,16.0,89000,Ya,Blok B, reguler ,Backorder
PRD-21411,253,11.0,25.0,445000,Tidak,Blok A,REGULER,Backorder
PRD-83058,328,8.0,3.0,297000,Tidak,Blok A,Reguler,Aman
PRD-33482,107,44.0,28.0,24000,Tidak,Blok C,REGULER,Menipis
PRD-36423,125,19.0,28.0,364000,Tidak,Blok B,REGULER,Backorder
PRD-35474,355,14.0,4.0,340000,Ya,Blok C, reguler ,Aman
PRD-42577,365,2.0,6.0,360000,Tidak,Blok A,Reguler,Aman
PRD-94995,164,,23.0,241000,Tidak,Blok C,Premium,Backorder
PRD-83523,37,33.0,10.0,53000,Ya,Blok C,REGULER,Menipis
PRD-12869,195,12.0,,45000,Tidak,Blok A, reguler ,Aman
PRD-56501,441,17.0,16.0,80000,Tidak,Blok C,premium ,Menipis
PRD-32763,82,13.0,6.0,55000,Tidak,Blok C,Reguler,Backorder
PRD-76399,401,13.0,8.0,436000,Tidak,Blok A,premium ,Aman
PRD-61955,273,36.0,20.0,113000,Tidak,Blok B,Premium,Backorder
PRD-96569,239,46.0,29.0,403000,Tidak,Blok C, reguler ,Backorder
PRD-77675,57,37.0,22.0,97000,Tidak,Blok B, reguler ,Backorder
PRD-43085,16,7.0,10.0,188000,Ya,Blok B,Premium,Menipis
PRD-28323,428,7.0,10.0,473000,Tidak,Blok B, reguler ,Aman
PRD-15750,198,16.0,11.0,173000,Ya,Blok C,Premium,Backorder
PRD-88653,372,15.0,25.0,468000,Tidak,Blok A,premium ,Menipis
PRD-63609,30,46.0,6.0,63000,Tidak,Blok A,Premium,Backorder
PRD-97266,253,25.0,11.0,84000,Tidak,Blok A,Reguler,Menipis
PRD-97731,469,33.0,19.0,282000,Tidak,Blok A, reguler ,Menipis
PRD-10565,250,13.0,7.0,416000,Ya,Blok B,REGULER,Aman
PRD-26032,185,45.0,24.0,397000,Tidak,Blok B,Reguler,Menipis
PRD-56151,37,29.0,23.0,15000,Tidak,Blok A,Reguler,Backorder
PRD-48244,21,9.0,5.0,79000,Ya,Blok C,premium ,Menipis
PRD-53395,308,13.0,23.0,289000,Tidak,Blok A,REGULER,Backorder
PRD-26288,186,31.0,25.0,396000,Tidak,Blok C,Premium,Backorder
PRD-94846,31,23.0,,394000,Tidak,Blok B,Premium,Backorder
PRD-86675,169,31.0,6.0,56000,Tidak,Blok A,Premium,Backorder
PRD-26023,9,20.0,12.0,353000,Tidak,Blok C,REGULER,Menipis
PRD-97317,446,,13.0,375000,Tidak,Blok C, reguler ,Aman
PRD-22818,72,6.0,19.0,254000,Tidak,Blok C, reguler ,Backorder
PRD-65390,298,20.0,26.0,123000,Ya,Blok B,premium ,Backorder
PRD-85282,217,45.0,3.0,77000,Tidak,Blok A,Reguler,Menipis
PRD-54293,409,23.0,9.0,153000,Tidak,Blok A,REGULER,Aman
PRD-60940,398,11.0,26.0,64000,Ya,Blok A,REGULER,Aman
PRD-46509,339,27.0,10.0,171000,Ya,Blok C, reguler ,Aman
PRD-60626,256,,13.0,124000,Tidak,Blok B,REGULER,Backorder
PRD-96682,461,48.0,8.0,381000,Ya,Blok C,Premium,Backorder
PRD-38899,8,39.0,23.0,116000,Tidak,Blok A,REGULER,Backorder
PRD-78116,285,,5.0,238000,Ya,Blok B,Reguler,Backorder
PRD-20386,16,42.0,,428000,Ya,Blok A,Premium,Backorder
PRD-52344,16,20.0,12.0,97000,Tidak,Blok B,premium ,Backorder
PRD-54139,231,30.0,3.0,399000,Tidak,Blok C,Reguler,Menipis
PRD-36289,385,41.0,7.0,11000,Tidak,Blok A,REGULER,Aman
PRD-45060,398,38.0,9.0,43000,Tidak,Blok A,REGULER,Aman
PRD-36431,165,18.0,8.0,377000,Ya,Blok B,Reguler,Aman
PRD-99131,64,49.0,20.0,366000,Tidak,Blok A,REGULER,Backorder
PRD-41881,214,23.0,13.0,205000,Tidak,Blok B,premium ,Backorder
PRD-20785,350,28.0,18.0,21000,Tidak,Blok C, reguler ,Backorder
PRD-68335,51,13.0,22.0,498000,Tidak,Blok C,Reguler,Backorder
PRD-69207,235,41.0,13.0,394000,Ya,Blok B,Reguler,Menipis
PRD-48106,32,3.0,22.0,192000,Ya,Blok A,REGULER,Backorder
PRD-15972,233,37.0,6.0,185000,Tidak,Blok C,premium ,Menipis
PRD-40565,219,11.0,27.0,404000,Tidak,Blok C,premium ,Backorder
PRD-56976,348,23.0,18.0,405000,Ya,Blok B,Reguler,Menipis
PRD-10728,233,12.0,17.0,472000,Tidak,Blok C,REGULER,Aman
PRD-52913,247,47.0,10.0,235000,Tidak,Blok B, reguler ,Backorder
PRD-83339,230,32.0,16.0,127000,Ya,Blok C,premium ,Backorder
PRD-36292,445,29.0,28.0,280000,Tidak,Blok B,premium ,Backorder
PRD-81468,245,45.0,26.0,213000,Tidak,Blok A,premium ,Backorder
PRD-67732,422,23.0,8.0,233000,Tidak,Blok C,REGULER,Aman
PRD-77546,254,19.0,15.0,411000,Tidak,Blok C,Reguler,Backorder
PRD-52192,440,41.0,8.0,434000,Tidak,Blok A,Premium,Menipis
PRD-45531,445,28.0,20.0,34000,Tidak,Blok A,premium ,Backorder
PRD-42813,227,35.0,11.0,479000,Tidak,Blok C,Premium,Menipis
PRD-85745,45,19.0,6.0,155000,Tidak,Blok A,Premium,Backorder
PRD-11515,213,,3.0,356000,Ya,Blok B, reguler ,Aman
PRD-43142,29,26.0,27.0,289000,Tidak,Blok B,Reguler,Backorder
PRD-35186,278,38.0,6.0,161000,Tidak,Blok A,premium ,Menipis
PRD-14695,91,17.0,4.0,241000,Ya,Blok C,Premium,Menipis
PRD-30527,89,20.0,19.0,131000,Tidak,Blok A,Reguler,Backorder
PRD-20729,147,11.0,12.0,120000,Tidak,Blok B, reguler ,Backorder
PRD-25748,466,47.0,29.0,110000,Tidak,Blok C,REGULER,Backorder
PRD-76025,84,,2.0,117000,Tidak,Blok B,Reguler,Aman
PRD-24126,31,28.0,11.0,245000,Tidak,Blok A,premium ,Backorder
PRD-74796,370,27.0,19.0,239000,Tidak,Blok C,Premium,Backorder
PRD-19275,345,35.0,27.0,180000,Tidak,Blok B, reguler ,Backorder
PRD-22100,222,5.0,27.0,398000,Ya,Blok C,REGULER,Menipis
PRD-36943,130,,5.0,176000,Ya,Blok A,premium ,Aman
PRD-38328,219,42.0,10.0,493000,Ya,Blok A,REGULER,Backorder
PRD-71768,29,20.0,27.0,47000,Tidak,Blok B, reguler ,Backorder
PRD-30169,410,22.0,27.0,394000,Ya,Blok A,premium ,Backorder
PRD-20367,87,,24.0,223000,Tidak,Blok B,Premium,Menipis
PRD-77421,434,17.0,7.0,57000,Tidak,Blok C,premium ,Aman
PRD-92534,33,27.0,21.0,446000,Ya,Blok A,Reguler,Backorder
PRD-35563,446,31.0,26.0,22000,Tidak,Blok C,premium ,Menipis
PRD-53484,51,44.0,8.0,489000,Tidak,Blok C, reguler ,Aman
PRD-47134,452,28.0,28.0,447000,Tidak,Blok A,Premium,Backorder
PRD-68773,187,31.0,10.0,320000,Ya,Blok A,premium ,Backorder
PRD-75310,365,16.0,26.0,364000,Tidak,Blok A,premium ,Backorder
PRD-77136,79,39.0,999.0,139000,Tidak,Blok A,REGULER,Backorder
PRD-80198,234,22.0,5.0,188000,Tidak,Blok B,Premium,Aman
PRD-22569,81,25.0,3.0,201000,Tidak,Blok A, reguler ,Backorder
PRD-21025,441,28.0,28.0,394000,Ya,Blok A, reguler ,Backorder
PRD-34070,7,3.0,4.0,378000,Tidak,Blok C,Premium,Backorder
PRD-93255,48,45.0,22.0,461000,Tidak,Blok B,REGULER,Menipis
PRD-37586,242,20.0,6.0,339000,Ya,Blok A,REGULER,Aman
PRD-41075,66,42.0,13.0,127000,Tidak,Blok C,premium ,Backorder
PRD-37818,322,,29.0,477000,Ya,Blok A,REGULER,Backorder
PRD-39511,300,40.0,21.0,178000,Ya,Blok A,premium ,Menipis
PRD-82267,422,3.0,7.0,496000,Ya,Blok B,Reguler,Aman
PRD-34722,399,48.0,25.0,272000,Ya,Blok A,Premium,Backorder
PRD-60818,190,23.0,13.0,451000,Tidak,Blok C,Reguler,Menipis
PRD-55802,238,12.0,3.0,388000,Ya,Blok C,Premium,Aman
PRD-41085,478,41.0,9.0,91000,Ya,Blok B, reguler ,Aman
PRD-93509,26,28.0,10.0,91000,Tidak,Blok C,REGULER,Backorder
PRD-54254,332,43.0,22.0,324000,Tidak,Blok A,Reguler,Backorder
PRD-74789,316,26.0,2.0,239000,Tidak,Blok C,Reguler,Aman
PRD-10555,438,16.0,9.0,469000,Tidak,Blok C, reguler ,Aman
PRD-70372,234,14.0,25.0,274000,Tidak,Blok A,premium ,Aman
PRD-20057,364,38.0,6.0,278000,Tidak,Blok C,Reguler,Aman
PRD-87928,357,43.0,5.0,199000,Tidak,Blok C,REGULER,Menipis
PRD-96654,379,44.0,10.0,494000,Tidak,Blok B,REGULER,Aman
PRD-43826,230,22.0,,241000,Ya,Blok C,Reguler,Menipis
PRD-31058,57,43.0,17.0,236000,Ya,Blok C, reguler ,Backorder
PRD-84027,256,18.0,13.0,71000,Tidak,Blok A,Premium,Menipis
PRD-64624,277,39.0,19.0,386000,Tidak,Blok A,REGULER,Backorder
PRD-68502,405,40.0,8.0,254000,Tidak,Blok A,premium ,Aman
PRD-26924,463,36.0,16.0,151000,Tidak,Blok C,Reguler,Menipis
PRD-14331,135,22.0,11.0,149000,Tidak,Blok B,REGULER,Backorder
PRD-17370,452,48.0,18.0,415000,Tidak,Blok A,REGULER,Menipis
PRD-83290,145,,6.0,317000,Ya,Blok B,Reguler,Backorder
PRD-34687,456,35.0,8.0,312000,Tidak,Blok B,REGULER,Backorder
PRD-56660,39,12.0,4.0,66000,Tidak,Blok B,REGULER,Backorder
PRD-82394,185,7.0,8.0,385000,Tidak,Blok A,Reguler,Aman
PRD-15596,289,44.0,28.0,322000,Tidak,Blok A,Reguler,Backorder
PRD-96551,185,9.0,3.0,260000,Tidak,Blok B,REGULER,Aman
PRD-14992,358,5.0,4.0,101000,Ya,Blok B,Reguler,Aman
PRD-70167,488,14.0,29.0,148000,Tidak,Blok A,Reguler,Aman
PRD-84691,311,1.0,23.0,109000,Tidak,Blok B,Reguler,Aman
PRD-98583,34,25.0,16.0,194000,Tidak,Blok C,Reguler,Backorder
PRD-72894,380,42.0,3.0,260000,Ya,Blok A, reguler ,Aman
PRD-82779,173,18.0,22.0,107000,Tidak,Blok A,Premium,Backorder
PRD-29641,47,7.0,8.0,343000,Tidak,Blok B,Premium,Aman
PRD-35625,7,,20.0,59000,Tidak,Blok B, reguler ,Menipis
PRD-72451,393,,5.0,400000,Tidak,Blok A,Reguler,Aman
PRD-91258,181,44.0,17.0,329000,Tidak,Blok A,Reguler,Backorder
PRD-41105,377,43.0,18.0,138000,Tidak,Blok C,premium ,Backorder
PRD-84408,141,38.0,9.0,330000,Ya,Blok B,Reguler,Backorder
PRD-15993,188,32.0,26.0,366000,Tidak,Blok B,Premium,Backorder
PRD-69042,474,11.0,21.0,249000,Tidak,Blok B,Reguler,Aman
PRD-11379,222,14.0,7.0,26000,Tidak,Blok C,premium ,Aman
PRD-64340,333,9.0,4.0,216000,Tidak,Blok B,REGULER,Aman
PRD-94878,331,11.0,9.0,191000,Ya,Blok A,REGULER,Aman
PRD-14379,317,6.0,19.0,30000,Ya,Blok A,Reguler,Aman
PRD-42624,79,20.0,999.0,328000,Tidak,Blok C,premium ,Backorder
PRD-59410,412,16.0,24.0,146000,Tidak,Blok A, reguler ,Backorder
PRD-24263,374,10.0,20.0,19000,Tidak,Blok B,Reguler,Aman
PRD-11324,193,21.0,13.0,356000,Tidak,Blok A, reguler ,Menipis
PRD-22867,356,13.0,28.0,424000,Tidak,Blok A,REGULER,Aman
PRD-78122,173,34.0,14.0,434000,Tidak,Blok A,REGULER,Menipis
PRD-62349,222,24.0,25.0,203000,Tidak,Blok C,Reguler,Backorder
PRD-98223,263,25.0,21.0,474000,Tidak,Blok A,Premium,Backorder
PRD-21434,260,36.0,28.0,259000,Tidak,Blok B,premium ,Backorder
PRD-90205,245,26.0,7.0,243000,Tidak,Blok A,premium ,Aman
PRD-43617,200,11.0,13.0,305000,Tidak,Blok C, reguler ,Menipis
PRD-64766,450,2.0,999.0,351000,Tidak,Blok B,premium ,Aman
PRD-95283,438,15.0,16.0,289000,Tidak,Blok A,Premium,Aman
PRD-23908,389,32.0,14.0,52000,Tidak,Blok C,Premium,Menipis
PRD-56762,437,26.0,24.0,195000,Tidak,Blok C,Reguler,Backorder
PRD-27438,359,46.0,22.0,267000,Tidak,Blok B,Reguler,Backorder
PRD-34918,498,23.0,21.0,133000,Tidak,Blok C,Reguler,Backorder
PRD-84055,33,14.0,,81000,Tidak,Blok A,premium ,Menipis
PRD-72904,89,24.0,28.0,326000,Tidak,Blok B,premium ,Backorder
PRD-31520,418,45.0,17.0,426000,Tidak,Blok B,REGULER,Menipis
PRD-86917,214,48.0,14.0,79000,Tidak,Blok A, reguler ,Backorder
PRD-88636,231,1.0,7.0,342000,Tidak,Blok A,Premium,Aman
PRD-11359,201,24.0,16.0,358000,Tidak,Blok C,Reguler,Backorder
PRD-36478,206,26.0,8.0,54000,Tidak,Blok B,Reguler,Backorder
PRD-42745,474,13.0,17.0,373000,Tidak,Blok A,Reguler,Aman
PRD-40009,365,13.0,9.0,195000,Tidak,Blok A, reguler ,Aman
PRD-41159,251,27.0,999.0,304000,Tidak,Blok B,premium ,Backorder
PRD-13454,28,1.0,11.0,78000,Ya,Blok C, reguler ,Aman
PRD-80729,371,40.0,8.0,135000,Ya,Blok A,Reguler,Aman
PRD-21240,427,,5.0,310000,Tidak,Blok A, reguler ,Aman
PRD-20196,227,37.0,18.0,283000,Tidak,Blok C,Reguler,Backorder
PRD-79092,306,30.0,,111000,Tidak,Blok A,Reguler,Backorder
PRD-89569,326,44.0,999.0,156000,Tidak,Blok C,Premium,Backorder
PRD-81260,236,,29.0,113000,Ya,Blok B, reguler ,Backorder
PRD-44840,179,30.0,25.0,131000,Ya,Blok A,premium ,Backorder
PRD-79072,301,31.0,22.0,256000,Tidak,Blok C,REGULER,Backorder
PRD-67851,376,41.0,,125000,Tidak,Blok B, reguler ,Menipis
PRD-97958,207,44.0,23.0,308000,Tidak,Blok C,premium ,Menipis
PRD-14532,179,29.0,26.0,372000,Tidak,Blok B,premium ,Backorder
PRD-33711,330,13.0,12.0,469000,Tidak,Blok B,Reguler,Aman
PRD-20800,165,30.0,6.0,275000,Tidak,Blok B,REGULER,Backorder
PRD-57046,289,18.0,19.0,202000,Tidak,Blok C,Reguler,Menipis
PRD-97173,191,13.0,9.0,85000,Tidak,Blok C,Reguler,Aman
PRD-75780,308,30.0,12.0,91000,Ya,Blok A,Premium,Backorder
PRD-55913,233,38.0,23.0,183000,Tidak,Blok B, reguler ,Backorder
PRD-94269,190,32.0,16.0,338000,Ya,Blok A,premium ,Backorder
PRD-68954,66,27.0,24.0,155000,Ya,Blok C,premium ,Backorder
PRD-16412,458,17.0,20.0,322000,Tidak,Blok C,premium ,Aman
PRD-29583,8,32.0,21.0,430000,Tidak,Blok A,Reguler,Backorder
PRD-20846,332,4.0,10.0,391000,Tidak,Blok B, reguler ,Aman
PRD-95489,441,44.0,21.0,301000,Tidak,Blok B,Reguler,Backorder
PRD-74028,449,8.0,16.0,467000,Tidak,Blok C,Premium,Aman
PRD-48968,40,47.0,15.0,295000,Ya,Blok A,Reguler,Backorder
PRD-13596,126,11.0,19.0,109000,Tidak,Blok B,REGULER,Backorder
PRD-28562,43,48.0,28.0,498000,Tidak,Blok B,premium ,Menipis
PRD-74772,332,11.0,16.0,316000,Tidak,Blok B, reguler ,Aman
PRD-63218,98,34.0,22.0,489000,Tidak,Blok B,Premium,Backorder
PRD-92909,350,29.0,25.0,100000,Tidak,Blok A,REGULER,Backorder
PRD-88678,278,10.0,19.0,313000,Tidak,Blok C,REGULER,Aman
PRD-99882,220,17.0,13.0,414000,Tidak,Blok A,Reguler,Menipis
PRD-31113,238,15.0,4.0,12000,Tidak,Blok B,REGULER,Aman
PRD-21064,253,37.0,21.0,410000,Tidak,Blok C,REGULER,Menipis
PRD-16655,31,26.0,,154000,Tidak,Blok C,Premium,Backorder
PRD-34087,35,26.0,12.0,334000,Tidak,Blok A,Premium,Backorder
PRD-81707,28,1.0,21.0,239000,Ya,Blok C, reguler ,Backorder
PRD-80031,449,34.0,17.0,319000,Tidak,Blok C,Premium,Menipis
PRD-21173,35,9.0,13.0,396000,Tidak,Blok A,REGULER,Menipis
PRD-97498,257,29.0,4.0,363000,Ya,Blok C,Premium,Menipis
PRD-79166,450,49.0,8.0,462000,Tidak,Blok C,Premium,Backorder
PRD-94766,88,37.0,19.0,197000,Ya,Blok B, reguler ,Backorder
PRD-89553,264,2.0,13.0,291000,Ya,Blok A,REGULER,Aman
PRD-19196,12,31.0,13.0,142000,Tidak,Blok A,REGULER,Backorder
PRD-72040,13,24.0,,363000,Tidak,Blok B,premium ,Backorder
PRD-39711,252,48.0,27.0,61000,Tidak,Blok C,premium ,Backorder
PRD-38114,21,6.0,6.0,121000,Tidak,Blok B, reguler ,Aman
PRD-42921,148,34.0,10.0,463000,Ya,Blok B,premium ,Backorder
PRD-74754,498,30.0,8.0,114000,Tidak,Blok B,REGULER,Aman
PRD-67439,336,32.0,28.0,127000,Tidak,Blok B,REGULER,Backorder
PRD-85351,498,27.0,3.0,68000,Tidak,Blok B,premium ,Aman
PRD-36183,76,10.0,29.0,414000,Tidak,Blok B,Premium,Menipis
PRD-76433,392,16.0,3.0,112000,Ya,Blok A,premium ,Aman
PRD-88038,177,7.0,11.0,304000,Ya,Blok B, reguler ,Aman
PRD-82233,127,44.0,5.0,424000,Tidak,Blok B,Reguler,Aman
PRD-35168,96,46.0,27.0,58000,Tidak,Blok A,REGULER,Backorder
PRD-46163,238,38.0,17.0,383000,Tidak,Blok C,Reguler,Backorder
PRD-85932,238,21.0,18.0,219000,Ya,Blok A, reguler ,Menipis
PRD-88348,362,41.0,20.0,267000,Tidak,Blok A,Premium,Backorder
PRD-31447,333,18.0,,291000,Tidak,Blok B, reguler ,Menipis
PRD-21350,140,23.0,9.0,152000,Ya,Blok B,REGULER,Aman
PRD-79252,327,16.0,,385000,Ya,Blok C,Reguler,Aman
PRD-25994,250,40.0,5.0,356000,Tidak,Blok C,Premium,Aman
PRD-59683,58,28.0,23.0,47000,Ya,Blok B, reguler ,Backorder
PRD-15939,342,31.0,11.0,139000,Tidak,Blok B,Reguler,Aman
PRD-83551,49,16.0,8.0,294000,Tidak,Blok A,REGULER,Backorder
PRD-87085,29,44.0,13.0,376000,Tidak,Blok B, reguler ,Backorder
PRD-38251,67,49.0,,488000,Ya,Blok C,Premium,Backorder
PRD-91570,2,22.0,20.0,468000,Ya,Blok A,Premium,Menipis
PRD-57365,439,42.0,19.0,483000,Ya,Blok C,premium ,Backorder
PRD-26608,298,1.0,21.0,90000,Tidak,Blok C,Premium,Aman
PRD-80077,20,31.0,19.0,42000,Ya,Blok A,premium ,Backorder
PRD-56996,311,,12.0,154000,Tidak,Blok C,REGULER,Backorder
PRD-59395,338,38.0,,335000,Tidak,Blok B,premium ,Menipis
PRD-19823,27,19.0,17.0,134000,Ya,Blok B, reguler ,Backorder
PRD-71610,373,25.0,8.0,65000,Tidak,Blok A,Reguler,Aman
PRD-22306,90,40.0,28.0,110000,Tidak,Blok B,premium ,Backorder
PRD-66354,301,23.0,14.0,403000,Ya,Blok C,REGULER,Backorder
PRD-41346,220,,8.0,452000,Tidak,Blok A, reguler ,Menipis
PRD-66950,87,7.0,22.0,192000,Ya,Blok B,Premium,Menipis
PRD-52043,440,9.0,13.0,263000,Ya,Blok C,premium ,Menipis
PRD-16979,73,47.0,12.0,109000,Ya,Blok B,premium ,Aman
PRD-86421,57,4.0,14.0,442000,Tidak,Blok B,premium ,Menipis
PRD-11919,283,14.0,21.0,304000,Ya,Blok C,Reguler,Backorder
PRD-76745,265,48.0,3.0,402000,Ya,Blok C,Reguler,Aman
PRD-37898,489,,26.0,130000,Tidak,Blok A,premium ,Backorder
PRD-65048,12,,5.0,497000,Tidak,Blok A,REGULER,Backorder
PRD-69940,309,13.0,28.0,291000,Ya,Blok B,premium ,Menipis
PRD-39486,157,44.0,16.0,289000,Tidak,Blok B,premium ,Backorder
PRD-70380,271,11.0,4.0,204000,Tidak,Blok B,Reguler,Aman
PRD-15607,345,24.0,3.0,252000,Tidak,Blok A,REGULER,Menipis
PRD-77936,47,20.0,27.0,196000,Tidak,Blok A,Premium,Backorder
PRD-67442,20,,17.0,492000,Tidak,Blok B, reguler ,Backorder
PRD-66133,219,41.0,10.0,377000,Tidak,Blok C,REGULER,Backorder
PRD-90317,295,34.0,7.0,90000,Tidak,Blok C,premium ,Menipis
PRD-39717,414,11.0,18.0,82000,Ya,Blok C,REGULER,Aman
PRD-85277,401,12.0,21.0,499000,Tidak,Blok C,REGULER,Aman
PRD-43434,102,44.0,25.0,53000,Tidak,Blok A, reguler ,Backorder
PRD-55747,216,13.0,25.0,297000,Tidak,Blok B,premium ,Backorder
PRD-67737,400,34.0,16.0,388000,Tidak,Blok C,premium ,Aman
PRD-40699,29,13.0,5.0,66000,Ya,Blok A,Premium,Backorder
PRD-74541,308,7.0,6.0,141000,Ya,Blok A, reguler ,Menipis
PRD-84442,44,6.0,10.0,25000,Ya,Blok A,Reguler,Backorder
PRD-10846,35,27.0,3.0,130000,Tidak,Blok C,REGULER,Menipis
PRD-71455,11,19.0,22.0,358000,Tidak,Blok C,REGULER,Backorder
PRD-76727,481,,,322000,Ya,Blok B,REGULER,Menipis
PRD-26122,491,32.0,2.0,412000,Tidak,Blok C,premium ,Aman
PRD-91991,37,11.0,14.0,236000,Ya,Blok B,Reguler,Backorder
PRD-16548,3,,15.0,354000,Ya,Blok A, reguler ,Aman
PRD-32301,196,49.0,28.0,340000,Tidak,Blok C,Premium,Backorder
PRD-19969,340,40.0,23.0,88000,Ya,Blok C,Premium,Backorder
PRD-94056,343,9.0,10.0,471000,Ya,Blok B,premium ,Aman
PRD-94388,260,37.0,26.0,224000,Ya,Blok C,REGULER,Menipis
PRD-16955,32,18.0,19.0,339000,Tidak,Blok B, reguler ,Backorder
PRD-76062,453,14.0,7.0,45000,Tidak,Blok A,Premium,Aman
PRD-73321,167,19.0,20.0,483000,Tidak,Blok B, reguler ,Backorder
PRD-99626,446,19.0,13.0,473000,Tidak,Blok A,Reguler,Aman
PRD-60225,83,24.0,999.0,486000,Tidak,Blok A, reguler ,Backorder
PRD-98444,421,31.0,27.0,374000,Tidak,Blok B,Premium,Backorder
PRD-96717,333,21.0,14.0,90000,Tidak,Blok B,premium ,Menipis
PRD-63822,443,44.0,23.0,392000,Ya,Blok C,premium ,Backorder
PRD-80640,146,22.0,7.0,144000,Tidak,Blok A,Premium,Backorder
PRD-32499,461,11.0,13.0,286000,Tidak,Blok B, reguler ,Menipis
PRD-13436,284,49.0,12.0,148000,Ya,Blok A, reguler ,Backorder
PRD-48445,130,15.0,5.0,18000,Tidak,Blok A,Reguler,Aman
PRD-99233,357,5.0,27.0,382000,Tidak,Blok B, reguler ,Menipis
PRD-56716,131,26.0,28.0,151000,Tidak,Blok C,Premium,Backorder
PRD-20635,68,11.0,15.0,339000,Tidak,Blok C,Premium,Menipis
PRD-91196,121,2.0,22.0,401000,Tidak,Blok B, reguler ,Aman
PRD-87779,156,40.0,22.0,492000,Ya,Blok B,REGULER,Menipis
PRD-21390,54,26.0,12.0,371000,Tidak,Blok C,REGULER,Backorder
PRD-49350,195,,6.0,311000,Tidak,Blok C,premium ,Backorder
PRD-52460,419,44.0,28.0,258000,Tidak,Blok C, reguler ,Backorder
PRD-86637,490,15.0,22.0,319000,Ya,Blok C,Reguler,Menipis
PRD-75139,495,4.0,8.0,205000,Tidak,Blok B, reguler ,Aman
PRD-32211,353,35.0,5.0,490000,Tidak,Blok C,REGULER,Aman
PRD-57482,262,42.0,29.0,143000,Tidak,Blok C, reguler ,Backorder
PRD-79715,154,44.0,27.0,195000,Tidak,Blok C,Premium,Backorder
PRD-85602,22,13.0,20.0,100000,Ya,Blok C,REGULER,Backorder
PRD-60494,62,37.0,22.0,437000,Tidak,Blok B, reguler ,Backorder
PRD-78274,70,41.0,29.0,133000,Tidak,Blok C, reguler ,Backorder
PRD-22404,390,8.0,23.0,295000,Ya,Blok B,premium ,Aman
PRD-92143,449,,4.0,371000,Ya,Blok A,Premium,Menipis
PRD-58290,453,18.0,20.0,372000,Tidak,Blok A,Premium,Backorder
PRD-48170,174,27.0,22.0,246000,Tidak,Blok A, reguler ,Backorder
PRD-14321,113,,15.0,474000,Tidak,Blok C,REGULER,Backorder
PRD-36014,83,22.0,25.0,139000,Tidak,Blok C,Premium,Backorder
PRD-16823,29,44.0,17.0,343000,Ya,Blok B,premium ,Backorder
PRD-67089,20,11.0,19.0,469000,Tidak,Blok B,premium ,Backorder
PRD-38884,188,43.0,27.0,498000,Tidak,Blok A,REGULER,Backorder
PRD-78247,144,37.0,7.0,327000,Tidak,Blok C,REGULER,Backorder
PRD-97892,285,39.0,19.0,314000,Ya,Blok B,REGULER,Backorder
PRD-10363,400,27.0,8.0,187000,Tidak,Blok B,REGULER,Aman
PRD-69634,307,33.0,22.0,439000,Tidak,Blok C,premium ,Backorder
PRD-55648,483,7.0,20.0,22000,Tidak,Blok C,premium ,Aman
PRD-71344,473,49.0,13.0,347000,Tidak,Blok A,Reguler,Aman
PRD-40346,497,16.0,13.0,447000,Tidak,Blok B, reguler ,Backorder
PRD-98461,487,27.0,21.0,139000,Ya,Blok B,premium ,Menipis
PRD-43755,237,28.0,15.0,342000,Ya,Blok B,Premium,Backorder
PRD-69896,324,29.0,2.0,144000,Ya,Blok A,REGULER,Aman
PRD-89303,103,44.0,26.0,424000,Tidak,Blok C,premium ,Backorder
PRD-94481,216,29.0,9.0,276000,Tidak,Blok B,REGULER,Menipis
PRD-84632,343,11.0,11.0,313000,Tidak,Blok A, reguler ,Aman
PRD-94728,316,14.0,10.0,375000,Tidak,Blok B,REGULER,Aman
PRD-74303,383,47.0,15.0,29000,Tidak,Blok C,premium ,Backorder
PRD-20686,111,49.0,26.0,375000,Ya,Blok B, reguler ,Backorder
PRD-66733,490,,23.0,317000,Tidak,Blok A, reguler ,Backorder
PRD-64412,426,43.0,29.0,20000,Tidak,Blok C,premium ,Backorder
PRD-18302,189,41.0,13.0,114000,Ya,Blok A,REGULER,Backorder
PRD-54645,235,34.0,29.0,184000,Tidak,Blok C,REGULER,Backorder
PRD-76275,321,10.0,22.0,28000,Ya,Blok C,premium ,Aman
PRD-35958,426,35.0,22.0,212000,Ya,Blok A,Reguler,Backorder
PRD-63947,420,13.0,24.0,27000,Ya,Blok C,Premium,Menipis
PRD-30471,465,14.0,9.0,477000,Tidak,Blok B,premium ,Menipis
PRD-33247,27,28.0,19.0,428000,Tidak,Blok B,premium ,Backorder
PRD-86325,99,45.0,25.0,401000,Tidak,Blok C,Premium,Backorder
PRD-28745,314,34.0,10.0,375000,Tidak,Blok B,premium ,Menipis
PRD-79327,190,34.0,,83000,Tidak,Blok B,Premium,Backorder
PRD-55968,5,18.0,22.0,38000,Tidak,Blok C,REGULER,Backorder
PRD-75472,204,21.0,29.0,421000,Tidak,Blok B,REGULER,Backorder
PRD-83263,303,26.0,20.0,405000,Tidak,Blok C, reguler ,Backorder
PRD-16012,364,32.0,2.0,426000,Ya,Blok C,Reguler,Aman
PRD-84971,253,44.0,10.0,110000,Tidak,Blok C,Premium,Backorder
PRD-47853,23,2.0,17.0,351000,Tidak,Blok A, reguler ,Menipis
PRD-11058,284,24.0,8.0,41000,Tidak,Blok C,Reguler,Aman
PRD-31409,109,8.0,17.0,392000,Ya,Blok C,Premium,Backorder
PRD-44693,481,28.0,13.0,355000,Tidak,Blok A, reguler ,Menipis
PRD-39373,263,35.0,15.0,62000,Tidak,Blok C, reguler ,Menipis
PRD-75697,108,15.0,25.0,200000,Ya,Blok A,Premium,Backorder
PRD-92565,161,33.0,26.0,290000,Tidak,Blok C, reguler ,Backorder
PRD-63223,278,1.0,2.0,39000,Tidak,Blok C,Premium,Aman
PRD-86920,375,33.0,24.0,219000,Ya,Blok A,Premium,Backorder
PRD-11750,68,19.0,25.0,433000,Tidak,Blok B, reguler ,Backorder
PRD-16858,331,6.0,2.0,394000,Tidak,Blok C,Premium,Aman
PRD-30939,94,,20.0,319000,Tidak,Blok A,Premium,Backorder
PRD-86882,438,42.0,16.0,240000,Tidak,Blok C,Reguler,Backorder
PRD-97710,477,7.0,7.0,204000,Tidak,Blok C,REGULER,Aman
PRD-18712,130,26.0,7.0,382000,Ya,Blok A, reguler ,Backorder
PRD-71240,370,37.0,19.0,66000,Tidak,Blok C,Reguler,Backorder
PRD-52719,410,11.0,3.0,177000,Tidak,Blok C, reguler ,Aman
PRD-38602,475,2.0,999.0,368000,Ya,Blok B,Premium,Menipis
PRD-44524,134,28.0,15.0,145000,Tidak,Blok A,Reguler,Backorder
PRD-15812,492,26.0,27.0,192000,Tidak,Blok C,Premium,Backorder
PRD-79561,218,,11.0,294000,Tidak,Blok C, reguler ,Aman
PRD-37632,32,7.0,7.0,355000,Tidak,Blok A, reguler ,Backorder
PRD-54565,360,13.0,11.0,117000,Tidak,Blok C,premium ,Aman
PRD-56819,320,3.0,4.0,293000,Ya,Blok C,Premium,Aman
PRD-56870,121,14.0,29.0,436000,Tidak,Blok C,REGULER,Backorder
PRD-82373,414,15.0,12.0,141000,Tidak,Blok A,premium ,Aman
PRD-98714,15,36.0,25.0,410000,Tidak,Blok A,Reguler,Backorder
PRD-57333,179,31.0,7.0,295000,Tidak,Blok A,premium ,Aman
PRD-14758,317,3.0,21.0,498000,Tidak,Blok B,premium ,Aman
PRD-76249,336,32.0,5.0,238000,Tidak,Blok B,Premium,Aman
PRD-77214,24,49.0,24.0,63000,Tidak,Blok A, reguler ,Backorder
PRD-13606,396,,18.0,62000,Ya,Blok C, reguler ,Backorder
PRD-66154,195,7.0,28.0,406000,Tidak,Blok A, reguler ,Backorder
PRD-27939,491,30.0,26.0,437000,Ya,Blok B,Reguler,Aman
PRD-50409,296,36.0,5.0,450000,Tidak,Blok C,premium ,Menipis
PRD-60669,278,29.0,16.0,350000,Ya,Blok A,REGULER,Aman
PRD-81520,161,9.0,26.0,110000,Tidak,Blok A, reguler ,Backorder
PRD-27769,62,9.0,21.0,461000,Tidak,Blok A,Reguler,Menipis
PRD-21669,437,33.0,10.0,306000,Tidak,Blok B,Reguler,Backorder
PRD-99570,15,28.0,24.0,372000,Ya,Blok B,premium ,Backorder
PRD-25216,124,38.0,19.0,403000,Tidak,Blok A, reguler ,Backorder
PRD-20976,494,6.0,25.0,478000,Ya,Blok C,premium ,Aman
PRD-35920,406,35.0,9.0,322000,Ya,Blok B,premium ,Aman
PRD-26508,171,47.0,22.0,396000,Tidak,Blok B,Reguler,Backorder
PRD-88282,268,18.0,12.0,128000,Tidak,Blok B, reguler ,Aman
PRD-20699,445,28.0,21.0,314000,Tidak,Blok A,Reguler,Menipis
PRD-11454,166,21.0,2.0,29000,Ya,Blok B,Reguler,Aman
PRD-65904,431,12.0,22.0,432000,Ya,Blok B,Premium,Aman
PRD-26630,398,43.0,12.0,157000,Tidak,Blok C,REGULER,Backorder
PRD-66233,410,3.0,8.0,347000,Tidak,Blok C,REGULER,Aman
PRD-38179,41,13.0,14.0,172000,Tidak,Blok A,Premium,Backorder
PRD-33880,12,18.0,29.0,491000,Tidak,Blok B,premium ,Backorder
PRD-61040,30,39.0,6.0,36000,Ya,Blok A,REGULER,Menipis
PRD-86295,475,36.0,9.0,302000,Tidak,Blok A, reguler ,Aman
PRD-57356,270,13.0,22.0,89000,Tidak,Blok A,Reguler,Backorder
PRD-70646,403,14.0,7.0,458000,Tidak,Blok A,Reguler,Aman
PRD-19130,112,20.0,29.0,230000,Tidak,Blok B,REGULER,Backorder
PRD-60624,121,40.0,11.0,395000,Tidak,Blok C,Reguler,Backorder
PRD-21161,465,27.0,20.0,358000,Tidak,Blok A,Reguler,Menipis
PRD-98635,328,34.0,14.0,79000,Tidak,Blok A, reguler ,Backorder
PRD-12093,307,49.0,19.0,411000,Tidak,Blok C,Reguler,Backorder
PRD-52719,427,35.0,21.0,231000,Tidak,Blok A,REGULER,Menipis
PRD-99099,350,5.0,23.0,209000,Tidak,Blok C,Reguler,Aman
PRD-87814,247,,16.0,470000,Tidak,Blok B,premium ,Aman
PRD-92335,109,21.0,,400000,Tidak,Blok A,Reguler,Backorder
PRD-61727,380,2.0,25.0,327000,Ya,Blok A,Reguler,Aman
PRD-67141,181,27.0,,316000,Tidak,Blok C,premium ,Backorder
PRD-51435,247,26.0,3.0,341000,Tidak,Blok A,Premium,Menipis
PRD-13065,197,3.0,25.0,24000,Tidak,Blok A,premium ,Aman
PRD-21211,194,38.0,8.0,149000,Ya,Blok A,Reguler,Menipis
PRD-42101,474,40.0,24.0,455000,Ya,Blok A,Reguler,Backorder
PRD-99909,445,44.0,13.0,350000,Tidak,Blok B,premium ,Menipis
PRD-18859,153,,28.0,85000,Tidak,Blok C,premium ,Aman
PRD-82725,385,5.0,21.0,400000,Tidak,Blok A,Reguler,Menipis
PRD-57498,97,27.0,2.0,435000,Tidak,Blok C,premium ,Aman
PRD-11750,258,37.0,8.0,233000,Tidak,Blok B, reguler ,Menipis
PRD-29187,338,1.0,15.0,290000,Tidak,Blok C,Premium,Aman
PRD-13273,17,49.0,19.0,281000,Tidak,Blok B,REGULER,Backorder
PRD-55106,18,40.0,7.0,176000,Tidak,Blok A, reguler ,Backorder
PRD-55002,328,18.0,14.0,475000,Tidak,Blok C,Reguler,Backorder
PRD-24997,101,15.0,8.0,41000,Tidak,Blok C,premium ,Menipis
PRD-40431,66,47.0,17.0,164000,Tidak,Blok A, reguler ,Backorder
PRD-93106,296,33.0,25.0,241000,Ya,Blok A, reguler ,Backorder
PRD-56576,174,33.0,7.0,237000,Tidak,Blok C,Premium,Backorder
PRD-37285,213,1.0,28.0,26000,Tidak,Blok B,Reguler,Aman
PRD-96133,127,22.0,21.0,310000,Tidak,Blok B, reguler ,Backorder
PRD-73928,137,23.0,17.0,395000,Tidak,Blok B,Reguler,Menipis
PRD-77573,325,25.0,19.0,293000,Tidak,Blok B,REGULER,Backorder
PRD-68342,20,24.0,19.0,453000,Ya,Blok C,premium ,Backorder
PRD-75785,421,16.0,13.0,382000,Tidak,Blok C,Reguler,Aman
PRD-67620,83,23.0,16.0,441000,Ya,Blok A,Reguler,Backorder
PRD-32666,62,34.0,999.0,417000,Ya,Blok C,premium ,Backorder
PRD-89993,56,37.0,29.0,488000,Tidak,Blok C,REGULER,Backorder
PRD-75333,450,8.0,27.0,457000,Ya,Blok A,REGULER,Aman
PRD-60547,215,38.0,5.0,268000,Tidak,Blok C,Premium,Menipis
PRD-24901,201,,3.0,54000,Tidak,Blok B,REGULER,Aman
PRD-70010,149,9.0,28.0,365000,Ya,Blok A,REGULER,Backorder
PRD-15877,37,9.0,16.0,280000,Tidak,Blok C,Premium,Menipis
PRD-62413,66,6.0,29.0,324000,Ya,Blok C,Premium,Menipis
PRD-69136,66,24.0,16.0,88000,Tidak,Blok A, reguler ,Menipis
PRD-85897,150,4.0,3.0,234000,Ya,Blok A,Premium,Aman
PRD-15387,357,11.0,20.0,299000,Tidak,Blok B,REGULER,Menipis
PRD-67492,169,36.0,8.0,376000,Tidak,Blok A,Premium,Menipis
PRD-99314,56,10.0,18.0,412000,Tidak,Blok C,REGULER,Backorder
PRD-56571,252,13.0,14.0,453000,Tidak,Blok C, reguler ,Aman
PRD-12889,123,4.0,20.0,206000,Tidak,Blok B, reguler ,Menipis
PRD-67427,269,9.0,3.0,456000,Tidak,Blok A,REGULER,Aman
PRD-21094,437,,3.0,72000,Ya,Blok A,Reguler,Aman
PRD-23419,300,43.0,28.0,162000,Ya,Blok B, reguler ,Backorder
PRD-89702,81,34.0,10.0,431000,Tidak,Blok C, reguler ,Backorder
PRD-92413,120,10.0,12.0,123000,Ya,Blok C,Premium,Menipis
PRD-80202,79,33.0,12.0,283000,Tidak,Blok A,Reguler,Backorder
PRD-13020,333,33.0,999.0,461000,Tidak,Blok C,Premium,Aman
PRD-65409,147,37.0,22.0,333000,Tidak,Blok A,Premium,Backorder
PRD-17549,336,42.0,22.0,467000,Ya,Blok B,REGULER,Backorder
PRD-32873,160,4.0,8.0,331000,Tidak,Blok A,Premium,Aman
PRD-87430,391,19.0,11.0,176000,Tidak,Blok A,Reguler,Menipis
PRD-97225,259,41.0,28.0,450000,Tidak,Blok A,Premium,Backorder
PRD-51552,26,32.0,27.0,309000,Ya,Blok C,Reguler,Backorder
PRD-74429,92,,10.0,358000,Tidak,Blok C, reguler ,Menipis
PRD-61195,411,21.0,13.0,486000,Ya,Blok B,REGULER,Aman
PRD-86242,436,42.0,9.0,179000,Ya,Blok B,Premium,Menipis
PRD-71826,27,29.0,999.0,149000,Tidak,Blok C,Reguler,Menipis
PRD-14173,242,27.0,24.0,185000,Tidak,Blok A,Premium,Backorder
PRD-54535,3,27.0,17.0,435000,Ya,Blok C,REGULER,Backorder
PRD-10364,440,32.0,14.0,129000,Tidak,Blok A,Reguler,Menipis
PRD-62780,206,35.0,15.0,481000,Ya,Blok B, reguler ,Backorder
PRD-65805,142,19.0,15.0,329000,Tidak,Blok C, reguler ,Backorder
PRD-25193,235,7.0,16.0,276000,Ya,Blok C, reguler ,Aman
PRD-16469,161,22.0,24.0,266000,Ya,Blok B,REGULER,Menipis
PRD-37219,359,41.0,18.0,348000,Ya,Blok C,REGULER,Backorder
PRD-58043,349,27.0,7.0,76000,Ya,Blok B,Reguler,Backorder
PRD-24193,2,8.0,28.0,67000,Tidak,Blok B, reguler ,Menipis
PRD-28309,463,10.0,14.0,302000,Tidak,Blok B,Reguler,Aman
PRD-67241,97,13.0,25.0,206000,Tidak,Blok B,Premium,Backorder
PRD-99152,334,48.0,28.0,54000,Ya,Blok C,Premium,Backorder
PRD-89634,261,9.0,27.0,430000,Tidak,Blok A,premium ,Backorder
PRD-41379,342,19.0,29.0,26000,Ya,Blok A, reguler ,Menipis
PRD-47146,312,23.0,14.0,188000,Tidak,Blok B,premium ,Menipis
PRD-22178,133,42.0,16.0,145000,Ya,Blok A,premium ,Backorder
PRD-91103,347,47.0,21.0,288000,Tidak,Blok B,REGULER,Backorder
PRD-31683,440,12.0,29.0,358000,Ya,Blok A,Premium,Aman
PRD-62719,143,43.0,7.0,476000,Tidak,Blok B, reguler ,Backorder
PRD-46776,485,13.0,999.0,312000,Tidak,Blok B,Reguler,Aman
PRD-37920,16,46.0,,238000,Ya,Blok A,Premium,Backorder
PRD-31832,327,40.0,,227000,Tidak,Blok A,Reguler,Backorder
PRD-85622,192,39.0,29.0,492000,Tidak,Blok A,Reguler,Backorder
PRD-33624,30,23.0,27.0,470000,Tidak,Blok B, reguler ,Backorder
PRD-15269,282,3.0,27.0,207000,Tidak,Blok C,premium ,Aman
PRD-64098,175,3.0,17.0,29000,Tidak,Blok B,REGULER,Aman
PRD-70703,49,33.0,17.0,182000,Tidak,Blok C,Reguler,Menipis
PRD-71929,23,11.0,19.0,455000,Tidak,Blok C, reguler ,Backorder
PRD-46631,26,6.0,19.0,223000,Ya,Blok A,Premium,Backorder
PRD-40981,181,39.0,14.0,121000,Tidak,Blok B,premium ,Backorder
PRD-65026,140,11.0,19.0,263000,Tidak,Blok A,Premium,Backorder
PRD-41174,72,12.0,14.0,40000,Tidak,Blok A,premium ,Backorder
PRD-59752,472,46.0,10.0,193000,Tidak,Blok A,REGULER,Backorder
PRD-62134,9,21.0,8.0,186000,Tidak,Blok A,Premium,Backorder
PRD-71367,474,16.0,18.0,249000,Tidak,Blok B,Premium,Menipis
PRD-82790,303,33.0,23.0,139000,Tidak,Blok B,Premium,Backorder
PRD-52036,185,39.0,13.0,61000,Tidak,Blok A,REGULER,Backorder
PRD-73740,8,13.0,3.0,229000,Tidak,Blok B,Reguler,Backorder
PRD-94118,365,44.0,20.0,358000,Tidak,Blok B,REGULER,Backorder
PRD-61272,466,17.0,27.0,170000,Ya,Blok A,Premium,Backorder
PRD-14137,396,,10.0,78000,Ya,Blok C, reguler ,Aman
PRD-83800,408,46.0,25.0,137000,Tidak,Blok B, reguler ,Backorder
PRD-45944,33,6.0,23.0,268000,Tidak,Blok A,REGULER,Backorder
PRD-50477,82,3.0,18.0,265000,Tidak,Blok B,premium ,Aman
PRD-55708,259,18.0,11.0,64000,Ya,Blok C,REGULER,Menipis
PRD-22563,278,4.0,28.0,420000,Tidak,Blok C, reguler ,Aman
PRD-75842,310,23.0,23.0,229000,Ya,Blok C,premium ,Backorder
PRD-61586,30,12.0,28.0,319000,Tidak,Blok A,REGULER,Aman
PRD-16862,485,24.0,18.0,195000,Tidak,Blok C,premium ,Backorder
PRD-17507,289,10.0,29.0,230000,Tidak,Blok B,REGULER,Aman
PRD-23409,93,33.0,24.0,184000,Tidak,Blok A,Reguler,Menipis
PRD-77638,364,41.0,9.0,408000,Tidak,Blok B,REGULER,Aman
PRD-80021,130,4.0,21.0,401000,Tidak,Blok B,Premium,Menipis
PRD-50969,173,22.0,14.0,247000,Tidak,Blok B,Premium,Backorder
PRD-63370,231,46.0,13.0,482000,Ya,Blok A,Premium,Backorder
PRD-45393,392,47.0,23.0,467000,Tidak,Blok A,REGULER,Backorder
PRD-32072,148,32.0,5.0,96000,Tidak,Blok A, reguler ,Aman
PRD-31316,345,31.0,3.0,222000,Tidak,Blok A,REGULER,Aman
PRD-19873,474,44.0,19.0,255000,Tidak,Blok C,Reguler,Aman
PRD-98290,132,6.0,22.0,184000,Ya,Blok C,premium ,Aman
PRD-79444,376,3.0,23.0,13000,Tidak,Blok C, reguler ,Aman
PRD-84308,487,40.0,29.0,77000,Ya,Blok B,Reguler,Backorder
PRD-20878,455,2.0,22.0,269000,Tidak,Blok A,Reguler,Aman
PRD-24849,303,6.0,29.0,469000,Ya,Blok C, reguler ,Menipis
PRD-44832,197,20.0,14.0,174000,Tidak,Blok C,premium ,Menipis
PRD-25358,12,34.0,11.0,50000,Tidak,Blok B,Premium,Menipis
PRD-74686,484,47.0,14.0,437000,Tidak,Blok B, reguler ,Backorder
PRD-21618,425,,16.0,442000,Tidak,Blok C,Reguler,Backorder
PRD-44540,118,11.0,15.0,297000,Ya,Blok C,REGULER,Aman
PRD-17833,159,,24.0,380000,Ya,Blok A, reguler ,Backorder
PRD-37691,218,27.0,10.0,210000,Tidak,Blok A, reguler ,Backorder
PRD-71332,419,5.0,15.0,222000,Tidak,Blok A,Premium,Aman
PRD-26693,444,14.0,6.0,334000,Ya,Blok A,Reguler,Aman
PRD-51430,446,13.0,6.0,190000,Ya,Blok B,premium ,Aman
PRD-11431,466,1.0,23.0,451000,Ya,Blok C,premium ,Aman
PRD-29692,110,48.0,3.0,11000,Tidak,Blok B, reguler ,Aman
PRD-18077,413,13.0,21.0,345000,Ya,Blok B,Reguler,Aman
PRD-10654,110,48.0,13.0,336000,Tidak,Blok C,Reguler,Backorder
PRD-87681,87,43.0,22.0,420000,Tidak,Blok C,premium ,Backorder
PRD-13765,99,18.0,13.0,392000,Tidak,Blok A,REGULER,Aman
PRD-20789,280,11.0,8.0,397000,Ya,Blok A, reguler ,Aman
PRD-86743,167,24.0,3.0,131000,Tidak,Blok B,Premium,Menipis
PRD-64120,276,11.0,23.0,348000,Tidak,Blok C,Premium,Menipis
PRD-79341,389,12.0,26.0,465000,Ya,Blok B,REGULER,Aman
PRD-14841,153,12.0,,368000,Ya,Blok A,premium ,Backorder
PRD-56169,73,19.0,24.0,437000,Tidak,Blok B,Reguler,Backorder
PRD-51424,106,39.0,8.0,217000,Tidak,Blok C,Premium,Backorder
PRD-13225,384,21.0,3.0,240000,Tidak,Blok B, reguler ,Menipis
PRD-27138,210,18.0,13.0,104000,Ya,Blok A,premium ,Menipis
PRD-71944,144,23.0,3.0,275000,Tidak,Blok C,REGULER,Aman
PRD-62307,81,46.0,21.0,149000,Tidak,Blok A,Reguler,Backorder
PRD-40348,72,41.0,27.0,30000,Tidak,Blok C, reguler ,Backorder
PRD-69274,136,29.0,17.0,108000,Ya,Blok C, reguler ,Backorder
PRD-42463,448,2.0,24.0,115000,Tidak,Blok C,Reguler,Aman
PRD-25649,121,19.0,3.0,164000,Ya,Blok C,REGULER,Backorder
PRD-26704,372,21.0,15.0,184000,Ya,Blok B,premium ,Aman
PRD-62638,77,41.0,21.0,101000,Tidak,Blok C, reguler ,Backorder
PRD-71521,80,18.0,26.0,455000,Tidak,Blok A,premium ,Backorder
PRD-38933,452,42.0,21.0,116000,Tidak,Blok A,Reguler,Backorder
PRD-53803,485,7.0,14.0,390000,Tidak,Blok C,REGULER,Aman
PRD-45081,64,10.0,9.0,432000,Ya,Blok C,Reguler,Backorder
PRD-23453,367,22.0,28.0,116000,Ya,Blok C, reguler ,Backorder
PRD-88137,365,28.0,8.0,28000,Ya,Blok A, reguler ,Menipis
PRD-15103,226,2.0,18.0,174000,Tidak,Blok C,Premium,Aman
PRD-58127,16,10.0,15.0,108000,Tidak,Blok A,premium ,Backorder
PRD-23463,336,39.0,29.0,427000,Tidak,Blok C,REGULER,Menipis
PRD-43649,449,29.0,22.0,254000,Tidak,Blok B,Premium,Backorder
PRD-86234,123,28.0,29.0,307000,Tidak,Blok B,Reguler,Backorder
PRD-74860,71,3.0,23.0,118000,Ya,Blok C,premium ,Aman
PRD-48773,96,49.0,28.0,436000,Tidak,Blok A, reguler ,Backorder
PRD-62446,6,47.0,20.0,460000,Ya,Blok B,Reguler,Backorder
PRD-10507,387,15.0,27.0,60000,Tidak,Blok A,premium ,Menipis
PRD-65476,352,24.0,21.0,313000,Tidak,Blok A,REGULER,Backorder
PRD-11609,51,26.0,23.0,50000,Ya,Blok A,REGULER,Backorder
PRD-11814,462,23.0,7.0,29000,Tidak,Blok B,REGULER,Aman
PRD-97445,156,12.0,,276000,Tidak,Blok B,Reguler,Backorder
PRD-80461,261,44.0,11.0,428000,Tidak,Blok C,Reguler,Menipis
PRD-13098,357,24.0,999.0,399000,Tidak,Blok B,REGULER,Aman
PRD-57013,172,30.0,22.0,389000,Tidak,Blok A,Premium,Backorder
PRD-38138,459,31.0,14.0,248000,Tidak,Blok C,REGULER,Menipis
PRD-24662,78,40.0,21.0,54000,Tidak,Blok C,Reguler,Backorder
PRD-71228,349,48.0,20.0,424000,Tidak,Blok C,Premium,Backorder
PRD-62409,212,34.0,6.0,104000,Ya,Blok B,Premium,Aman
PRD-50158,307,5.0,10.0,279000,Ya,Blok C,Reguler,Aman
PRD-31834,412,36.0,11.0,238000,Ya,Blok B,premium ,Backorder
PRD-19465,101,14.0,999.0,345000,Tidak,Blok C,premium ,Backorder
PRD-14792,162,11.0,4.0,357000,Tidak,Blok B,Premium,Aman
PRD-18635,81,23.0,4.0,298000,Tidak,Blok B,REGULER,Aman
PRD-64711,257,34.0,14.0,334000,Tidak,Blok B,Premium,Backorder
PRD-37103,465,37.0,26.0,202000,Tidak,Blok B,premium ,Backorder
PRD-27634,460,29.0,5.0,19000,Tidak,Blok B,premium ,Aman
PRD-24892,277,47.0,27.0,14000,Tidak,Blok B,premium ,Backorder
PRD-70263,290,38.0,10.0,352000,Tidak,Blok C,REGULER,Backorder
PRD-23749,99,35.0,6.0,421000,Tidak,Blok C,REGULER,Backorder
PRD-40143,92,11.0,20.0,24000,Tidak,Blok A,premium ,Backorder
PRD-82358,475,37.0,18.0,420000,Tidak,Blok B,REGULER,Menipis
PRD-52788,96,9.0,15.0,307000,Tidak,Blok B,REGULER,Backorder
PRD-42093,336,1.0,13.0,129000,Tidak,Blok A,REGULER,Menipis
PRD-71750,84,18.0,9.0,479000,Tidak,Blok B,Premium,Menipis
PRD-71842,292,16.0,11.0,120000,Tidak,Blok B,REGULER,Menipis
PRD-74360,309,37.0,27.0,82000,Tidak,Blok A,REGULER,Backorder
PRD-26364,17,35.0,12.0,53000,Tidak,Blok C,REGULER,Menipis
PRD-44743,291,25.0,13.0,246000,Tidak,Blok A,Reguler,Backorder
PRD-85186,419,40.0,3.0,353000,Tidak,Blok A,REGULER,Aman
PRD-59703,327,4.0,26.0,384000,Tidak,Blok B,Reguler,Aman
PRD-64261,357,4.0,7.0,452000,Tidak,Blok B,Reguler,Aman
PRD-76729,308,44.0,16.0,207000,Tidak,Blok A,Reguler,Aman
PRD-99186,28,24.0,15.0,316000,Tidak,Blok C,premium ,Backorder
PRD-31604,403,46.0,26.0,283000,Ya,Blok B, reguler ,Backorder
PRD-60708,334,27.0,26.0,386000,Ya,Blok B,REGULER,Backorder
PRD-60304,270,27.0,26.0,259000,Tidak,Blok B,Reguler,Backorder
PRD-48174,251,4.0,25.0,480000,Ya,Blok A,REGULER,Aman
PRD-53923,264,41.0,24.0,445000,Ya,Blok A,premium ,Backorder
PRD-79300,72,9.0,4.0,240000,Tidak,Blok A,REGULER,Aman
PRD-42919,45,3.0,26.0,174000,Ya,Blok A,premium ,Menipis
PRD-86050,195,5.0,18.0,34000,Tidak,Blok A, reguler ,Aman
PRD-22254,355,17.0,15.0,405000,Tidak,Blok A, reguler ,Aman
PRD-17470,69,34.0,23.0,347000,Ya,Blok C, reguler ,Menipis
PRD-75318,306,24.0,15.0,108000,Tidak,Blok A,Reguler,Menipis
PRD-32725,448,21.0,23.0,153000,Ya,Blok B,premium ,Backorder
PRD-19283,268,36.0,14.0,106000,Tidak,Blok C,REGULER,Menipis
PRD-60705,114,22.0,7.0,61000,Ya,Blok A,Reguler,Menipis
PRD-70740,50,43.0,23.0,114000,Ya,Blok B,premium ,Backorder
PRD-65739,82,2.0,17.0,445000,Tidak,Blok B,Reguler,Aman
PRD-54028,114,31.0,26.0,318000,Tidak,Blok A,Reguler,Backorder
PRD-17710,324,,29.0,252000,Tidak,Blok B,Premium,Aman
PRD-97092,146,30.0,14.0,269000,Tidak,Blok B,Reguler,Backorder
PRD-41126,393,21.0,12.0,160000,Tidak,Blok B, reguler ,Menipis
PRD-27601,332,26.0,21.0,442000,Tidak,Blok C,Premium,Menipis
PRD-73437,131,2.0,28.0,257000,Ya,Blok B,premium ,Menipis
PRD-32320,69,30.0,22.0,442000,Tidak,Blok B,Premium,Backorder
PRD-26646,328,4.0,23.0,254000,Ya,Blok C,REGULER,Aman
PRD-73394,299,19.0,12.0,81000,Ya,Blok B,premium ,Menipis
PRD-26964,392,,3.0,473000,Tidak,Blok B, reguler ,Menipis
PRD-81138,25,33.0,7.0,342000,Tidak,Blok A,premium ,Backorder
PRD-96120,269,,24.0,429000,Tidak,Blok C,Premium,Backorder
PRD-90769,365,30.0,3.0,51000,Tidak,Blok A,Reguler,Aman
PRD-62335,265,1.0,19.0,127000,Ya,Blok C, reguler ,Aman
PRD-30707,69,25.0,24.0,146000,Tidak,Blok C, reguler ,Backorder
PRD-32490,447,47.0,24.0,246000,Tidak,Blok A, reguler ,Backorder
PRD-90857,154,2.0,9.0,161000,Ya,Blok C,premium ,Aman
PRD-66531,239,9.0,18.0,92000,Tidak,Blok C, reguler ,Menipis
PRD-58632,305,32.0,16.0,288000,Ya,Blok B,REGULER,Backorder
PRD-99112,85,5.0,11.0,169000,Ya,Blok A,premium ,Aman
PRD-77496,65,1.0,20.0,445000,Tidak,Blok B,Premium,Aman
PRD-56766,35,25.0,17.0,268000,Tidak,Blok A,Premium,Menipis
PRD-49499,95,40.0,28.0,482000,Ya,Blok B,REGULER,Menipis
PRD-31438,470,34.0,29.0,338000,Ya,Blok C, reguler ,Menipis
PRD-75429,94,17.0,999.0,52000,Ya,Blok A,premium ,Aman
PRD-87534,239,1.0,9.0,208000,Ya,Blok C,Premium,Aman
PRD-44742,371,,19.0,418000,Ya,Blok B,Premium,Aman
PRD-25187,20,48.0,,176000,Tidak,Blok A,Premium,Backorder
PRD-23273,393,23.0,28.0,226000,Tidak,Blok B,Reguler,Backorder
PRD-49028,485,48.0,14.0,246000,Tidak,Blok C,REGULER,Aman
PRD-25882,457,20.0,23.0,316000,Tidak,Blok C,REGULER,Backorder
PRD-65718,483,24.0,8.0,488000,Tidak,Blok B,Reguler,Aman
PRD-76652,470,5.0,4.0,36000,Ya,Blok B, reguler ,Aman
PRD-99097,446,,10.0,370000,Tidak,Blok C,premium ,Aman
PRD-92999,66,29.0,14.0,82000,Ya,Blok B,Reguler,Backorder
PRD-15544,484,47.0,16.0,402000,Ya,Blok B,Reguler,Menipis
PRD-60519,296,23.0,23.0,320000,Tidak,Blok C,premium ,Menipis
PRD-37939,264,27.0,19.0,34000,Tidak,Blok B, reguler ,Backorder
PRD-91007,269,38.0,999.0,75000,Tidak,Blok B,Reguler,Backorder
PRD-71212,0,14.0,27.0,332000,Tidak,Blok A,premium ,Backorder
PRD-96444,441,6.0,3.0,358000,Tidak,Blok C,Premium,Aman
PRD-31346,297,48.0,17.0,499000,Ya,Blok C,REGULER,Backorder
PRD-25810,244,26.0,13.0,167000,Tidak,Blok C,premium ,Aman
PRD-97954,145,47.0,11.0,268000,Tidak,Blok B,premium ,Backorder
PRD-70112,171,26.0,13.0,11000,Tidak,Blok B,premium ,Backorder
PRD-34860,155,17.0,16.0,142000,Ya,Blok A,Reguler,Backorder
PRD-15949,185,3.0,20.0,495000,Tidak,Blok C, reguler ,Aman
PRD-22748,194,34.0,8.0,459000,Tidak,Blok A,REGULER,Backorder
PRD-25802,43,2.0,11.0,304000,Tidak,Blok C,Reguler,Aman
PRD-72955,14,24.0,2.0,16000,Ya,Blok A,Reguler,Backorder
PRD-58287,402,23.0,27.0,461000,Tidak,Blok B,premium ,Backorder
PRD-23500,327,26.0,18.0,403000,Tidak,Blok B,Reguler,Menipis
PRD-30043,336,,15.0,50000,Tidak,Blok A, reguler ,Menipis
PRD-95961,127,1.0,4.0,98000,Ya,Blok A,REGULER,Aman
PRD-69040,166,22.0,3.0,487000,Tidak,Blok A,Premium,Aman
PRD-22856,464,2.0,2.0,474000,Tidak,Blok C,REGULER,Aman
PRD-12939,434,,999.0,119000,Tidak,Blok A,Premium,Aman
PRD-20956,216,27.0,8.0,328000,Ya,Blok A,REGULER,Aman
PRD-18947,334,,7.0,218000,Ya,Blok B,premium ,Aman
PRD-21437,37,16.0,7.0,47000,Tidak,Blok B,premium ,Menipis
PRD-66276,450,44.0,17.0,380000,Tidak,Blok C,Premium,Backorder
PRD-34995,341,35.0,19.0,157000,Ya,Blok B,REGULER,Backorder
PRD-98151,273,30.0,21.0,30000,Ya,Blok C, reguler ,Menipis
PRD-33466,470,5.0,19.0,243000,Tidak,Blok B,REGULER,Aman
PRD-70180,329,31.0,22.0,417000,Tidak,Blok C,REGULER,Backorder
PRD-50631,235,,18.0,419000,Tidak,Blok A,Premium,Aman
PRD-93106,230,48.0,12.0,117000,Tidak,Blok B,Premium,Backorder
PRD-16273,356,30.0,18.0,250000,Tidak,Blok B,Premium,Backorder
PRD-97922,141,14.0,25.0,414000,Tidak,Blok C, reguler ,Backorder
PRD-22861,286,15.0,8.0,46000,Tidak,Blok C,Premium,Aman
PRD-11816,4,6.0,14.0,163000,Tidak,Blok B,Reguler,Backorder
PRD-28787,460,49.0,28.0,447000,Tidak,Blok A,Reguler,Backorder
PRD-83079,177,40.0,8.0,201000,Tidak,Blok C, reguler ,Backorder
PRD-32677,42,5.0,24.0,267000,Tidak,Blok C,REGULER,Backorder
PRD-85145,464,34.0,9.0,211000,Tidak,Blok B,Reguler,Backorder
PRD-83527,158,43.0,9.0,308000,Tidak,Blok C,premium ,Backorder
PRD-95709,380,3.0,7.0,444000,Tidak,Blok B,REGULER,Aman
PRD-74291,280,9.0,22.0,481000,Tidak,Blok A,Reguler,Menipis
PRD-25317,139,27.0,19.0,236000,Tidak,Blok B,Reguler,Aman
PRD-87004,262,16.0,21.0,98000,Tidak,Blok B,REGULER,Backorder
PRD-37632,363,48.0,29.0,150000,Tidak,Blok A, reguler ,Backorder
PRD-12890,80,28.0,,443000,Tidak,Blok B,REGULER,Backorder
PRD-95140,9,29.0,7.0,48000,Tidak,Blok B,premium ,Backorder
PRD-86533,229,35.0,20.0,286000,Ya,Blok A,Reguler,Backorder
PRD-44831,213,28.0,26.0,435000,Ya,Blok B,Reguler,Backorder
PRD-41113,57,49.0,5.0,352000,Tidak,Blok B,Reguler,Backorder
PRD-78515,457,38.0,21.0,383000,Tidak,Blok B,premium ,Backorder
PRD-86820,156,13.0,17.0,242000,Ya,Blok B,premium ,Backorder
PRD-59492,291,44.0,14.0,118000,Tidak,Blok C,premium ,Backorder
PRD-94730,210,32.0,23.0,495000,Tidak,Blok A,REGULER,Menipis
PRD-76234,25,37.0,18.0,65000,Ya,Blok B,Reguler,Backorder
PRD-39327,245,40.0,19.0,413000,Ya,Blok B, reguler ,Aman
PRD-46444,157,30.0,16.0,284000,Ya,Blok C,Premium,Menipis
PRD-47701,435,28.0,21.0,257000,Tidak,Blok C,premium ,Menipis
PRD-35287,365,,24.0,373000,Tidak,Blok A,Reguler,Backorder
PRD-45613,245,31.0,13.0,122000,Tidak,Blok B,REGULER,Menipis
PRD-23843,369,31.0,14.0,72000,Tidak,Blok A, reguler ,Backorder
PRD-62161,234,27.0,12.0,497000,Ya,Blok B,Premium,Aman
PRD-72233,176,8.0,22.0,258000,Tidak,Blok B,premium ,Menipis
PRD-31732,488,6.0,11.0,250000,Tidak,Blok B, reguler ,Aman
PRD-51662,100,15.0,19.0,287000,Tidak,Blok B,premium ,Backorder
PRD-87986,200,32.0,2.0,415000,Ya,Blok C,premium ,Backorder
PRD-20360,37,43.0,8.0,86000,Ya,Blok C,Reguler,Menipis
PRD-88784,333,35.0,18.0,436000,Tidak,Blok C,premium ,Menipis
PRD-60069,65,11.0,17.0,327000,Tidak,Blok C,Reguler,Menipis
PRD-88946,129,19.0,7.0,185000,Ya,Blok A, reguler ,Menipis
PRD-85868,132,44.0,8.0,101000,Tidak,Blok B,Premium,Menipis
PRD-59346,122,46.0,22.0,127000,Tidak,Blok B,premium ,Backorder
PRD-67418,304,28.0,4.0,17000,Tidak,Blok A,Premium,Menipis
PRD-30946,387,10.0,19.0,421000,Tidak,Blok A,REGULER,Aman
PRD-75867,295,30.0,6.0,92000,Tidak,Blok A,premium ,Aman
PRD-70710,442,24.0,5.0,47000,Tidak,Blok B, reguler ,Aman
PRD-35525,364,47.0,24.0,262000,Tidak,Blok C,Premium,Backorder
PRD-45772,491,28.0,20.0,451000,Ya,Blok C, reguler ,Backorder
PRD-72120,329,3.0,24.0,413000,Tidak,Blok C,premium ,Aman
PRD-61431,414,33.0,24.0,195000,Tidak,Blok A,REGULER,Backorder
PRD-54135,416,2.0,20.0,475000,Tidak,Blok C, reguler ,Backorder
PRD-11211,266,21.0,18.0,86000,Ya,Blok B, reguler ,Backorder
PRD-80167,46,33.0,2.0,356000,Tidak,Blok B, reguler ,Menipis
PRD-15782,250,2.0,21.0,39000,Tidak,Blok A, reguler ,Aman
PRD-19417,477,12.0,14.0,17000,Tidak,Blok B,REGULER,Aman
PRD-62551,192,28.0,18.0,409000,Tidak,Blok C,REGULER,Backorder
PRD-88200,74,30.0,6.0,287000,Tidak,Blok B,REGULER,Backorder
PRD-80726,196,28.0,24.0,219000,Tidak,Blok A,Premium,Backorder
PRD-54843,170,37.0,16.0,155000,Tidak,Blok A,Reguler,Backorder
PRD-68929,65,35.0,21.0,104000,Ya,Blok B,premium ,Backorder
PRD-95731,421,2.0,3.0,31000,Tidak,Blok A, reguler ,Aman
PRD-72501,307,26.0,24.0,320000,Tidak,Blok B,REGULER,Backorder
PRD-18820,109,47.0,20.0,366000,Ya,Blok B,Reguler,Backorder
PRD-18179,74,16.0,17.0,273000,Tidak,Blok A,Reguler,Backorder
PRD-66392,225,5.0,17.0,240000,Ya,Blok B,premium ,Aman
PRD-89120,253,47.0,,86000,Tidak,Blok B,Reguler,Backorder
PRD-79519,92,37.0,5.0,221000,Tidak,Blok C, reguler ,Menipis
PRD-87360,237,30.0,9.0,131000,Tidak,Blok C,premium ,Backorder
PRD-76615,446,16.0,29.0,50000,Tidak,Blok B,Reguler,Menipis
PRD-86280,144,32.0,12.0,83000,Tidak,Blok B,Reguler,Aman
PRD-13052,225,,13.0,477000,Tidak,Blok C,Premium,Aman
PRD-15487,99,38.0,8.0,183000,Tidak,Blok A,REGULER,Aman
PRD-31360,334,40.0,21.0,91000,Tidak,Blok B,Reguler,Backorder
PRD-19304,342,23.0,5.0,89000,Tidak,Blok C,REGULER,Aman
PRD-32063,337,38.0,999.0,365000,Tidak,Blok B,Reguler,Aman
PRD-69550,279,44.0,20.0,235000,Tidak,Blok C,Premium,Menipis
PRD-21254,434,30.0,17.0,385000,Tidak,Blok C,Reguler,Menipis
PRD-40846,408,48.0,15.0,127000,Ya,Blok C, reguler ,Menipis
PRD-24153,370,36.0,17.0,210000,Tidak,Blok C,premium ,Menipis
PRD-66088,33,37.0,23.0,457000,Tidak,Blok A,premium ,Backorder
PRD-69838,399,4.0,2.0,471000,Tidak,Blok B,REGULER,Aman
PRD-61672,84,24.0,15.0,386000,Ya,Blok C,REGULER,Backorder
PRD-38756,63,39.0,3.0,303000,Tidak,Blok A,premium ,Backorder
PRD-82969,39,3.0,17.0,239000,Tidak,Blok C,Premium,Aman
PRD-80009,173,12.0,6.0,193000,Ya,Blok A,REGULER,Aman
PRD-40482,339,5.0,12.0,49000,Ya,Blok A,premium ,Aman
PRD-25700,45,24.0,14.0,385000,Tidak,Blok A,Premium,Backorder
PRD-84663,422,41.0,14.0,443000,Tidak,Blok B,REGULER,Menipis
PRD-33535,489,16.0,15.0,31000,Tidak,Blok C,Premium,Aman
PRD-33481,274,8.0,11.0,261000,Tidak,Blok A,premium ,Aman
PRD-53596,392,23.0,2.0,204000,Tidak,Blok C,premium ,Menipis
PRD-19066,313,6.0,12.0,466000,Ya,Blok C,REGULER,Aman
PRD-56857,378,7.0,11.0,17000,Tidak,Blok A,Premium,Aman
PRD-53059,296,30.0,3.0,27000,Tidak,Blok A,premium ,Aman
PRD-57857,181,26.0,21.0,133000,Tidak,Blok C,Reguler,Menipis
PRD-35411,411,23.0,21.0,175000,Tidak,Blok A, reguler ,Backorder
PRD-24037,324,43.0,23.0,139000,Tidak,Blok B,Reguler,Backorder
PRD-17903,9,42.0,14.0,240000,Ya,Blok B,Reguler,Backorder
PRD-84489,417,41.0,14.0,372000,Ya,Blok C, reguler ,Aman
PRD-48405,324,22.0,5.0,442000,Ya,Blok B,Premium,Aman
PRD-44890,472,15.0,999.0,179000,Ya,Blok A,Reguler,Aman
PRD-27824,343,9.0,5.0,321000,Tidak,Blok B, reguler ,Aman
PRD-43635,491,3.0,5.0,113000,Tidak,Blok C,Reguler,Aman
PRD-95366,499,48.0,25.0,230000,Tidak,Blok C, reguler ,Backorder
PRD-11898,475,26.0,29.0,409000,Tidak,Blok A, reguler ,Backorder
PRD-88623,346,21.0,3.0,186000,Ya,Blok A,Reguler,Aman
PRD-47201,298,46.0,20.0,380000,Tidak,Blok A,Reguler,Backorder
PRD-16971,367,13.0,29.0,186000,Tidak,Blok A,Reguler,Backorder
PRD-82827,378,42.0,26.0,119000,Tidak,Blok A,REGULER,Backorder
PRD-36736,155,32.0,2.0,320000,Ya,Blok C,premium ,Aman
PRD-78684,37,40.0,16.0,314000,Tidak,Blok A, reguler ,Menipis
PRD-48346,264,35.0,18.0,317000,Ya,Blok B,Reguler,Backorder
PRD-17382,399,11.0,2.0,77000,Ya,Blok A,REGULER,Aman
PRD-82216,264,13.0,8.0,220000,Ya,Blok B,Premium,Aman
PRD-64384,461,10.0,27.0,197000,Tidak,Blok A,premium ,Menipis
PRD-97695,41,18.0,10.0,207000,Tidak,Blok B,Reguler,Backorder
PRD-29360,447,30.0,16.0,96000,Tidak,Blok B,premium ,Backorder
PRD-59713,241,32.0,18.0,399000,Tidak,Blok A,REGULER,Backorder
PRD-40782,144,32.0,21.0,154000,Tidak,Blok A, reguler ,Backorder
PRD-72752,18,25.0,17.0,12000,Ya,Blok A,premium ,Backorder
PRD-84599,45,17.0,26.0,143000,Tidak,Blok B,premium ,Aman
PRD-76951,206,5.0,999.0,43000,Ya,Blok A,REGULER,Aman
PRD-44171,350,26.0,22.0,312000,Tidak,Blok A,premium ,Backorder
PRD-25029,499,39.0,8.0,156000,Tidak,Blok C,premium ,Aman
PRD-35711,118,46.0,7.0,472000,Tidak,Blok C,REGULER,Backorder
PRD-18253,18,40.0,24.0,351000,Ya,Blok A, reguler ,Menipis
PRD-76205,117,33.0,14.0,144000,Ya,Blok B,Premium,Backorder
PRD-41656,454,44.0,11.0,161000,Tidak,Blok B,REGULER,Menipis
PRD-67944,227,21.0,16.0,247000,Ya,Blok A,Premium,Menipis
PRD-20142,247,6.0,22.0,456000,Ya,Blok B, reguler ,Menipis
PRD-71813,498,12.0,18.0,131000,Tidak,Blok B,Reguler,Aman
PRD-43919,54,6.0,26.0,327000,Tidak,Blok B, reguler ,Backorder
PRD-59726,311,20.0,7.0,216000,Ya,Blok A,premium ,Aman
PRD-94743,483,19.0,11.0,409000,Tidak,Blok C,premium ,Aman
PRD-50597,281,28.0,15.0,373000,Ya,Blok C,Reguler,Backorder
PRD-10246,439,1.0,22.0,496000,Ya,Blok B,REGULER,Aman
PRD-48751,401,46.0,28.0,451000,Tidak,Blok C,premium ,Backorder
PRD-61360,208,7.0,20.0,342000,Tidak,Blok C,premium ,Aman
PRD-41406,378,9.0,11.0,455000,Tidak,Blok A,premium ,Aman
PRD-84531,365,35.0,20.0,341000,Ya,Blok A,premium ,Backorder
PRD-85133,281,44.0,15.0,223000,Tidak,Blok A,premium ,Backorder
PRD-40341,331,24.0,9.0,353000,Tidak,Blok C,REGULER,Aman
PRD-83994,181,32.0,7.0,364000,Ya,Blok B,premium ,Aman
PRD-93021,310,8.0,4.0,466000,Tidak,Blok A,Reguler,Backorder
PRD-85542,272,22.0,29.0,446000,Ya,Blok B,Premium,Backorder
PRD-96338,3,12.0,10.0,196000,Tidak,Blok C,premium ,Aman
PRD-85304,301,,6.0,430000,Ya,Blok C,REGULER,Aman
PRD-61571,5,2.0,17.0,128000,Tidak,Blok C,Premium,Backorder
PRD-84658,25,21.0,17.0,154000,Tidak,Blok A,Reguler,Backorder
PRD-67730,243,34.0,14.0,427000,Tidak,Blok C,premium ,Menipis
PRD-26532,382,30.0,28.0,439000,Ya,Blok A,REGULER,Backorder
PRD-50197,60,6.0,12.0,483000,Tidak,Blok C,REGULER,Menipis
PRD-33296,36,14.0,7.0,189000,Tidak,Blok B,REGULER,Backorder
PRD-83432,315,13.0,27.0,337000,Tidak,Blok C,premium ,Backorder
PRD-28300,253,42.0,13.0,273000,Tidak,Blok A,REGULER,Backorder
PRD-97985,245,49.0,4.0,339000,Tidak,Blok A,REGULER,Backorder
PRD-61415,361,17.0,10.0,252000,Tidak,Blok A,Reguler,Aman
PRD-53205,491,21.0,27.0,128000,Tidak,Blok B,REGULER,Menipis
PRD-76961,381,46.0,29.0,25000,Ya,Blok C,REGULER,Backorder
PRD-27393,22,47.0,24.0,43000,Tidak,Blok C, reguler ,Backorder
PRD-96925,61,3.0,15.0,140000,Tidak,Blok A,premium ,Aman
PRD-71607,341,37.0,13.0,107000,Ya,Blok B,Reguler,Menipis
PRD-99400,244,43.0,27.0,318000,Tidak,Blok B,Reguler,Backorder
PRD-53714,68,46.0,15.0,438000,Tidak,Blok B,premium ,Backorder
PRD-92750,477,4.0,2.0,116000,Tidak,Blok C,REGULER,Aman
PRD-97182,136,48.0,18.0,387000,Tidak,Blok B,Reguler,Backorder
PRD-23731,484,47.0,7.0,246000,Tidak,Blok C,Reguler,Backorder
PRD-56040,106,45.0,19.0,470000,Tidak,Blok A,REGULER,Aman
PRD-38555,114,37.0,28.0,461000,Tidak,Blok A,Reguler,Backorder
PRD-92379,303,7.0,3.0,21000,Ya,Blok B,Reguler,Menipis
PRD-87240,462,44.0,21.0,384000,Tidak,Blok A,Premium,Backorder
PRD-67986,288,23.0,24.0,215000,Tidak,Blok A,Premium,Backorder
PRD-68656,221,20.0,24.0,54000,Ya,Blok C, reguler ,Menipis
PRD-90859,247,14.0,6.0,323000,Tidak,Blok B,premium ,Aman
PRD-14676,208,18.0,9.0,21000,Ya,Blok B,premium ,Backorder
PRD-24693,63,45.0,19.0,78000,Tidak,Blok B,REGULER,Backorder
PRD-46135,405,38.0,24.0,31000,Ya,Blok B,Premium,Backorder
PRD-38942,68,33.0,3.0,486000,Ya,Blok A, reguler ,Aman
PRD-37624,57,40.0,25.0,145000,Ya,Blok A,premium ,Backorder
PRD-16054,481,23.0,4.0,245000,Ya,Blok B,REGULER,Aman
PRD-24387,235,32.0,2.0,341000,Tidak,Blok A,premium ,Menipis
PRD-67608,475,16.0,999.0,96000,Tidak,Blok A,Premium,Aman
PRD-29422,195,33.0,28.0,399000,Tidak,Blok C,Premium,Backorder
PRD-58291,185,21.0,18.0,496000,Tidak,Blok B,Premium,Backorder
PRD-88797,213,42.0,15.0,96000,Ya,Blok C,REGULER,Backorder
PRD-80560,111,49.0,19.0,183000,Tidak,Blok A,Premium,Backorder
PRD-21110,285,35.0,28.0,437000,Tidak,Blok A, reguler ,Backorder
PRD-54036,124,11.0,19.0,370000,Ya,Blok B,Reguler,Backorder
PRD-75049,280,35.0,23.0,323000,Tidak,Blok B,premium ,Backorder
PRD-67608,436,41.0,15.0,304000,Ya,Blok A,Premium,Menipis
PRD-73115,126,16.0,20.0,414000,Tidak,Blok C, reguler ,Backorder
PRD-40048,405,19.0,13.0,143000,Tidak,Blok C, reguler ,Aman
PRD-45561,200,13.0,7.0,345000,Tidak,Blok A,Reguler,Aman
PRD-77449,385,18.0,999.0,271000,Tidak,Blok A,Premium,Menipis
PRD-82684,310,30.0,5.0,285000,Tidak,Blok A,REGULER,Menipis
PRD-67705,183,19.0,20.0,240000,Ya,Blok A,premium ,Backorder
PRD-22537,198,35.0,4.0,237000,Tidak,Blok C, reguler ,Aman
PRD-60064,25,44.0,10.0,329000,Ya,Blok C,Premium,Backorder
PRD-79409,185,25.0,22.0,103000,Ya,Blok B,Premium,Backorder
PRD-45518,216,7.0,6.0,138000,Tidak,Blok A, reguler ,Aman
PRD-92606,145,4.0,10.0,187000,Tidak,Blok C,premium ,Aman
PRD-35416,87,36.0,22.0,265000,Tidak,Blok B,Reguler,Backorder
PRD-22676,136,12.0,17.0,88000,Tidak,Blok A,premium ,Backorder
PRD-26964,392,,3.0,473000,Tidak,Blok B, reguler ,Menipis
PRD-97163,498,37.0,27.0,246000,Tidak,Blok B, reguler ,Backorder
PRD-28601,473,24.0,27.0,38000,Tidak,Blok A,premium ,Menipis
PRD-76490,33,19.0,3.0,406000,Ya,Blok A, reguler ,Aman
PRD-48034,303,12.0,24.0,487000,Tidak,Blok A,REGULER,Menipis
PRD-91533,222,33.0,16.0,241000,Ya,Blok C,Reguler,Backorder
PRD-86669,393,44.0,8.0,258000,Tidak,Blok B,premium ,Backorder
PRD-36172,412,17.0,27.0,494000,Tidak,Blok C, reguler ,Menipis
PRD-22219,131,49.0,7.0,245000,Tidak,Blok C,Premium,Backorder
PRD-68418,58,43.0,26.0,289000,Ya,Blok C,REGULER,Backorder
PRD-49891,163,43.0,13.0,296000,Tidak,Blok A,Reguler,Backorder
PRD-65486,159,12.0,11.0,250000,Ya,Blok C,REGULER,Menipis
PRD-52359,208,47.0,19.0,165000,Tidak,Blok C, reguler ,Backorder
PRD-95982,391,,7.0,78000,Ya,Blok B,Premium,Aman
PRD-56686,9,5.0,19.0,487000,Tidak,Blok C,premium ,Backorder
PRD-76918,166,6.0,19.0,433000,Ya,Blok C,Premium,Aman
PRD-93576,390,31.0,28.0,304000,Tidak,Blok A,REGULER,Aman
PRD-98896,471,7.0,21.0,194000,Tidak,Blok A,REGULER,Aman
PRD-94700,314,46.0,23.0,141000,Tidak,Blok A,REGULER,Backorder
PRD-53158,42,17.0,9.0,282000,Tidak,Blok B,Reguler,Backorder
PRD-57657,126,37.0,18.0,472000,Tidak,Blok C,REGULER,Backorder
PRD-25848,17,15.0,9.0,467000,Ya,Blok C,REGULER,Backorder
PRD-45079,92,20.0,,466000,Tidak,Blok A,premium ,Aman
PRD-87848,235,5.0,15.0,369000,Tidak,Blok B, reguler ,Aman
PRD-28095,363,2.0,24.0,229000,Tidak,Blok B,premium ,Aman
PRD-34346,72,40.0,28.0,483000,Ya,Blok A, reguler ,Backorder
PRD-70576,9,29.0,29.0,94000,Tidak,Blok A,REGULER,Aman
PRD-35988,310,48.0,3.0,297000,Tidak,Blok B,Premium,Backorder
PRD-28624,290,16.0,7.0,489000,Tidak,Blok A, reguler ,Aman
PRD-78304,11,,23.0,127000,Tidak,Blok C,Reguler,Backorder
PRD-24291,300,27.0,2.0,127000,Tidak,Blok B,premium ,Aman
PRD-86623,13,29.0,9.0,475000,Ya,Blok B,Premium,Backorder
PRD-68905,5,23.0,25.0,77000,Tidak,Blok C,Reguler,Backorder
PRD-65426,280,8.0,999.0,332000,Tidak,Blok C,Premium,Aman
PRD-38930,67,44.0,,94000,Tidak,Blok B,Premium,Backorder
PRD-84534,60,42.0,22.0,351000,Tidak,Blok A,Reguler,Backorder
PRD-40090,185,34.0,16.0,225000,Ya,Blok A,Reguler,Backorder
PRD-95981,406,11.0,16.0,445000,Ya,Blok A, reguler ,Aman
PRD-57664,383,39.0,11.0,238000,Tidak,Blok B, reguler ,Backorder
PRD-78602,239,47.0,10.0,220000,Tidak,Blok B,premium ,Menipis
PRD-22809,331,13.0,,333000,Ya,Blok A,Premium,Aman
PRD-71756,215,49.0,16.0,318000,Ya,Blok C,Premium,Backorder
PRD-10882,149,33.0,10.0,147000,Ya,Blok B,Reguler,Menipis
PRD-24776,49,24.0,29.0,341000,Tidak,Blok A,REGULER,Backorder
PRD-51855,148,1.0,3.0,358000,Tidak,Blok B,Reguler,Menipis
PRD-14761,295,14.0,26.0,420000,Tidak,Blok A, reguler ,Backorder
PRD-75263,444,36.0,22.0,130000,Ya,Blok A,Premium,Backorder
PRD-87701,469,17.0,28.0,265000,Tidak,Blok C,Reguler,Aman
PRD-31584,303,39.0,9.0,231000,Tidak,Blok B,Reguler,Menipis
PRD-43289,136,7.0,6.0,216000,Tidak,Blok B,Reguler,Aman
PRD-91182,104,42.0,21.0,39000,Ya,Blok A,Premium,Backorder
PRD-47487,85,24.0,2.0,235000,Ya,Blok A,REGULER,Aman
PRD-60192,381,29.0,4.0,132000,Tidak,Blok C,Premium,Menipis
PRD-94726,78,29.0,9.0,340000,Tidak,Blok B, reguler ,Backorder
PRD-57445,482,9.0,26.0,428000,Ya,Blok A, reguler ,Aman
PRD-84266,215,47.0,,118000,Tidak,Blok B,Premium,Backorder
PRD-51136,215,12.0,999.0,166000,Tidak,Blok A,Premium,Backorder
PRD-34399,218,46.0,25.0,322000,Tidak,Blok B,premium ,Backorder
PRD-47564,289,25.0,18.0,274000,Tidak,Blok B,REGULER,Backorder
PRD-53463,227,48.0,29.0,416000,Ya,Blok C,Premium,Backorder
PRD-11813,10,26.0,19.0,114000,Tidak,Blok A,Premium,Backorder
PRD-94179,144,20.0,11.0,83000,Ya,Blok C, reguler ,Aman
PRD-28402,197,12.0,6.0,435000,Tidak,Blok A,REGULER,Aman
PRD-15470,125,27.0,2.0,379000,Tidak,Blok B,REGULER,Backorder
PRD-33664,345,5.0,999.0,490000,Ya,Blok A, reguler ,Aman
PRD-91653,441,36.0,25.0,129000,Tidak,Blok C,Premium,Backorder
PRD-85250,53,18.0,17.0,63000,Tidak,Blok B,premium ,Backorder
PRD-71536,147,4.0,29.0,445000,Tidak,Blok A,premium ,Aman
PRD-35362,448,47.0,27.0,355000,Tidak,Blok B,REGULER,Menipis
PRD-50502,324,9.0,,336000,Ya,Blok B,premium ,Aman
PRD-28489,401,21.0,15.0,142000,Tidak,Blok B,Reguler,Aman
PRD-41433,422,8.0,27.0,382000,Tidak,Blok C,Premium,Menipis
PRD-41673,29,34.0,24.0,325000,Ya,Blok A,REGULER,Backorder
PRD-59322,435,11.0,26.0,197000,Tidak,Blok C,Premium,Aman
PRD-15240,335,32.0,5.0,372000,Tidak,Blok C,REGULER,Aman
PRD-30567,83,7.0,5.0,163000,Ya,Blok B,Premium,Aman
PRD-92873,453,19.0,26.0,426000,Ya,Blok C,Reguler,Menipis
PRD-40354,229,6.0,13.0,173000,Tidak,Blok A,Reguler,Aman
PRD-83633,101,17.0,27.0,422000,Tidak,Blok C,Premium,Backorder
PRD-72157,320,36.0,9.0,408000,Ya,Blok C,REGULER,Aman
PRD-72993,303,3.0,2.0,308000,Ya,Blok C,Reguler,Aman
PRD-16587,311,49.0,28.0,53000,Tidak,Blok A,premium ,Backorder
PRD-98919,340,15.0,11.0,228000,Tidak,Blok C, reguler ,Aman
PRD-32578,225,4.0,27.0,157000,Ya,Blok A, reguler ,Aman
PRD-40111,45,25.0,13.0,199000,Ya,Blok A,Premium,Backorder
PRD-13439,320,39.0,23.0,44000,Tidak,Blok B,Premium,Backorder
PRD-48333,50,28.0,9.0,207000,Tidak,Blok A,REGULER,Backorder
PRD-57928,248,5.0,7.0,159000,Ya,Blok C,Premium,Aman
PRD-69220,463,23.0,25.0,249000,Tidak,Blok B,REGULER,Backorder
PRD-21002,364,12.0,,495000,Tidak,Blok B, reguler ,Aman
PRD-91304,81,44.0,27.0,196000,Tidak,Blok B,premium ,Backorder
PRD-59396,106,2.0,12.0,42000,Ya,Blok B,Reguler,Aman
PRD-74680,481,17.0,12.0,66000,Ya,Blok B,premium ,Aman
PRD-19616,189,2.0,2.0,398000,Tidak,Blok B,Reguler,Aman
PRD-73155,494,24.0,26.0,170000,Ya,Blok B,REGULER,Backorder
PRD-24472,195,18.0,11.0,443000,Tidak,Blok A,Premium,Backorder
PRD-48967,447,40.0,12.0,173000,Tidak,Blok C,premium ,Menipis
PRD-24256,207,4.0,8.0,73000,Tidak,Blok B,REGULER,Aman
PRD-56218,7,,18.0,294000,Tidak,Blok B,premium ,Backorder
PRD-32625,172,23.0,17.0,472000,Tidak,Blok B,Reguler,Backorder
PRD-25225,69,16.0,12.0,84000,Tidak,Blok B,Reguler,Menipis
PRD-85418,68,36.0,19.0,257000,Tidak,Blok B,premium ,Aman
PRD-79119,451,6.0,5.0,354000,Tidak,Blok C, reguler ,Aman
PRD-68420,349,34.0,10.0,334000,Ya,Blok B,REGULER,Aman
PRD-89737,496,37.0,5.0,467000,Tidak,Blok A,premium ,Aman
PRD-65609,457,,17.0,438000,Tidak,Blok A,REGULER,Menipis
PRD-79001,416,19.0,29.0,171000,Tidak,Blok C, reguler ,Backorder
PRD-43481,107,9.0,14.0,309000,Ya,Blok B,Reguler,Menipis
PRD-65147,470,2.0,27.0,90000,Tidak,Blok C,Reguler,Aman
PRD-37032,321,37.0,999.0,225000,Ya,Blok B,Premium,Aman
PRD-74523,124,6.0,3.0,130000,Tidak,Blok B,Premium,Aman
PRD-91974,270,4.0,4.0,34000,Ya,Blok C, reguler ,Aman
PRD-99051,200,17.0,6.0,312000,Tidak,Blok B,premium ,Aman
PRD-60612,201,14.0,11.0,246000,Ya,Blok B, reguler ,Aman
PRD-30659,427,5.0,27.0,278000,Tidak,Blok C,Reguler,Aman
PRD-80871,262,21.0,18.0,138000,Tidak,Blok B, reguler ,Aman
PRD-43615,468,15.0,14.0,481000,Tidak,Blok A,Reguler,Menipis
PRD-74450,149,20.0,13.0,75000,Tidak,Blok A,Premium,Backorder
PRD-29715,236,7.0,24.0,319000,Tidak,Blok A,Premium,Aman
PRD-23092,364,39.0,12.0,163000,Ya,Blok C,premium ,Menipis
PRD-10005,238,24.0,16.0,424000,Tidak,Blok B, reguler ,Backorder
PRD-75838,294,47.0,21.0,386000,Ya,Blok C,premium ,Backorder
PRD-92035,20,4.0,17.0,241000,Ya,Blok C,REGULER,Backorder
PRD-16776,327,,17.0,169000,Tidak,Blok B, reguler ,Menipis
PRD-56326,479,1.0,9.0,297000,Tidak,Blok A, reguler ,Aman
PRD-17868,70,29.0,20.0,469000,Ya,Blok B,Premium,Backorder
PRD-30435,198,14.0,25.0,111000,Ya,Blok A,premium ,Backorder
PRD-67560,273,28.0,23.0,85000,Tidak,Blok A,Premium,Menipis
PRD-32007,351,49.0,27.0,156000,Tidak,Blok B,Premium,Aman
PRD-25954,470,39.0,7.0,247000,Tidak,Blok B,Premium,Aman
PRD-98388,176,5.0,8.0,461000,Tidak,Blok C,Reguler,Aman
PRD-20954,78,24.0,7.0,211000,Ya,Blok A,premium ,Backorder
PRD-31818,475,8.0,9.0,188000,Ya,Blok C,REGULER,Aman
PRD-84852,268,48.0,22.0,357000,Ya,Blok B,premium ,Backorder
PRD-96590,4,11.0,3.0,129000,Tidak,Blok C,Reguler,Backorder
PRD-76624,375,36.0,20.0,387000,Tidak,Blok C,Premium,Backorder
PRD-31182,427,,29.0,274000,Tidak,Blok C,premium ,Backorder
PRD-64869,143,1.0,22.0,437000,Tidak,Blok A,REGULER,Menipis
PRD-70011,470,47.0,,293000,Ya,Blok B, reguler ,Aman
PRD-19569,413,3.0,2.0,455000,Tidak,Blok B,Reguler,Aman
PRD-55096,87,,26.0,117000,Tidak,Blok C,Premium,Backorder
PRD-10329,431,18.0,6.0,12000,Ya,Blok A,premium ,Aman
PRD-78803,390,14.0,22.0,301000,Ya,Blok C,REGULER,Aman
PRD-66697,417,23.0,17.0,86000,Tidak,Blok A,REGULER,Aman
PRD-65180,15,3.0,17.0,392000,Ya,Blok C, reguler ,Backorder
PRD-96188,310,24.0,11.0,377000,Tidak,Blok A,REGULER,Menipis
PRD-63019,427,41.0,5.0,473000,Ya,Blok C, reguler ,Aman
PRD-95603,355,7.0,20.0,41000,Tidak,Blok C,REGULER,Aman
PRD-91040,108,41.0,2.0,453000,Tidak,Blok C,premium ,Menipis
PRD-27106,424,,12.0,196000,Tidak,Blok A,Premium,Menipis
PRD-23161,112,22.0,11.0,205000,Ya,Blok B,premium ,Menipis
PRD-22819,86,25.0,22.0,133000,Tidak,Blok A,Reguler,Backorder
PRD-86708,375,11.0,8.0,371000,Ya,Blok A, reguler ,Aman
PRD-30754,104,5.0,26.0,100000,Tidak,Blok C, reguler ,Backorder
PRD-74887,438,,11.0,272000,Tidak,Blok A,Premium,Menipis
PRD-56825,416,36.0,29.0,132000,Tidak,Blok A,Reguler,Backorder
PRD-64078,158,46.0,8.0,439000,Tidak,Blok B,Reguler,Aman
PRD-43160,85,30.0,29.0,313000,Tidak,Blok B,Premium,Backorder
PRD-74353,177,25.0,29.0,344000,Tidak,Blok B,Premium,Aman
PRD-14889,122,15.0,24.0,219000,Tidak,Blok C,Reguler,Backorder
PRD-27323,106,17.0,8.0,312000,Ya,Blok B,Premium,Aman
PRD-80390,8,37.0,8.0,428000,Tidak,Blok C,Reguler,Aman
PRD-32574,107,3.0,23.0,241000,Tidak,Blok A,Premium,Aman
PRD-26633,30,,18.0,89000,Tidak,Blok B, reguler ,Backorder
PRD-11754,427,8.0,7.0,378000,Tidak,Blok C, reguler ,Aman
PRD-84510,451,43.0,25.0,475000,Tidak,Blok A,Premium,Backorder
PRD-59714,357,44.0,999.0,14000,Tidak,Blok C, reguler ,Menipis
PRD-20839,254,,7.0,210000,Tidak,Blok C,REGULER,Aman
PRD-18320,305,22.0,14.0,320000,Tidak,Blok C,REGULER,Aman
PRD-66565,78,26.0,11.0,496000,Ya,Blok A,Premium,Backorder
PRD-82099,412,46.0,20.0,48000,Tidak,Blok B,REGULER,Backorder
PRD-61005,49,45.0,7.0,34000,Tidak,Blok C, reguler ,Backorder
PRD-77753,44,36.0,25.0,21000,Tidak,Blok C,Reguler,Backorder
PRD-53949,398,24.0,3.0,199000,Tidak,Blok B,Premium,Menipis
PRD-86534,262,9.0,11.0,89000,Ya,Blok C,premium ,Backorder
PRD-89795,468,41.0,2.0,133000,Tidak,Blok A, reguler ,Aman
PRD-45693,254,35.0,2.0,360000,Ya,Blok B,Premium,Menipis
PRD-46343,141,4.0,21.0,486000,Ya,Blok C,Reguler,Aman
PRD-27014,101,26.0,6.0,278000,Ya,Blok A, reguler ,Menipis
PRD-97599,414,25.0,10.0,19000,Tidak,Blok C,REGULER,Aman
PRD-18275,331,29.0,14.0,421000,Tidak,Blok C,premium ,Aman
PRD-25997,256,46.0,15.0,31000,Tidak,Blok B,premium ,Backorder
PRD-43064,479,31.0,11.0,223000,Tidak,Blok C,REGULER,Menipis
PRD-11789,488,48.0,12.0,428000,Tidak,Blok A,REGULER,Menipis
PRD-38549,225,7.0,3.0,93000,Tidak,Blok C, reguler ,Aman
PRD-67889,448,20.0,27.0,303000,Tidak,Blok A,Reguler,Backorder
PRD-77650,269,26.0,18.0,268000,Ya,Blok B,Premium,Backorder
PRD-34278,62,21.0,14.0,67000,Tidak,Blok B,Premium,Backorder
PRD-30202,346,22.0,14.0,165000,Tidak,Blok A,Reguler,Aman
PRD-91929,79,16.0,,219000,Tidak,Blok C,REGULER,Aman
PRD-77609,402,37.0,29.0,160000,Tidak,Blok C,REGULER,Backorder
PRD-48513,419,17.0,12.0,215000,Tidak,Blok C,Premium,Aman
PRD-95238,457,38.0,22.0,147000,Tidak,Blok C,premium ,Backorder
PRD-51950,87,22.0,23.0,41000,Ya,Blok C,Reguler,Backorder
PRD-20100,76,42.0,,337000,Ya,Blok A,REGULER,Aman
PRD-85069,366,2.0,2.0,309000,Ya,Blok A,Premium,Aman
PRD-59756,289,44.0,21.0,332000,Tidak,Blok B,Premium,Backorder
PRD-76558,478,36.0,22.0,471000,Ya,Blok B,REGULER,Backorder
PRD-91837,37,28.0,19.0,243000,Tidak,Blok B,premium ,Menipis
PRD-47305,492,2.0,,227000,Ya,Blok B,Reguler,Aman
PRD-94811,343,32.0,15.0,498000,Tidak,Blok B,Premium,Backorder
PRD-32504,282,,21.0,320000,Tidak,Blok A, reguler ,Menipis
PRD-30448,457,19.0,11.0,169000,Tidak,Blok A,Premium,Aman
PRD-54755,406,42.0,22.0,387000,Tidak,Blok A,REGULER,Backorder
PRD-69526,350,22.0,18.0,313000,Tidak,Blok C,Premium,Aman
PRD-60867,193,,16.0,215000,Ya,Blok B,Premium,Backorder
PRD-67823,241,37.0,6.0,261000,Ya,Blok A,Reguler,Menipis
PRD-62003,447,22.0,10.0,98000,Tidak,Blok C, reguler ,Aman
PRD-32462,257,,2.0,264000,Tidak,Blok C,REGULER,Menipis
PRD-21278,281,40.0,22.0,94000,Ya,Blok C, reguler ,Backorder
PRD-93301,229,20.0,15.0,298000,Tidak,Blok B,Reguler,Backorder
PRD-55647,117,19.0,11.0,410000,Tidak,Blok A,REGULER,Menipis
PRD-55028,86,29.0,24.0,166000,Tidak,Blok A, reguler ,Backorder
PRD-65648,233,30.0,11.0,41000,Ya,Blok C, reguler ,Menipis
PRD-49791,169,15.0,16.0,346000,Tidak,Blok A,premium ,Menipis
PRD-94178,183,18.0,4.0,380000,Tidak,Blok B, reguler ,Aman
PRD-98658,181,16.0,2.0,424000,Tidak,Blok A,Reguler,Aman
PRD-74435,30,26.0,2.0,487000,Ya,Blok B,Premium,Menipis
PRD-19956,364,10.0,4.0,66000,Tidak,Blok B,REGULER,Aman
PRD-27143,128,19.0,28.0,311000,Ya,Blok A,Reguler,Menipis
PRD-76549,184,44.0,16.0,95000,Ya,Blok C,Premium,Menipis
PRD-17846,338,12.0,24.0,161000,Tidak,Blok B, reguler ,Menipis
PRD-54498,45,30.0,19.0,58000,Tidak,Blok B, reguler ,Aman
PRD-31352,101,15.0,17.0,290000,Tidak,Blok C,premium ,Backorder
PRD-72643,419,27.0,10.0,78000,Tidak,Blok A,Reguler,Menipis
PRD-94193,103,23.0,24.0,220000,Ya,Blok A,Reguler,Backorder
PRD-37532,136,,21.0,300000,Tidak,Blok A,premium ,Backorder
PRD-42093,292,1.0,24.0,392000,Tidak,Blok B,Reguler,Aman
PRD-24226,105,8.0,14.0,189000,Tidak,Blok B,Premium,Menipis
PRD-70719,11,20.0,10.0,397000,Tidak,Blok C, reguler ,Backorder
PRD-89650,359,19.0,27.0,266000,Ya,Blok A,Premium,Aman
PRD-92018,56,29.0,21.0,247000,Tidak,Blok C,REGULER,Backorder
PRD-37289,461,10.0,8.0,321000,Tidak,Blok B,Reguler,Aman
PRD-52487,457,35.0,2.0,79000,Tidak,Blok A,Reguler,Aman
PRD-35184,153,12.0,18.0,295000,Tidak,Blok A,Premium,Backorder
PRD-93729,313,36.0,11.0,250000,Tidak,Blok A,Reguler,Menipis
PRD-47534,306,4.0,25.0,101000,Ya,Blok A,Reguler,Aman
PRD-50524,63,15.0,27.0,297000,Tidak,Blok C,premium ,Backorder
PRD-45362,137,2.0,25.0,87000,Tidak,Blok B,Premium,Backorder
PRD-72863,44,12.0,,362000,Tidak,Blok C,Premium,Backorder
PRD-62579,34,43.0,29.0,419000,Ya,Blok B,premium ,Backorder
PRD-25540,12,11.0,,51000,Tidak,Blok B,premium ,Menipis
PRD-52281,152,39.0,18.0,388000,Tidak,Blok B,REGULER,Backorder
PRD-16031,205,,17.0,14000,Ya,Blok C,Premium,Backorder
PRD-93184,228,35.0,28.0,333000,Tidak,Blok A,Reguler,Menipis
PRD-89414,307,,4.0,109000,Ya,Blok C, reguler ,Aman
PRD-63911,112,37.0,5.0,401000,Tidak,Blok C,REGULER,Backorder
PRD-62249,310,39.0,4.0,428000,Tidak,Blok B,premium ,Menipis
PRD-66985,212,24.0,22.0,303000,Tidak,Blok C, reguler ,Backorder
PRD-49104,109,1.0,7.0,120000,Ya,Blok A,Premium,Aman
PRD-92838,306,22.0,2.0,364000,Tidak,Blok B,Premium,Menipis
PRD-45503,302,32.0,6.0,357000,Tidak,Blok A,premium ,Menipis
PRD-33065,144,32.0,6.0,381000,Tidak,Blok C,REGULER,Aman
PRD-80027,375,,9.0,267000,Tidak,Blok B,Reguler,Aman
PRD-72013,207,45.0,10.0,293000,Tidak,Blok C,REGULER,Backorder
PRD-21349,372,34.0,,131000,Ya,Blok C, reguler ,Aman
PRD-23746,149,9.0,14.0,454000,Tidak,Blok C,premium ,Aman
PRD-29239,261,23.0,13.0,300000,Tidak,Blok C,Premium,Aman
PRD-68655,371,38.0,8.0,44000,Tidak,Blok C,premium ,Aman
PRD-45198,304,30.0,6.0,368000,Tidak,Blok C,Reguler,Aman
PRD-32399,189,6.0,7.0,320000,Tidak,Blok A, reguler ,Aman
PRD-75242,54,28.0,22.0,408000,Tidak,Blok A,Premium,Backorder
PRD-72217,69,38.0,10.0,377000,Ya,Blok B,premium ,Backorder
PRD-76216,131,2.0,14.0,267000,Tidak,Blok C,premium ,Aman
PRD-42762,116,38.0,9.0,109000,Tidak,Blok B,REGULER,Menipis
PRD-70071,390,37.0,26.0,345000,Tidak,Blok C,Reguler,Backorder
PRD-20346,296,26.0,25.0,60000,Ya,Blok A,Reguler,Backorder
PRD-74046,113,7.0,2.0,420000,Ya,Blok C,Reguler,Aman
PRD-39426,350,42.0,27.0,264000,Tidak,Blok B,REGULER,Backorder
PRD-63014,19,25.0,26.0,131000,Ya,Blok B,Premium,Aman
PRD-25735,335,12.0,16.0,434000,Tidak,Blok C,REGULER,Aman
PRD-85910,137,36.0,19.0,175000,Tidak,Blok C,premium ,Backorder
PRD-56332,251,47.0,20.0,451000,Ya,Blok C,REGULER,Backorder
PRD-77534,248,4.0,20.0,354000,Tidak,Blok A,Reguler,Aman
PRD-65728,79,29.0,17.0,454000,Tidak,Blok A,REGULER,Backorder
PRD-77695,149,37.0,17.0,287000,Tidak,Blok A,premium ,Backorder
PRD-67836,76,24.0,27.0,394000,Tidak,Blok B, reguler ,Backorder
PRD-91588,352,26.0,5.0,330000,Ya,Blok A, reguler ,Aman
PRD-13343,35,41.0,24.0,286000,Tidak,Blok C,Premium,Menipis
PRD-59841,38,4.0,4.0,310000,Tidak,Blok B, reguler ,Aman
PRD-60336,402,1.0,,288000,Tidak,Blok B,Reguler,Aman
PRD-96831,465,10.0,13.0,386000,Tidak,Blok C,Reguler,Aman
PRD-41010,284,,27.0,88000,Tidak,Blok A,REGULER,Backorder
PRD-71247,52,48.0,9.0,180000,Ya,Blok A,Premium,Backorder
PRD-94363,251,13.0,24.0,34000,Tidak,Blok A,premium ,Backorder
PRD-20267,58,24.0,6.0,259000,Tidak,Blok A,Premium,Menipis
PRD-96602,484,40.0,6.0,305000,Tidak,Blok B,premium ,Aman
PRD-31071,301,44.0,19.0,298000,Ya,Blok B,premium ,Backorder
PRD-21573,173,24.0,29.0,323000,Ya,Blok A,REGULER,Backorder
PRD-91845,220,1.0,22.0,471000,Tidak,Blok A,Premium,Menipis
PRD-76201,317,6.0,24.0,370000,Ya,Blok C,premium ,Aman
PRD-52941,309,21.0,12.0,482000,Tidak,Blok A,Reguler,Menipis
PRD-75048,70,35.0,27.0,399000,Tidak,Blok B,premium ,Backorder
PRD-41145,113,5.0,19.0,114000,Tidak,Blok B,REGULER,Menipis
PRD-89239,87,29.0,29.0,176000,Tidak,Blok B,Reguler,Backorder
PRD-80902,104,49.0,21.0,415000,Tidak,Blok B,premium ,Backorder
PRD-69719,475,18.0,25.0,97000,Tidak,Blok B,Reguler,Menipis
PRD-34220,93,32.0,,450000,Tidak,Blok A,Reguler,Backorder
PRD-17812,338,19.0,7.0,308000,Tidak,Blok A,REGULER,Aman
PRD-53791,261,,9.0,176000,Tidak,Blok A, reguler ,Aman
PRD-65833,419,43.0,8.0,235000,Tidak,Blok C, reguler ,Backorder
PRD-93346,406,26.0,3.0,30000,Tidak,Blok A,Reguler,Aman
PRD-35198,47,,23.0,82000,Ya,Blok A,REGULER,Menipis
PRD-53965,158,23.0,,332000,Tidak,Blok C,premium ,Menipis
PRD-43065,293,48.0,,290000,Tidak,Blok B,Reguler,Menipis
PRD-75054,332,41.0,26.0,241000,Tidak,Blok B,REGULER,Backorder
PRD-43688,463,44.0,19.0,20000,Tidak,Blok C,premium ,Menipis
PRD-72509,297,29.0,24.0,272000,Tidak,Blok A,REGULER,Menipis
PRD-51486,302,41.0,3.0,484000,Ya,Blok A,Reguler,Backorder
PRD-55186,269,13.0,9.0,401000,Tidak,Blok C,Reguler,Aman
PRD-34312,449,11.0,5.0,173000,Tidak,Blok B, reguler ,Menipis
PRD-31817,20,13.0,13.0,191000,Tidak,Blok A,Reguler,Menipis
PRD-55648,340,9.0,20.0,459000,Tidak,Blok B,Premium,Aman
PRD-27818,32,,12.0,43000,Tidak,Blok A, reguler ,Backorder
PRD-36806,232,7.0,24.0,86000,Ya,Blok C, reguler ,Aman
PRD-55371,155,36.0,29.0,399000,Tidak,Blok B,Premium,Backorder
PRD-64165,202,,27.0,99000,Ya,Blok A, reguler ,Backorder
PRD-44681,289,31.0,4.0,326000,Tidak,Blok C, reguler ,Aman
PRD-29611,201,37.0,999.0,366000,Ya,Blok B,premium ,Backorder
PRD-32042,261,8.0,16.0,35000,Tidak,Blok B, reguler ,Aman
PRD-95553,248,24.0,25.0,245000,Tidak,Blok A,REGULER,Aman
PRD-89063,132,15.0,6.0,270000,Ya,Blok A,REGULER,Backorder
PRD-57202,313,29.0,999.0,101000,Tidak,Blok C,Reguler,Aman
PRD-88033,29,25.0,5.0,301000,Ya,Blok C,premium ,Menipis
PRD-74895,456,40.0,22.0,488000,Tidak,Blok C,Reguler,Backorder
PRD-31395,463,17.0,23.0,40000,Ya,Blok A,Premium,Aman
PRD-11150,200,26.0,17.0,463000,Ya,Blok A,premium ,Backorder
PRD-68051,38,33.0,20.0,254000,Ya,Blok B,premium ,Backorder
PRD-42201,400,13.0,9.0,206000,Tidak,Blok A, reguler ,Aman
PRD-30159,475,21.0,27.0,370000,Tidak,Blok B,premium ,Backorder
PRD-94694,31,4.0,22.0,484000,Tidak,Blok A, reguler ,Backorder
PRD-72671,240,22.0,10.0,349000,Tidak,Blok B,REGULER,Menipis
PRD-27087,296,,10.0,481000,Tidak,Blok C,Premium,Menipis
PRD-32821,59,23.0,13.0,390000,Tidak,Blok B,premium ,Backorder
PRD-32662,266,12.0,4.0,447000,Ya,Blok C,REGULER,Aman
PRD-21055,464,9.0,4.0,73000,Tidak,Blok A, reguler ,Aman
PRD-88270,414,,18.0,175000,Tidak,Blok A,REGULER,Aman
PRD-31976,252,32.0,24.0,232000,Ya,Blok B,premium ,Menipis
PRD-68141,268,45.0,24.0,142000,Tidak,Blok A, reguler ,Menipis
PRD-63817,201,34.0,2.0,133000,Tidak,Blok B, reguler ,Aman
PRD-83960,6,25.0,19.0,380000,Ya,Blok A, reguler ,Menipis
PRD-75363,351,17.0,6.0,108000,Tidak,Blok C,Reguler,Aman
PRD-24191,154,48.0,12.0,460000,Tidak,Blok C,Premium,Backorder
PRD-45645,155,7.0,26.0,195000,Tidak,Blok B,premium ,Backorder
PRD-24633,194,39.0,12.0,202000,Tidak,Blok A,Premium,Backorder
PRD-56540,311,17.0,28.0,36000,Tidak,Blok B,REGULER,Backorder
PRD-90905,385,14.0,10.0,240000,Tidak,Blok C,premium ,Aman
PRD-15506,265,37.0,8.0,203000,Tidak,Blok B,Premium,Backorder
PRD-87243,489,10.0,14.0,287000,Tidak,Blok C,premium ,Backorder
PRD-81939,125,25.0,28.0,416000,Tidak,Blok A,premium ,Backorder
PRD-53066,42,24.0,16.0,302000,Tidak,Blok C,premium ,Backorder
PRD-16150,106,18.0,18.0,234000,Tidak,Blok C,Premium,Backorder
PRD-20866,498,31.0,19.0,462000,Tidak,Blok B,REGULER,Backorder
PRD-35931,270,,25.0,407000,Tidak,Blok A,REGULER,Backorder
PRD-66563,346,49.0,12.0,38000,Tidak,Blok C,Premium,Menipis
PRD-26365,281,,11.0,113000,Ya,Blok C, reguler ,Aman
PRD-29758,248,1.0,8.0,340000,Tidak,Blok B,REGULER,Aman
PRD-86240,112,29.0,17.0,114000,Tidak,Blok C, reguler ,Menipis
PRD-75911,273,5.0,11.0,489000,Tidak,Blok B,Premium,Aman
PRD-47412,241,14.0,12.0,486000,Tidak,Blok B,Reguler,Aman
PRD-24489,191,16.0,25.0,88000,Ya,Blok B,Reguler,Backorder
PRD-55927,264,39.0,21.0,191000,Tidak,Blok C,Premium,Menipis
PRD-34858,473,9.0,7.0,184000,Ya,Blok B,premium ,Aman
PRD-22012,263,12.0,22.0,254000,Ya,Blok C, reguler ,Aman
PRD-32420,483,16.0,27.0,10000,Tidak,Blok B,premium ,Aman
PRD-59855,342,26.0,27.0,350000,Ya,Blok A,Premium,Backorder
PRD-48392,189,24.0,21.0,153000,Tidak,Blok A, reguler ,Backorder
PRD-24308,279,26.0,7.0,289000,Tidak,Blok C, reguler ,Backorder
PRD-96156,58,8.0,27.0,488000,Tidak,Blok B,Premium,Backorder
PRD-12396,486,25.0,3.0,268000,Tidak,Blok B,REGULER,Aman
PRD-33741,200,9.0,22.0,219000,Tidak,Blok B, reguler ,Aman
PRD-89465,414,5.0,23.0,102000,Tidak,Blok B,premium ,Menipis
PRD-15776,382,47.0,8.0,434000,Ya,Blok C,Reguler,Menipis
PRD-43686,244,49.0,28.0,338000,Tidak,Blok A,REGULER,Backorder
PRD-73769,251,9.0,8.0,406000,Ya,Blok B,Reguler,Aman
PRD-28689,114,42.0,12.0,213000,Tidak,Blok C,Premium,Backorder
PRD-17227,168,7.0,14.0,393000,Ya,Blok A,premium ,Aman
PRD-94754,74,36.0,23.0,104000,Tidak,Blok A,Reguler,Backorder
PRD-44387,9,26.0,18.0,108000,Tidak,Blok A, reguler ,Backorder
PRD-47387,469,1.0,8.0,409000,Tidak,Blok B,Premium,Aman
PRD-10492,160,28.0,13.0,194000,Ya,Blok A,Premium,Backorder
PRD-52840,50,7.0,999.0,245000,Tidak,Blok C,Premium,Backorder
PRD-44263,58,3.0,6.0,460000,Tidak,Blok C,premium ,Menipis
PRD-29996,354,4.0,29.0,412000,Tidak,Blok A,Premium,Aman
PRD-96135,18,25.0,8.0,33000,Tidak,Blok C,Reguler,Backorder
PRD-11509,185,32.0,14.0,211000,Tidak,Blok A,REGULER,Backorder
PRD-97728,157,44.0,3.0,218000,Tidak,Blok C,REGULER,Backorder
PRD-75128,111,23.0,11.0,109000,Ya,Blok C, reguler ,Backorder
PRD-59294,334,29.0,12.0,105000,Ya,Blok C,Premium,Menipis
PRD-86971,281,26.0,14.0,185000,Tidak,Blok C,Reguler,Aman
PRD-90357,220,,24.0,114000,Ya,Blok B,REGULER,Backorder
PRD-34306,384,17.0,10.0,176000,Tidak,Blok B,REGULER,Aman
PRD-87707,396,46.0,26.0,299000,Ya,Blok C,REGULER,Menipis
PRD-75082,85,21.0,12.0,387000,Ya,Blok A,Reguler,Aman
PRD-60990,369,37.0,6.0,342000,Ya,Blok B, reguler ,Menipis
PRD-61952,93,33.0,15.0,316000,Tidak,Blok A,Reguler,Backorder
PRD-81629,11,46.0,27.0,472000,Tidak,Blok B,Reguler,Backorder
PRD-33666,408,41.0,18.0,425000,Ya,Blok A,Reguler,Menipis
PRD-62611,178,19.0,25.0,145000,Tidak,Blok C,REGULER,Menipis
PRD-17135,227,41.0,4.0,16000,Tidak,Blok C,REGULER,Menipis
PRD-38718,96,44.0,8.0,237000,Tidak,Blok B,REGULER,Menipis
PRD-29199,33,18.0,20.0,41000,Tidak,Blok B,premium ,Backorder
PRD-20702,256,20.0,19.0,379000,Tidak,Blok A,REGULER,Backorder
PRD-96576,456,8.0,,208000,Tidak,Blok B, reguler ,Aman
PRD-77309,475,5.0,,387000,Tidak,Blok C,REGULER,Aman
PRD-12887,99,20.0,27.0,34000,Tidak,Blok A,premium ,Backorder
PRD-23503,318,4.0,4.0,27000,Tidak,Blok B,REGULER,Backorder
PRD-47051,336,36.0,17.0,249000,Tidak,Blok A,premium ,Backorder
PRD-81187,463,5.0,11.0,316000,Tidak,Blok B,Premium,Aman
PRD-61257,98,23.0,7.0,89000,Tidak,Blok A, reguler ,Backorder
PRD-11391,279,24.0,14.0,306000,Ya,Blok C,premium ,Backorder
PRD-56531,439,13.0,2.0,486000,Ya,Blok B,Reguler,Aman
PRD-49279,391,8.0,19.0,213000,Ya,Blok C,premium ,Aman
PRD-55893,78,33.0,24.0,110000,Tidak,Blok C, reguler ,Aman
PRD-49725,492,35.0,14.0,472000,Tidak,Blok B,Reguler,Aman
PRD-74808,285,17.0,25.0,54000,Tidak,Blok C,Premium,Backorder
PRD-65565,268,39.0,2.0,72000,Ya,Blok A,premium ,Aman
PRD-78577,319,32.0,3.0,391000,Tidak,Blok C,REGULER,Aman
PRD-44493,405,35.0,13.0,177000,Ya,Blok B, reguler ,Menipis
PRD-12552,13,29.0,4.0,282000,Tidak,Blok B,Premium,Backorder
PRD-52406,391,9.0,5.0,264000,Ya,Blok A,Reguler,Aman
PRD-69945,266,24.0,25.0,126000,Tidak,Blok C,Premium,Menipis
PRD-76567,239,37.0,10.0,176000,Ya,Blok B,Reguler,Menipis
PRD-31326,81,14.0,8.0,414000,Tidak,Blok C,Premium,Backorder
PRD-83340,337,44.0,20.0,15000,Ya,Blok B,Reguler,Backorder
PRD-79681,114,7.0,18.0,183000,Tidak,Blok B,Reguler,Backorder
PRD-43268,134,11.0,21.0,482000,Ya,Blok C, reguler ,Backorder
PRD-81695,490,29.0,19.0,475000,Ya,Blok C,Premium,Menipis
PRD-41007,232,11.0,5.0,138000,Ya,Blok C,Reguler,Aman
PRD-94860,23,23.0,26.0,318000,Tidak,Blok B,premium ,Menipis
PRD-88052,117,18.0,20.0,170000,Tidak,Blok C,Reguler,Aman
PRD-72785,133,38.0,,398000,Tidak,Blok B,Reguler,Backorder
PRD-82918,246,35.0,13.0,365000,Tidak,Blok B,premium ,Backorder
PRD-35104,329,37.0,28.0,182000,Tidak,Blok B,Premium,Backorder
PRD-73646,128,24.0,21.0,306000,Tidak,Blok C,premium ,Backorder
PRD-39063,283,13.0,999.0,404000,Tidak,Blok B, reguler ,Menipis
PRD-41721,381,18.0,17.0,381000,Tidak,Blok B,Reguler,Aman
PRD-86060,39,32.0,5.0,144000,Tidak,Blok A,Reguler,Backorder
PRD-59632,323,,17.0,195000,Tidak,Blok A, reguler ,Backorder
PRD-52431,308,12.0,11.0,114000,Tidak,Blok C,Premium,Aman
PRD-17847,361,3.0,5.0,352000,Tidak,Blok A,REGULER,Aman
PRD-49373,412,29.0,14.0,344000,Ya,Blok B,Premium,Backorder
PRD-40028,15,1.0,7.0,109000,Tidak,Blok C, reguler ,Menipis
PRD-27266,494,42.0,15.0,393000,Tidak,Blok A,premium ,Backorder
PRD-45333,251,14.0,29.0,36000,Ya,Blok C,premium ,Backorder
PRD-42821,493,11.0,,293000,Tidak,Blok C,Reguler,Aman
PRD-28256,109,4.0,17.0,326000,Tidak,Blok B,Reguler,Aman
PRD-48889,423,26.0,5.0,329000,Tidak,Blok C,Premium,Aman
PRD-24080,263,28.0,2.0,312000,Tidak,Blok B,premium ,Aman
PRD-90863,70,11.0,6.0,103000,Tidak,Blok C,premium ,Aman
PRD-33600,482,30.0,29.0,76000,Tidak,Blok B,premium ,Backorder
PRD-40954,88,29.0,23.0,378000,Tidak,Blok C, reguler ,Backorder
PRD-39375,489,28.0,27.0,482000,Ya,Blok B,premium ,Backorder
PRD-17038,339,37.0,2.0,483000,Tidak,Blok B,REGULER,Backorder
PRD-22780,449,17.0,8.0,91000,Tidak,Blok A,Reguler,Menipis
PRD-40766,478,32.0,11.0,147000,Ya,Blok C,Premium,Backorder
PRD-51605,436,7.0,12.0,171000,Tidak,Blok A,Premium,Aman
PRD-98666,428,15.0,7.0,438000,Tidak,Blok B,REGULER,Aman
PRD-97228,83,19.0,21.0,169000,Tidak,Blok C,premium ,Backorder
PRD-57837,35,22.0,14.0,155000,Tidak,Blok B, reguler ,Backorder
PRD-32075,155,41.0,20.0,104000,Tidak,Blok B,Reguler,Backorder
PRD-54535,433,23.0,21.0,147000,Ya,Blok B, reguler ,Menipis
PRD-99922,22,33.0,23.0,355000,Tidak,Blok A,Reguler,Backorder
PRD-19472,460,47.0,22.0,433000,Ya,Blok A,Premium,Backorder
PRD-68105,479,2.0,4.0,25000,Tidak,Blok A,Reguler,Aman
PRD-55761,88,2.0,16.0,259000,Ya,Blok C,premium ,Aman
PRD-35594,167,42.0,14.0,412000,Tidak,Blok B,premium ,Backorder
PRD-68745,95,29.0,19.0,487000,Ya,Blok A, reguler ,Backorder
PRD-19852,274,,15.0,317000,Tidak,Blok C,REGULER,Aman
PRD-80028,68,48.0,21.0,63000,Ya,Blok B,Reguler,Backorder
PRD-18472,439,40.0,14.0,163000,Tidak,Blok B,Reguler,Backorder
PRD-98306,493,28.0,23.0,160000,Tidak,Blok C,Premium,Menipis
PRD-57057,152,29.0,27.0,295000,Tidak,Blok B,premium ,Backorder
PRD-73027,227,29.0,15.0,137000,Tidak,Blok A,Reguler,Backorder
PRD-82430,476,12.0,3.0,70000,Tidak,Blok C,REGULER,Aman
PRD-12103,476,41.0,18.0,485000,Tidak,Blok C,REGULER,Backorder
PRD-80067,0,,24.0,173000,Tidak,Blok C,premium ,Backorder
PRD-19435,216,29.0,23.0,268000,Tidak,Blok B,Reguler,Backorder
PRD-54130,288,29.0,19.0,498000,Tidak,Blok A,Premium,Menipis
PRD-19596,87,3.0,21.0,410000,Tidak,Blok A, reguler ,Menipis
PRD-38400,448,23.0,3.0,465000,Tidak,Blok A,Premium,Aman
PRD-71816,14,19.0,18.0,87000,Tidak,Blok B, reguler ,Backorder
PRD-96713,288,3.0,7.0,79000,Tidak,Blok B,Reguler,Aman
PRD-83324,395,1.0,24.0,44000,Tidak,Blok B, reguler ,Menipis
PRD-20995,2,16.0,13.0,437000,Ya,Blok C,premium ,Backorder
PRD-68601,73,33.0,27.0,497000,Tidak,Blok A,REGULER,Backorder
PRD-89973,284,2.0,5.0,170000,Tidak,Blok A,Premium,Aman
PRD-62428,220,27.0,5.0,425000,Ya,Blok A,Reguler,Menipis
PRD-75782,467,30.0,3.0,25000,Tidak,Blok A, reguler ,Backorder
PRD-37197,120,16.0,29.0,267000,Tidak,Blok B,Reguler,Backorder
PRD-17933,65,3.0,4.0,278000,Tidak,Blok A, reguler ,Menipis
PRD-49298,47,40.0,22.0,196000,Tidak,Blok A,Reguler,Backorder
PRD-94227,242,29.0,26.0,27000,Tidak,Blok A, reguler ,Menipis
PRD-30229,0,7.0,20.0,280000,Tidak,Blok C,Premium,Backorder
PRD-39777,143,26.0,25.0,481000,Tidak,Blok B,REGULER,Backorder
PRD-21279,401,3.0,28.0,20000,Tidak,Blok B,Premium,Aman
PRD-53066,237,41.0,15.0,19000,Tidak,Blok A,Premium,Backorder
PRD-62083,185,49.0,3.0,489000,Tidak,Blok B,Premium,Menipis
PRD-45371,312,47.0,13.0,325000,Tidak,Blok C,premium ,Backorder
PRD-81762,489,43.0,9.0,32000,Ya,Blok B,REGULER,Aman
PRD-42766,240,13.0,4.0,255000,Ya,Blok B, reguler ,Aman
PRD-49451,413,29.0,25.0,309000,Ya,Blok A,REGULER,Backorder
PRD-54333,9,22.0,17.0,188000,Tidak,Blok A,Reguler,Backorder
PRD-38743,41,6.0,27.0,339000,Tidak,Blok C,Reguler,Backorder
PRD-12983,352,12.0,23.0,219000,Tidak,Blok C,premium ,Menipis
PRD-59979,397,30.0,24.0,224000,Tidak,Blok A,REGULER,Backorder
PRD-50262,361,37.0,,403000,Ya,Blok B,premium ,Menipis
PRD-56309,195,6.0,27.0,13000,Tidak,Blok B, reguler ,Aman
PRD-57249,153,21.0,12.0,83000,Ya,Blok B,Reguler,Backorder
PRD-28413,165,27.0,22.0,284000,Tidak,Blok B,Premium,Backorder
PRD-34855,257,5.0,19.0,167000,Tidak,Blok C,Premium,Aman
PRD-96210,271,37.0,18.0,147000,Ya,Blok A,Premium,Backorder
PRD-21517,447,46.0,23.0,446000,Ya,Blok B,Premium,Backorder
PRD-55510,240,26.0,13.0,137000,Tidak,Blok A,premium ,Backorder
PRD-18118,60,,3.0,175000,Tidak,Blok A,REGULER,Menipis
PRD-38647,2,10.0,21.0,432000,Tidak,Blok B,REGULER,Backorder
PRD-82107,319,19.0,5.0,251000,Tidak,Blok A, reguler ,Aman
PRD-55380,313,45.0,19.0,355000,Tidak,Blok B,Premium,Menipis
PRD-15153,400,44.0,4.0,300000,Tidak,Blok B,Reguler,Backorder
PRD-65388,487,20.0,23.0,404000,Tidak,Blok A, reguler ,Backorder
PRD-30080,480,42.0,4.0,335000,Tidak,Blok A,Premium,Aman
PRD-24130,254,48.0,25.0,110000,Ya,Blok B,Reguler,Backorder
PRD-61148,43,36.0,15.0,136000,Tidak,Blok C,premium ,Backorder
PRD-86820,100,34.0,9.0,246000,Tidak,Blok A, reguler ,Backorder
PRD-30460,277,42.0,23.0,450000,Tidak,Blok A,premium ,Backorder
PRD-30022,197,19.0,20.0,105000,Tidak,Blok B,REGULER,Menipis
PRD-21120,150,36.0,15.0,364000,Tidak,Blok A,Reguler,Menipis
PRD-46331,428,25.0,21.0,333000,Ya,Blok A,Premium,Backorder
PRD-26559,61,3.0,21.0,435000,Tidak,Blok B,REGULER,Menipis
PRD-22182,301,28.0,6.0,346000,Tidak,Blok B,Reguler,Menipis
PRD-84554,201,17.0,21.0,28000,Ya,Blok A,premium ,Backorder
PRD-88916,260,37.0,19.0,47000,Ya,Blok A,Premium,Backorder
PRD-62726,168,,23.0,105000,Tidak,Blok C,premium ,Backorder
PRD-26934,358,13.0,5.0,135000,Tidak,Blok A,premium ,Aman
PRD-65872,494,10.0,23.0,306000,Tidak,Blok B,REGULER,Aman
PRD-27400,435,47.0,5.0,245000,Tidak,Blok A,premium ,Menipis
PRD-52933,82,49.0,29.0,267000,Tidak,Blok B, reguler ,Menipis
PRD-69025,429,13.0,13.0,326000,Tidak,Blok C,Reguler,Aman
PRD-35464,129,12.0,18.0,476000,Tidak,Blok A, reguler ,Backorder
PRD-95239,394,12.0,5.0,45000,Tidak,Blok C,premium ,Aman
PRD-43827,341,35.0,19.0,189000,Tidak,Blok C,REGULER,Backorder
PRD-54291,435,20.0,29.0,180000,Ya,Blok B,Reguler,Backorder
PRD-84417,313,8.0,9.0,22000,Tidak,Blok C,REGULER,Aman
PRD-42299,403,8.0,16.0,192000,Tidak,Blok B,Premium,Aman
PRD-45490,366,19.0,5.0,309000,Tidak,Blok A,Premium,Aman
PRD-51722,16,16.0,2.0,442000,Tidak,Blok A,Reguler,Menipis
PRD-33236,28,5.0,27.0,52000,Tidak,Blok A, reguler ,Backorder
PRD-57914,362,1.0,25.0,367000,Ya,Blok A,premium ,Aman
PRD-72028,248,2.0,8.0,75000,Tidak,Blok A, reguler ,Aman
PRD-63364,117,48.0,28.0,297000,Tidak,Blok C, reguler ,Backorder
PRD-57221,391,16.0,21.0,487000,Ya,Blok B,REGULER,Menipis
PRD-19436,207,13.0,27.0,47000,Tidak,Blok C,premium ,Backorder
PRD-56313,370,14.0,10.0,465000,Tidak,Blok A, reguler ,Aman
PRD-85609,244,39.0,22.0,172000,Tidak,Blok C,Premium,Backorder
PRD-48247,401,26.0,28.0,213000,Tidak,Blok C,Reguler,Backorder
PRD-18307,50,18.0,3.0,293000,Ya,Blok B,Reguler,Menipis
PRD-11609,51,26.0,23.0,50000,Ya,Blok A,REGULER,Backorder
PRD-96155,195,,24.0,300000,Tidak,Blok C,REGULER,Aman
PRD-66964,30,47.0,9.0,281000,Tidak,Blok A, reguler ,Menipis
PRD-74829,448,14.0,999.0,468000,Tidak,Blok B,premium ,Aman
PRD-62796,132,34.0,17.0,307000,Tidak,Blok C,premium ,Backorder
PRD-67716,247,5.0,5.0,152000,Ya,Blok C,premium ,Aman
PRD-78447,125,18.0,23.0,210000,Tidak,Blok B,Premium,Backorder
PRD-37518,407,47.0,3.0,133000,Ya,Blok A, reguler ,Aman
PRD-86427,64,28.0,10.0,211000,Tidak,Blok C,premium ,Backorder
PRD-85117,106,26.0,23.0,304000,Ya,Blok A,Premium,Backorder
PRD-57631,412,33.0,22.0,228000,Ya,Blok B,Reguler,Menipis
PRD-19915,407,20.0,9.0,455000,Tidak,Blok B,Premium,Menipis
PRD-73379,216,23.0,999.0,480000,Ya,Blok A,Premium,Menipis
PRD-85033,3,37.0,10.0,436000,Tidak,Blok B, reguler ,Backorder
PRD-88815,31,32.0,27.0,166000,Ya,Blok C,premium ,Backorder
PRD-38803,449,32.0,8.0,381000,Tidak,Blok C,Premium,Backorder
PRD-93308,324,,8.0,107000,Tidak,Blok C,REGULER,Aman
PRD-31563,294,14.0,19.0,425000,Tidak,Blok B,premium ,Backorder
PRD-30625,441,,14.0,473000,Tidak,Blok C,premium ,Menipis
PRD-95970,457,47.0,2.0,360000,Ya,Blok B,premium ,Aman
PRD-77342,76,33.0,4.0,432000,Ya,Blok B,Premium,Menipis
PRD-96282,359,,7.0,326000,Tidak,Blok B, reguler ,Backorder
PRD-97822,64,18.0,25.0,255000,Tidak,Blok B,premium ,Backorder
PRD-97132,15,26.0,9.0,338000,Tidak,Blok B,REGULER,Backorder
PRD-25111,262,9.0,19.0,267000,Tidak,Blok A, reguler ,Aman
PRD-88229,446,2.0,23.0,10000,Ya,Blok B,premium ,Aman
PRD-81088,387,36.0,5.0,368000,Tidak,Blok C,Premium,Aman
PRD-37952,333,38.0,24.0,17000,Ya,Blok A,REGULER,Backorder
PRD-29233,24,4.0,27.0,345000,Tidak,Blok A, reguler ,Aman
PRD-59817,142,32.0,18.0,480000,Tidak,Blok A,Premium,Backorder
PRD-15212,109,27.0,28.0,129000,Tidak,Blok B,REGULER,Backorder
PRD-31727,147,47.0,29.0,95000,Tidak,Blok A,REGULER,Backorder
PRD-26456,401,38.0,3.0,428000,Tidak,Blok A,Reguler,Aman
PRD-57367,40,26.0,4.0,447000,Tidak,Blok A,premium ,Backorder
PRD-49697,133,,4.0,332000,Tidak,Blok B, reguler ,Menipis
PRD-42250,398,49.0,14.0,367000,Tidak,Blok A,premium ,Menipis
PRD-38451,186,6.0,16.0,395000,Tidak,Blok A,premium ,Menipis
PRD-71855,225,37.0,15.0,260000,Tidak,Blok A,Premium,Backorder
PRD-30954,48,21.0,19.0,428000,Ya,Blok B,REGULER,Backorder
PRD-87505,37,5.0,18.0,410000,Tidak,Blok A,premium ,Backorder
PRD-20916,463,39.0,25.0,297000,Ya,Blok B,REGULER,Backorder
PRD-60481,284,27.0,25.0,138000,Tidak,Blok C,Premium,Backorder
PRD-60081,330,,15.0,345000,Ya,Blok A, reguler ,Backorder
PRD-24706,111,26.0,4.0,231000,Ya,Blok A, reguler ,Aman
PRD-29675,175,9.0,4.0,149000,Tidak,Blok C,REGULER,Aman
PRD-70963,182,9.0,,242000,Tidak,Blok A,Reguler,Backorder
PRD-42983,93,45.0,25.0,497000,Tidak,Blok C,Premium,Backorder
PRD-12096,278,43.0,10.0,418000,Ya,Blok C, reguler ,Backorder
PRD-75169,436,2.0,29.0,389000,Tidak,Blok C, reguler ,Aman
PRD-10684,446,26.0,28.0,79000,Tidak,Blok A,Premium,Menipis
PRD-77334,165,3.0,10.0,393000,Tidak,Blok A,Reguler,Aman
PRD-22446,192,23.0,14.0,47000,Ya,Blok A,REGULER,Backorder
PRD-66661,219,32.0,23.0,61000,Tidak,Blok A,Premium,Backorder
PRD-73530,352,37.0,19.0,204000,Tidak,Blok C,premium ,Backorder
PRD-87095,164,7.0,24.0,431000,Tidak,Blok B,Reguler,Menipis
PRD-67716,37,32.0,5.0,402000,Tidak,Blok B,REGULER,Backorder
PRD-25804,71,48.0,23.0,410000,Tidak,Blok C,Reguler,Menipis
PRD-98810,347,14.0,17.0,170000,Tidak,Blok B, reguler ,Aman
PRD-92018,27,32.0,15.0,170000,Tidak,Blok C, reguler ,Backorder
PRD-36498,380,21.0,7.0,386000,Tidak,Blok C,Reguler,Aman
PRD-81126,72,18.0,7.0,227000,Tidak,Blok C,Premium,Backorder
PRD-94517,149,37.0,28.0,160000,Tidak,Blok B,premium ,Backorder
PRD-10639,204,23.0,22.0,314000,Tidak,Blok A,Reguler,Backorder
PRD-38475,60,44.0,2.0,227000,Ya,Blok B,Reguler,Menipis
PRD-33510,335,11.0,7.0,386000,Ya,Blok A, reguler ,Aman
PRD-87273,123,26.0,17.0,164000,Tidak,Blok A, reguler ,Aman
PRD-41335,303,19.0,23.0,407000,Tidak,Blok A,premium ,Backorder
PRD-81308,110,21.0,26.0,243000,Tidak,Blok B,premium ,Backorder
PRD-33154,264,27.0,23.0,95000,Tidak,Blok B, reguler ,Backorder
PRD-64220,244,26.0,15.0,331000,Tidak,Blok C,Reguler,Backorder
PRD-96555,139,3.0,29.0,264000,Tidak,Blok B, reguler ,Aman
PRD-30581,482,12.0,17.0,243000,Tidak,Blok A,Premium,Aman
PRD-30140,497,45.0,6.0,421000,Tidak,Blok C, reguler ,Aman
PRD-16163,460,44.0,2.0,378000,Tidak,Blok A,REGULER,Aman
PRD-70422,489,38.0,29.0,99000,Tidak,Blok A,Reguler,Menipis
PRD-82154,258,2.0,8.0,307000,Tidak,Blok B,premium ,Aman
PRD-90764,70,31.0,19.0,313000,Tidak,Blok A,premium ,Aman
PRD-11591,7,3.0,8.0,113000,Tidak,Blok A,premium ,Backorder
PRD-43660,351,19.0,23.0,17000,Ya,Blok A, reguler ,Backorder
PRD-62870,413,31.0,2.0,416000,Ya,Blok B,REGULER,Aman
PRD-28030,17,23.0,24.0,448000,Ya,Blok B,premium ,Backorder
PRD-73688,395,24.0,22.0,203000,Tidak,Blok A,premium ,Backorder
PRD-15355,176,31.0,18.0,393000,Ya,Blok C,Reguler,Backorder
PRD-40024,407,46.0,22.0,108000,Tidak,Blok C,Reguler,Backorder
PRD-82887,55,25.0,12.0,349000,Ya,Blok A,Reguler,Backorder
PRD-70390,396,37.0,20.0,273000,Ya,Blok B,Premium,Backorder
PRD-45247,62,39.0,2.0,198000,Ya,Blok C, reguler ,Backorder
PRD-54045,180,2.0,,150000,Tidak,Blok C, reguler ,Aman
PRD-47726,20,30.0,8.0,328000,Tidak,Blok B, reguler ,Backorder
PRD-11378,364,22.0,15.0,79000,Tidak,Blok C,Reguler,Backorder
PRD-99025,229,4.0,2.0,241000,Ya,Blok A,Premium,Aman
PRD-60948,46,17.0,999.0,66000,Ya,Blok B,REGULER,Backorder
PRD-45737,334,31.0,13.0,139000,Ya,Blok C,Reguler,Aman
PRD-44678,403,7.0,5.0,127000,Tidak,Blok C,REGULER,Aman
PRD-15993,188,32.0,26.0,366000,Tidak,Blok B,Premium,Backorder
PRD-89655,20,34.0,14.0,240000,Tidak,Blok B,premium ,Backorder
PRD-47196,388,13.0,13.0,328000,Tidak,Blok A,premium ,Aman
PRD-97858,276,8.0,12.0,312000,Ya,Blok C,premium ,Aman
PRD-85415,421,25.0,,386000,Ya,Blok C,Reguler,Menipis
PRD-31348,107,24.0,14.0,21000,Tidak,Blok B,Reguler,Menipis
PRD-69258,448,39.0,22.0,92000,Tidak,Blok C, reguler ,Backorder
PRD-27297,114,18.0,3.0,266000,Ya,Blok C,Premium,Aman
PRD-60893,307,42.0,999.0,211000,Tidak,Blok B, reguler ,Backorder
PRD-70315,96,41.0,12.0,192000,Tidak,Blok C,Premium,Backorder
PRD-62142,281,26.0,16.0,428000,Tidak,Blok B,premium ,Backorder
PRD-30103,495,15.0,25.0,491000,Tidak,Blok A, reguler ,Menipis
PRD-87257,0,39.0,6.0,217000,Ya,Blok B,REGULER,Aman
PRD-36425,275,33.0,29.0,476000,Tidak,Blok C,REGULER,Backorder
PRD-25909,386,47.0,25.0,429000,Tidak,Blok B,Premium,Menipis
PRD-13326,89,1.0,9.0,245000,Tidak,Blok A,Reguler,Aman
PRD-90632,306,21.0,,325000,Tidak,Blok C,premium ,Aman
PRD-46292,125,32.0,8.0,392000,Tidak,Blok B,premium ,Menipis
PRD-27327,145,2.0,3.0,328000,Tidak,Blok B, reguler ,Aman
PRD-12443,7,28.0,19.0,263000,Ya,Blok B,premium ,Backorder
PRD-75592,400,8.0,999.0,434000,Ya,Blok A, reguler ,Aman
PRD-38900,65,43.0,18.0,52000,Tidak,Blok B,REGULER,Backorder
PRD-64615,238,29.0,18.0,214000,Tidak,Blok C,Premium,Backorder
PRD-41740,30,39.0,20.0,172000,Tidak,Blok A,premium ,Backorder
PRD-64842,479,15.0,22.0,440000,Tidak,Blok B, reguler ,Aman
PRD-83781,113,30.0,9.0,389000,Tidak,Blok A,Reguler,Backorder
PRD-52722,300,30.0,21.0,486000,Tidak,Blok A,premium ,Backorder
PRD-15206,273,25.0,7.0,335000,Tidak,Blok A, reguler ,Menipis
PRD-19865,464,33.0,14.0,60000,Tidak,Blok B,premium ,Menipis
PRD-36990,268,17.0,8.0,274000,Tidak,Blok A,Reguler,Aman
PRD-81543,431,36.0,13.0,344000,Ya,Blok B,Reguler,Backorder
PRD-80409,366,14.0,4.0,148000,Ya,Blok C,Premium,Aman
PRD-53060,433,46.0,18.0,391000,Ya,Blok B,Premium,Backorder
PRD-45739,194,19.0,7.0,152000,Ya,Blok C,Premium,Aman
PRD-25086,172,27.0,17.0,29000,Tidak,Blok B,REGULER,Backorder
PRD-28006,31,44.0,9.0,258000,Tidak,Blok A,premium ,Menipis
PRD-90650,498,32.0,28.0,378000,Tidak,Blok C,Premium,Backorder
PRD-10597,314,1.0,17.0,465000,Ya,Blok A,REGULER,Aman
PRD-24380,289,26.0,17.0,210000,Tidak,Blok A,Reguler,Aman
PRD-38084,4,2.0,14.0,449000,Tidak,Blok C,Reguler,Backorder
PRD-37328,434,38.0,11.0,489000,Tidak,Blok B,Premium,Menipis
PRD-88587,270,47.0,14.0,491000,Tidak,Blok C,Reguler,Backorder
PRD-55807,298,,27.0,488000,Tidak,Blok A,premium ,Aman
PRD-41312,232,27.0,6.0,368000,Tidak,Blok C, reguler ,Aman
PRD-74551,365,48.0,,340000,Tidak,Blok A,premium ,Backorder
PRD-58037,384,49.0,24.0,240000,Tidak,Blok A,Premium,Backorder
PRD-45929,141,38.0,26.0,161000,Tidak,Blok A,Premium,Backorder
PRD-47010,175,32.0,999.0,187000,Ya,Blok A, reguler ,Backorder
PRD-25972,171,21.0,13.0,40000,Tidak,Blok C,premium ,Backorder
PRD-96365,243,29.0,24.0,23000,Tidak,Blok B,premium ,Backorder
PRD-13985,477,28.0,22.0,222000,Tidak,Blok B, reguler ,Backorder
PRD-75344,223,38.0,13.0,225000,Tidak,Blok A,premium ,Backorder
PRD-20844,36,40.0,19.0,199000,Ya,Blok B,premium ,Aman
PRD-11951,491,12.0,15.0,15000,Tidak,Blok B,Premium,Aman
PRD-62756,97,26.0,21.0,139000,Ya,Blok A, reguler ,Backorder
PRD-29995,359,9.0,4.0,340000,Ya,Blok B, reguler ,Aman
PRD-31050,440,30.0,22.0,315000,Ya,Blok B,Premium,Backorder
PRD-52425,418,9.0,25.0,231000,Tidak,Blok C,Premium,Aman
PRD-22763,288,46.0,8.0,309000,Tidak,Blok A, reguler ,Backorder
PRD-69031,314,,21.0,494000,Tidak,Blok C,Reguler,Backorder
PRD-66117,122,24.0,20.0,16000,Tidak,Blok A,premium ,Backorder
PRD-47594,134,17.0,29.0,236000,Tidak,Blok C,REGULER,Menipis
PRD-78670,418,14.0,25.0,127000,Ya,Blok B,Reguler,Aman
PRD-87926,473,38.0,23.0,367000,Ya,Blok B, reguler ,Backorder
PRD-64437,124,29.0,5.0,314000,Tidak,Blok A, reguler ,Menipis
PRD-64290,417,45.0,13.0,467000,Tidak,Blok C,REGULER,Backorder
PRD-99499,449,16.0,6.0,250000,Tidak,Blok B,premium ,Aman
PRD-42980,460,19.0,24.0,335000,Tidak,Blok A,premium ,Menipis
PRD-16168,404,32.0,5.0,100000,Ya,Blok B,REGULER,Aman
PRD-37446,286,15.0,7.0,101000,Tidak,Blok C,Premium,Aman
PRD-51555,307,,23.0,283000,Ya,Blok B,REGULER,Backorder
PRD-57362,55,7.0,11.0,207000,Tidak,Blok B,premium ,Menipis
PRD-50544,470,20.0,3.0,344000,Ya,Blok C,premium ,Aman
PRD-73888,258,22.0,24.0,448000,Tidak,Blok B,Premium,Backorder
PRD-58581,136,35.0,5.0,133000,Tidak,Blok C,REGULER,Aman
PRD-29589,252,29.0,4.0,176000,Tidak,Blok B, reguler ,Aman
PRD-61813,385,38.0,,402000,Tidak,Blok C,premium ,Backorder
PRD-25358,12,34.0,11.0,50000,Tidak,Blok B,Premium,Menipis
PRD-89303,191,39.0,5.0,334000,Tidak,Blok B,REGULER,Aman
PRD-95469,338,34.0,4.0,218000,Tidak,Blok B,Premium,Aman
PRD-25419,424,40.0,15.0,422000,Tidak,Blok C,premium ,Backorder
PRD-13232,15,6.0,15.0,82000,Tidak,Blok A,REGULER,Backorder
PRD-11299,353,2.0,20.0,204000,Tidak,Blok A,REGULER,Aman
PRD-22625,386,34.0,25.0,468000,Tidak,Blok B,premium ,Backorder
PRD-27040,310,23.0,5.0,451000,Tidak,Blok A, reguler ,Backorder
PRD-70348,392,10.0,17.0,456000,Tidak,Blok A, reguler ,Aman
PRD-62256,397,28.0,22.0,408000,Tidak,Blok B, reguler ,Backorder
PRD-11919,256,33.0,5.0,225000,Tidak,Blok B, reguler ,Backorder
PRD-47081,487,40.0,2.0,194000,Tidak,Blok A, reguler ,Aman
PRD-40936,477,43.0,10.0,117000,Tidak,Blok A, reguler ,Menipis
PRD-40540,364,6.0,25.0,72000,Tidak,Blok A,Premium,Aman
PRD-17432,325,27.0,2.0,375000,Tidak,Blok C,premium ,Aman
PRD-64040,13,35.0,15.0,453000,Tidak,Blok A, reguler ,Backorder
PRD-89478,464,9.0,12.0,74000,Ya,Blok A,Reguler,Aman
PRD-19617,34,12.0,18.0,311000,Tidak,Blok A,Premium,Backorder
PRD-48596,142,38.0,999.0,33000,Ya,Blok A,Premium,Aman
PRD-95430,108,,18.0,216000,Ya,Blok B,REGULER,Backorder
PRD-99152,168,13.0,20.0,124000,Tidak,Blok B,REGULER,Menipis
PRD-34045,193,43.0,20.0,22000,Tidak,Blok C, reguler ,Aman
PRD-90073,116,14.0,29.0,320000,Tidak,Blok A, reguler ,Aman
PRD-90685,346,6.0,26.0,474000,Ya,Blok B,Premium,Backorder
PRD-73232,188,36.0,26.0,49000,Tidak,Blok A,premium ,Menipis
PRD-25487,352,14.0,999.0,184000,Ya,Blok C,Premium,Aman
PRD-28782,329,20.0,28.0,328000,Tidak,Blok C,REGULER,Aman
PRD-89563,189,40.0,21.0,101000,Ya,Blok C,premium ,Backorder
PRD-17314,431,49.0,999.0,98000,Tidak,Blok B,REGULER,Menipis
PRD-13188,60,48.0,26.0,19000,Tidak,Blok C,Reguler,Aman
PRD-98738,12,34.0,19.0,241000,Tidak,Blok B,Premium,Backorder
PRD-85683,96,26.0,3.0,96000,Tidak,Blok A,premium ,Backorder
PRD-36723,74,26.0,20.0,153000,Tidak,Blok C,Premium,Menipis
PRD-91297,49,35.0,19.0,123000,Tidak,Blok A,premium ,Backorder
PRD-53162,128,15.0,29.0,358000,Ya,Blok C,premium ,Backorder
PRD-30982,480,,7.0,136000,Ya,Blok A,Premium,Menipis
PRD-49051,458,47.0,27.0,309000,Tidak,Blok C, reguler ,Backorder
PRD-28261,173,18.0,8.0,87000,Tidak,Blok A, reguler ,Menipis
PRD-82322,308,12.0,27.0,56000,Tidak,Blok C,REGULER,Aman
PRD-41845,281,42.0,7.0,286000,Ya,Blok B,REGULER,Backorder
PRD-81846,163,33.0,5.0,229000,Tidak,Blok B, reguler ,Aman
PRD-11725,436,7.0,3.0,431000,Tidak,Blok A,REGULER,Aman
PRD-41585,352,18.0,19.0,371000,Tidak,Blok A, reguler ,Backorder
PRD-68819,492,13.0,18.0,192000,Ya,Blok A,premium ,Aman
PRD-87454,390,12.0,20.0,347000,Tidak,Blok A,Premium,Aman
PRD-81652,431,41.0,17.0,61000,Tidak,Blok C,premium ,Aman
PRD-20411,191,23.0,999.0,98000,Tidak,Blok A,Reguler,Backorder
PRD-60603,443,46.0,11.0,224000,Tidak,Blok B,Premium,Menipis
PRD-26061,468,4.0,22.0,380000,Tidak,Blok B,Reguler,Aman
PRD-65468,381,8.0,4.0,11000,Tidak,Blok B,REGULER,Aman
PRD-19190,159,33.0,26.0,285000,Tidak,Blok B,Premium,Menipis
PRD-77661,116,9.0,8.0,161000,Tidak,Blok A,premium ,Aman
PRD-74946,101,27.0,9.0,363000,Tidak,Blok B,premium ,Menipis
PRD-80610,51,21.0,15.0,215000,Tidak,Blok C,Premium,Backorder
PRD-62076,113,30.0,20.0,229000,Tidak,Blok B,REGULER,Menipis
PRD-99966,265,30.0,999.0,93000,Ya,Blok B,REGULER,Backorder
PRD-36598,36,10.0,24.0,239000,Ya,Blok C, reguler ,Backorder
PRD-45999,367,13.0,4.0,368000,Tidak,Blok A,Premium,Aman
PRD-81206,286,10.0,13.0,42000,Ya,Blok B,Premium,Aman
PRD-53619,418,22.0,27.0,345000,Ya,Blok B,Reguler,Backorder
PRD-39336,217,24.0,28.0,459000,Tidak,Blok A,REGULER,Backorder
PRD-86700,11,31.0,19.0,242000,Ya,Blok A,Reguler,Backorder
PRD-49148,429,1.0,19.0,90000,Tidak,Blok A,Premium,Aman
PRD-68701,102,41.0,14.0,141000,Tidak,Blok C, reguler ,Menipis
PRD-23795,404,15.0,17.0,486000,Ya,Blok B, reguler ,Menipis
PRD-36745,103,18.0,22.0,272000,Ya,Blok C, reguler ,Backorder
PRD-88561,198,13.0,28.0,432000,Ya,Blok C,Premium,Menipis
PRD-92912,152,3.0,26.0,151000,Tidak,Blok C, reguler ,Aman
PRD-25290,145,9.0,22.0,227000,Tidak,Blok B,Premium,Backorder
PRD-64943,479,26.0,24.0,294000,Tidak,Blok B,premium ,Backorder
PRD-53663,99,18.0,20.0,293000,Tidak,Blok A,premium ,Backorder
PRD-92291,188,34.0,12.0,265000,Ya,Blok B,Reguler,Backorder
PRD-78950,328,28.0,28.0,413000,Tidak,Blok C,REGULER,Backorder
PRD-81431,245,31.0,6.0,130000,Ya,Blok C,premium ,Backorder
PRD-59323,437,9.0,16.0,356000,Tidak,Blok A, reguler ,Aman
PRD-23429,496,40.0,11.0,189000,Tidak,Blok C,Reguler,Menipis
PRD-67923,101,35.0,2.0,434000,Ya,Blok B,premium ,Menipis
PRD-94242,455,11.0,23.0,27000,Tidak,Blok B,premium ,Backorder
PRD-92476,110,23.0,7.0,195000,Tidak,Blok A,premium ,Backorder
PRD-49504,113,31.0,29.0,77000,Tidak,Blok B,Reguler,Backorder
PRD-24635,129,15.0,29.0,111000,Tidak,Blok B, reguler ,Menipis
PRD-76577,186,24.0,8.0,223000,Tidak,Blok C, reguler ,Menipis
PRD-95392,297,29.0,6.0,244000,Ya,Blok C,premium ,Menipis
PRD-78449,170,48.0,2.0,191000,Tidak,Blok A,Premium,Menipis
PRD-80192,299,47.0,24.0,107000,Ya,Blok C,premium ,Backorder
PRD-21656,270,,6.0,435000,Tidak,Blok B,Premium,Aman
PRD-55409,0,41.0,6.0,385000,Ya,Blok C,REGULER,Backorder
PRD-35032,319,10.0,15.0,114000,Tidak,Blok C, reguler ,Aman
PRD-61529,208,12.0,24.0,381000,Ya,Blok B,Reguler,Backorder
PRD-40116,95,42.0,12.0,469000,Ya,Blok B,Premium,Backorder
PRD-38746,412,40.0,11.0,320000,Ya,Blok B,REGULER,Aman
PRD-54738,110,43.0,15.0,328000,Ya,Blok B,Reguler,Backorder
PRD-38082,399,43.0,9.0,88000,Tidak,Blok B, reguler ,Aman
PRD-75020,132,,22.0,299000,Tidak,Blok A,Premium,Backorder
PRD-88356,360,48.0,,147000,Tidak,Blok B,premium ,Backorder
PRD-61474,332,24.0,17.0,139000,Tidak,Blok C,Reguler,Backorder
PRD-46051,48,42.0,9.0,472000,Tidak,Blok B,Premium,Backorder
PRD-64691,455,47.0,24.0,132000,Tidak,Blok B,REGULER,Backorder
PRD-12340,479,27.0,26.0,447000,Tidak,Blok C,premium ,Backorder
PRD-58787,287,23.0,8.0,168000,Tidak,Blok B,REGULER,Aman
PRD-50985,27,49.0,17.0,175000,Tidak,Blok A, reguler ,Backorder
PRD-46445,72,35.0,4.0,367000,Tidak,Blok B, reguler ,Backorder
PRD-96483,478,13.0,10.0,106000,Tidak,Blok A,Premium,Aman
PRD-87198,199,16.0,11.0,209000,Tidak,Blok A,REGULER,Backorder
PRD-38363,24,19.0,24.0,32000,Ya,Blok B,Reguler,Backorder
PRD-86112,80,8.0,27.0,379000,Tidak,Blok B,Premium,Backorder
PRD-56473,24,11.0,25.0,221000,Ya,Blok C, reguler ,Backorder
PRD-45010,254,17.0,28.0,308000,Tidak,Blok B,Reguler,Backorder
PRD-42940,427,,7.0,134000,Tidak,Blok B,premium ,Menipis
PRD-29781,337,26.0,3.0,246000,Tidak,Blok A, reguler ,Aman
PRD-59847,207,,7.0,455000,Ya,Blok C,Premium,Aman
PRD-52821,144,34.0,22.0,74000,Ya,Blok A,REGULER,Backorder
PRD-17207,338,20.0,7.0,292000,Ya,Blok C, reguler ,Aman
PRD-92617,161,49.0,7.0,73000,Tidak,Blok A,Premium,Backorder
PRD-24626,153,10.0,21.0,101000,Tidak,Blok B,REGULER,Aman
PRD-94526,333,,18.0,343000,Tidak,Blok B, reguler ,Backorder
PRD-89111,489,32.0,7.0,202000,Tidak,Blok A,Premium,Aman
PRD-78936,433,5.0,18.0,47000,Ya,Blok B,Premium,Aman
PRD-78112,159,45.0,24.0,130000,Tidak,Blok B,Premium,Backorder
PRD-82010,0,17.0,29.0,385000,Tidak,Blok A,Premium,Backorder
PRD-32785,429,28.0,8.0,324000,Ya,Blok C,premium ,Aman
PRD-80831,380,,25.0,145000,Ya,Blok B,Premium,Aman
PRD-69635,64,49.0,2.0,483000,Ya,Blok C, reguler ,Menipis
PRD-52322,356,36.0,999.0,152000,Ya,Blok B,Premium,Backorder
PRD-45851,460,19.0,20.0,35000,Tidak,Blok B,REGULER,Aman
PRD-10060,308,39.0,29.0,498000,Tidak,Blok A,REGULER,Backorder
PRD-77445,370,49.0,6.0,161000,Ya,Blok C,premium ,Aman
PRD-14507,134,48.0,6.0,320000,Ya,Blok B,premium ,Backorder
PRD-31778,6,44.0,7.0,471000,Tidak,Blok B,REGULER,Backorder
PRD-71246,191,44.0,7.0,263000,Ya,Blok B,premium ,Backorder
PRD-61578,263,12.0,17.0,184000,Tidak,Blok A,premium ,Menipis
PRD-91685,349,1.0,4.0,178000,Tidak,Blok C,REGULER,Aman
PRD-56737,13,23.0,2.0,148000,Ya,Blok B,premium ,Menipis
PRD-61971,328,35.0,23.0,470000,Tidak,Blok C,Premium,Backorder
PRD-57098,485,40.0,17.0,301000,Ya,Blok C,REGULER,Backorder
PRD-67395,226,8.0,29.0,260000,Ya,Blok A,Premium,Menipis
PRD-70314,119,2.0,20.0,465000,Tidak,Blok B,REGULER,Aman
PRD-11843,64,39.0,27.0,260000,Tidak,Blok B, reguler ,Menipis
PRD-50860,410,25.0,29.0,134000,Tidak,Blok C,Reguler,Menipis
PRD-48623,282,49.0,15.0,444000,Tidak,Blok A,Reguler,Backorder
PRD-20707,242,38.0,10.0,475000,Ya,Blok A,REGULER,Backorder
PRD-74170,297,41.0,28.0,216000,Tidak,Blok A,Premium,Backorder
PRD-46191,251,21.0,5.0,163000,Ya,Blok C, reguler ,Aman
PRD-78497,398,21.0,18.0,13000,Tidak,Blok B,premium ,Backorder
PRD-96145,17,32.0,23.0,306000,Tidak,Blok B,Reguler,Backorder
PRD-49770,263,31.0,999.0,269000,Tidak,Blok B,premium ,Backorder
PRD-48367,229,27.0,,483000,Tidak,Blok A,premium ,Menipis
PRD-54472,486,14.0,14.0,264000,Tidak,Blok A,Premium,Aman
PRD-20929,331,11.0,2.0,167000,Ya,Blok C, reguler ,Aman
PRD-11168,146,21.0,28.0,432000,Tidak,Blok A,Premium,Backorder
PRD-60617,458,22.0,29.0,307000,Tidak,Blok A,premium ,Aman
PRD-18536,181,10.0,7.0,295000,Ya,Blok A,REGULER,Aman
PRD-17664,272,48.0,8.0,168000,Tidak,Blok C,Premium,Aman
PRD-19695,338,4.0,28.0,102000,Ya,Blok A, reguler ,Aman
PRD-87798,282,29.0,3.0,438000,Tidak,Blok A, reguler ,Aman
PRD-58008,345,32.0,11.0,352000,Tidak,Blok A,Reguler,Backorder
PRD-85783,221,24.0,10.0,123000,Tidak,Blok C, reguler ,Menipis
PRD-86310,135,25.0,18.0,420000,Ya,Blok B,Premium,Backorder
PRD-68985,107,16.0,11.0,372000,Tidak,Blok B,Reguler,Menipis
PRD-11184,137,18.0,15.0,266000,Ya,Blok B,REGULER,Backorder
PRD-66344,183,15.0,21.0,433000,Tidak,Blok A,REGULER,Menipis
PRD-32995,77,33.0,28.0,421000,Tidak,Blok A,REGULER,Backorder
PRD-54199,273,21.0,13.0,400000,Tidak,Blok B, reguler ,Menipis
PRD-78416,390,43.0,24.0,282000,Ya,Blok A,REGULER,Backorder
PRD-66700,214,15.0,29.0,463000,Ya,Blok B,Reguler,Menipis
PRD-73888,244,3.0,21.0,138000,Ya,Blok B, reguler ,Aman
PRD-19268,419,43.0,6.0,235000,Tidak,Blok A,premium ,Aman
PRD-10370,389,42.0,9.0,240000,Tidak,Blok A, reguler ,Aman
PRD-23362,459,,9.0,224000,Tidak,Blok A,REGULER,Menipis
PRD-85677,277,47.0,7.0,278000,Tidak,Blok C,Reguler,Backorder
PRD-35849,387,44.0,2.0,445000,Tidak,Blok B,Premium,Aman
PRD-83851,44,7.0,17.0,18000,Tidak,Blok A,Reguler,Backorder
PRD-12282,483,17.0,12.0,250000,Tidak,Blok B, reguler ,Aman
PRD-69155,311,49.0,22.0,379000,Tidak,Blok C, reguler ,Menipis
PRD-10560,213,31.0,15.0,120000,Tidak,Blok B, reguler ,Backorder
PRD-35009,427,43.0,13.0,39000,Tidak,Blok A, reguler ,Backorder
PRD-70277,341,23.0,27.0,378000,Tidak,Blok C,REGULER,Backorder
PRD-80968,274,25.0,17.0,228000,Tidak,Blok A,Reguler,Backorder
PRD-53052,463,3.0,13.0,27000,Tidak,Blok A, reguler ,Aman
PRD-40990,318,1.0,29.0,56000,Tidak,Blok A, reguler ,Aman
PRD-90219,422,12.0,11.0,222000,Tidak,Blok B,premium ,Aman
PRD-23806,354,3.0,17.0,36000,Tidak,Blok C,premium ,Aman
PRD-47890,379,16.0,,442000,Tidak,Blok B, reguler ,Aman
PRD-43866,310,48.0,29.0,109000,Ya,Blok C,premium ,Backorder
PRD-26562,270,3.0,26.0,271000,Tidak,Blok B,Premium,Aman
PRD-36797,122,35.0,27.0,263000,Tidak,Blok B,REGULER,Aman
PRD-57304,52,36.0,29.0,234000,Tidak,Blok B, reguler ,Backorder
PRD-74674,455,41.0,10.0,431000,Ya,Blok C,Reguler,Backorder
PRD-47823,474,31.0,2.0,430000,Ya,Blok C,REGULER,Backorder
PRD-62487,68,29.0,11.0,436000,Tidak,Blok A,premium ,Backorder
PRD-83048,395,14.0,27.0,310000,Tidak,Blok C,REGULER,Menipis
PRD-52907,161,18.0,9.0,473000,Ya,Blok B, reguler ,Backorder
PRD-66835,139,28.0,22.0,353000,Tidak,Blok C,Premium,Aman
PRD-95350,23,36.0,5.0,156000,Tidak,Blok C,Premium,Backorder
PRD-67535,29,,26.0,281000,Ya,Blok B,Premium,Backorder
PRD-19490,176,15.0,18.0,335000,Tidak,Blok A,REGULER,Backorder
PRD-84102,446,30.0,3.0,221000,Tidak,Blok C, reguler ,Aman
PRD-17491,423,47.0,25.0,443000,Tidak,Blok B, reguler ,Menipis
PRD-68734,445,46.0,14.0,61000,Ya,Blok C,premium ,Menipis
PRD-66862,228,43.0,16.0,319000,Tidak,Blok B, reguler ,Backorder
PRD-94386,195,39.0,27.0,317000,Ya,Blok C,REGULER,Backorder
PRD-95103,317,1.0,4.0,483000,Ya,Blok C,Reguler,Aman
PRD-44016,297,45.0,15.0,88000,Ya,Blok B,REGULER,Backorder
PRD-27821,138,28.0,11.0,190000,Tidak,Blok A,Premium,Backorder
PRD-89909,401,46.0,23.0,269000,Ya,Blok A,premium ,Backorder
PRD-25696,365,23.0,20.0,322000,Tidak,Blok A,Premium,Backorder
PRD-99670,493,26.0,16.0,150000,Ya,Blok B,Reguler,Backorder
PRD-41781,147,18.0,,264000,Tidak,Blok C, reguler ,Menipis
PRD-14141,274,32.0,8.0,271000,Ya,Blok A,Reguler,Backorder
PRD-86946,423,13.0,21.0,276000,Tidak,Blok C,Reguler,Aman
PRD-32931,286,27.0,9.0,459000,Ya,Blok B,premium ,Backorder
PRD-17999,392,15.0,4.0,239000,Tidak,Blok B,Reguler,Aman
PRD-99312,496,21.0,19.0,324000,Tidak,Blok C,premium ,Aman
PRD-95669,271,4.0,2.0,343000,Ya,Blok B, reguler ,Aman
PRD-82108,104,23.0,11.0,98000,Ya,Blok A,Reguler,Backorder
PRD-39118,401,47.0,28.0,301000,Tidak,Blok C,Premium,Backorder
PRD-17296,486,15.0,22.0,25000,Ya,Blok A,REGULER,Menipis
PRD-42658,415,3.0,27.0,473000,Tidak,Blok B,Reguler,Aman
PRD-65556,376,12.0,24.0,362000,Ya,Blok C,Premium,Aman
PRD-53870,496,32.0,26.0,79000,Tidak,Blok B,premium ,Backorder
PRD-69052,320,22.0,25.0,427000,Tidak,Blok C,premium ,Backorder
PRD-17548,22,26.0,,21000,Tidak,Blok C,premium ,Menipis
PRD-27118,449,4.0,24.0,147000,Ya,Blok B,premium ,Aman
PRD-99460,92,21.0,999.0,18000,Tidak,Blok A,REGULER,Backorder
PRD-31876,55,49.0,999.0,186000,Ya,Blok A,REGULER,Backorder
PRD-59036,92,23.0,10.0,13000,Ya,Blok C, reguler ,Backorder
PRD-93986,189,30.0,5.0,478000,Ya,Blok B,premium ,Backorder
PRD-97759,82,13.0,3.0,303000,Tidak,Blok B,Reguler,Aman
PRD-79506,371,28.0,14.0,118000,Ya,Blok B,premium ,Aman
PRD-85703,351,46.0,24.0,458000,Ya,Blok C,premium ,Aman
PRD-93369,309,35.0,6.0,244000,Tidak,Blok C,premium ,Aman
PRD-38351,211,,7.0,16000,Tidak,Blok B,premium ,Aman
PRD-42596,59,8.0,14.0,83000,Tidak,Blok A,Premium,Backorder
PRD-69758,457,46.0,26.0,314000,Tidak,Blok A,Premium,Backorder
PRD-96363,88,34.0,3.0,245000,Ya,Blok B, reguler ,Aman
PRD-83717,77,24.0,26.0,461000,Ya,Blok B,Premium,Backorder
PRD-12809,437,43.0,4.0,125000,Ya,Blok C,REGULER,Menipis
PRD-13681,366,48.0,25.0,469000,Tidak,Blok A,premium ,Backorder
PRD-21889,300,40.0,7.0,77000,Tidak,Blok C,Reguler,Menipis
PRD-13845,307,25.0,18.0,46000,Ya,Blok B,Reguler,Menipis
PRD-52443,241,27.0,10.0,24000,Tidak,Blok A,premium ,Backorder
PRD-13339,227,46.0,14.0,69000,Tidak,Blok B,Reguler,Menipis
PRD-75681,479,9.0,4.0,224000,Tidak,Blok C,REGULER,Aman
PRD-14477,93,6.0,3.0,238000,Ya,Blok A, reguler ,Aman
PRD-60200,351,34.0,15.0,195000,Ya,Blok C,premium ,Menipis
PRD-99254,276,22.0,27.0,47000,Ya,Blok B,premium ,Backorder
PRD-28313,330,8.0,15.0,336000,Tidak,Blok A,Premium,Aman
PRD-73755,468,,14.0,50000,Tidak,Blok B,premium ,Aman
PRD-81155,272,29.0,9.0,101000,Tidak,Blok C, reguler ,Menipis
PRD-79110,245,29.0,2.0,188000,Tidak,Blok C,premium ,Aman
PRD-44084,450,16.0,11.0,364000,Tidak,Blok B,premium ,Aman
PRD-89211,309,4.0,22.0,397000,Ya,Blok B,REGULER,Aman
PRD-29581,15,15.0,26.0,118000,Ya,Blok A,Premium,Menipis
PRD-96839,357,34.0,18.0,432000,Tidak,Blok B, reguler ,Backorder
PRD-97908,64,8.0,23.0,241000,Tidak,Blok A,Reguler,Backorder
PRD-56111,315,24.0,3.0,351000,Ya,Blok C,REGULER,Aman
PRD-67492,329,44.0,26.0,87000,Tidak,Blok B,Premium,Backorder
PRD-21254,49,47.0,6.0,207000,Tidak,Blok C,REGULER,Backorder
PRD-88025,9,17.0,27.0,410000,Tidak,Blok B,Premium,Backorder
PRD-35020,335,23.0,17.0,114000,Tidak,Blok A,Reguler,Menipis
PRD-41094,465,6.0,4.0,162000,Tidak,Blok B,REGULER,Aman
PRD-82914,131,37.0,16.0,360000,Ya,Blok A,REGULER,Backorder
PRD-57819,187,38.0,22.0,139000,Tidak,Blok B, reguler ,Backorder
PRD-81997,204,1.0,,133000,Tidak,Blok C,Premium,Aman
PRD-25689,285,1.0,2.0,369000,Tidak,Blok A,REGULER,Aman
PRD-69238,286,47.0,6.0,183000,Tidak,Blok A,REGULER,Backorder
PRD-93446,6,15.0,21.0,404000,Ya,Blok C,Reguler,Backorder
PRD-21874,307,6.0,24.0,332000,Ya,Blok A, reguler ,Aman
PRD-66768,54,9.0,23.0,323000,Tidak,Blok A,Premium,Backorder
PRD-86368,158,29.0,16.0,78000,Tidak,Blok B,Premium,Backorder
PRD-95279,109,32.0,24.0,357000,Ya,Blok C,premium ,Backorder
PRD-91914,473,27.0,23.0,57000,Tidak,Blok C, reguler ,Backorder
PRD-57366,290,26.0,7.0,425000,Tidak,Blok A,Reguler,Backorder
PRD-49465,227,45.0,22.0,425000,Tidak,Blok C, reguler ,Backorder
PRD-25892,107,26.0,14.0,437000,Ya,Blok C,Premium,Aman
PRD-32331,482,,11.0,138000,Tidak,Blok C,REGULER,Aman
PRD-66965,129,3.0,9.0,352000,Tidak,Blok C,Reguler,Aman
PRD-93123,113,35.0,8.0,449000,Tidak,Blok B,REGULER,Backorder
PRD-92742,50,34.0,7.0,56000,Tidak,Blok A,premium ,Menipis
PRD-21881,307,,23.0,14000,Tidak,Blok B,Premium,Backorder
PRD-81492,361,35.0,3.0,438000,Ya,Blok B,premium ,Backorder
PRD-53744,187,47.0,25.0,88000,Tidak,Blok B,premium ,Backorder
PRD-17373,398,10.0,3.0,195000,Tidak,Blok B,REGULER,Aman
PRD-25732,79,14.0,8.0,21000,Tidak,Blok C,premium ,Menipis
PRD-72433,447,37.0,2.0,233000,Tidak,Blok B,premium ,Aman
PRD-58458,463,1.0,13.0,55000,Ya,Blok B,premium ,Aman
PRD-53158,171,3.0,3.0,24000,Ya,Blok A,Reguler,Aman
PRD-26535,194,24.0,11.0,373000,Tidak,Blok A,premium ,Backorder
PRD-95936,293,41.0,5.0,239000,Ya,Blok A,Reguler,Aman
PRD-55543,436,42.0,9.0,319000,Tidak,Blok B,REGULER,Menipis
PRD-37467,162,3.0,22.0,14000,Tidak,Blok B,Reguler,Aman
PRD-64401,88,27.0,5.0,187000,Tidak,Blok B,REGULER,Backorder
PRD-46723,498,45.0,5.0,18000,Tidak,Blok B,Premium,Menipis
PRD-18263,339,47.0,21.0,119000,Ya,Blok A,premium ,Backorder
PRD-11587,232,26.0,12.0,231000,Tidak,Blok B,Reguler,Backorder
PRD-30700,306,,29.0,149000,Tidak,Blok B,REGULER,Backorder
PRD-36950,342,23.0,10.0,33000,Tidak,Blok C,Premium,Aman
PRD-21801,331,6.0,7.0,261000,Ya,Blok C,REGULER,Aman
PRD-41186,455,27.0,24.0,222000,Tidak,Blok A,REGULER,Backorder
PRD-52849,281,30.0,10.0,221000,Ya,Blok C,REGULER,Aman
PRD-21563,216,21.0,5.0,473000,Tidak,Blok C,Reguler,Menipis
PRD-88533,455,13.0,15.0,108000,Tidak,Blok A,premium ,Aman
PRD-18997,88,32.0,20.0,59000,Ya,Blok A,Premium,Backorder
PRD-87922,39,42.0,4.0,41000,Ya,Blok C,premium ,Backorder
PRD-23285,49,33.0,19.0,244000,Tidak,Blok B,REGULER,Backorder
PRD-83786,287,20.0,23.0,273000,Tidak,Blok C,premium ,Menipis
PRD-86312,386,49.0,21.0,332000,Tidak,Blok C,premium ,Backorder
PRD-30431,358,3.0,25.0,444000,Ya,Blok C,Reguler,Aman
PRD-91326,225,11.0,5.0,85000,Tidak,Blok A,premium ,Aman
PRD-66414,106,28.0,3.0,216000,Tidak,Blok B,Premium,Menipis
PRD-15349,29,24.0,29.0,395000,Tidak,Blok C,premium ,Backorder
PRD-41890,410,23.0,18.0,484000,Tidak,Blok A,Premium,Menipis
PRD-70272,37,22.0,29.0,47000,Tidak,Blok C, reguler ,Backorder
PRD-51235,219,33.0,7.0,276000,Tidak,Blok B, reguler ,Backorder
PRD-52039,35,34.0,29.0,297000,Tidak,Blok C,premium ,Backorder
PRD-20208,54,31.0,25.0,308000,Tidak,Blok A,REGULER,Backorder
PRD-89751,184,3.0,11.0,428000,Tidak,Blok B,Premium,Aman
PRD-73293,46,5.0,24.0,495000,Tidak,Blok C,REGULER,Backorder
PRD-12637,105,33.0,3.0,57000,Tidak,Blok B,REGULER,Backorder
PRD-26878,203,2.0,7.0,415000,Tidak,Blok A,premium ,Aman
PRD-92985,245,43.0,21.0,39000,Ya,Blok B,premium ,Backorder
PRD-24288,230,27.0,18.0,269000,Tidak,Blok B,Reguler,Backorder
PRD-26626,492,11.0,17.0,236000,Ya,Blok C,Premium,Aman
PRD-23703,99,21.0,24.0,450000,Tidak,Blok B,premium ,Aman
PRD-75333,327,20.0,14.0,274000,Tidak,Blok C,premium ,Menipis
PRD-64189,213,44.0,20.0,37000,Tidak,Blok A,premium ,Menipis
PRD-88929,119,10.0,11.0,375000,Tidak,Blok B, reguler ,Aman
PRD-10162,4,23.0,26.0,128000,Tidak,Blok A,premium ,Menipis
PRD-38625,380,4.0,29.0,299000,Tidak,Blok C,REGULER,Aman
PRD-73370,151,20.0,24.0,359000,Tidak,Blok A,REGULER,Menipis
PRD-61796,110,35.0,3.0,353000,Tidak,Blok A,Premium,Backorder
PRD-11073,120,35.0,19.0,14000,Ya,Blok B, reguler ,Backorder
PRD-12745,109,30.0,27.0,89000,Tidak,Blok A,Reguler,Menipis
PRD-75030,250,25.0,19.0,101000,Tidak,Blok C,REGULER,Backorder
PRD-50745,229,32.0,13.0,62000,Tidak,Blok A,premium ,Backorder
PRD-44318,241,23.0,28.0,384000,Ya,Blok B,Reguler,Backorder
PRD-59999,423,43.0,25.0,456000,Tidak,Blok B, reguler ,Backorder
PRD-77270,334,16.0,18.0,255000,Tidak,Blok B,premium ,Aman
PRD-67014,88,,20.0,85000,Tidak,Blok C,Reguler,Backorder
PRD-39550,60,15.0,19.0,498000,Tidak,Blok C,REGULER,Backorder
PRD-51160,382,16.0,6.0,399000,Tidak,Blok B, reguler ,Menipis
PRD-92597,36,4.0,7.0,402000,Tidak,Blok B,Premium,Backorder
PRD-59002,88,18.0,7.0,278000,Tidak,Blok B,Reguler,Menipis
PRD-45892,29,25.0,19.0,166000,Tidak,Blok B, reguler ,Aman
PRD-88860,288,5.0,21.0,372000,Tidak,Blok B,Premium,Menipis
PRD-77628,118,24.0,22.0,392000,Tidak,Blok B,Reguler,Backorder
PRD-94698,119,29.0,11.0,292000,Tidak,Blok B,premium ,Menipis
PRD-83553,271,46.0,18.0,268000,Ya,Blok A, reguler ,Backorder
PRD-93151,87,16.0,20.0,375000,Ya,Blok A,REGULER,Backorder
PRD-79893,238,22.0,27.0,486000,Tidak,Blok B,premium ,Menipis
PRD-34918,340,43.0,25.0,300000,Ya,Blok A,Reguler,Backorder
PRD-86949,178,29.0,18.0,414000,Tidak,Blok A,Premium,Backorder
PRD-86579,45,19.0,25.0,422000,Ya,Blok C,Reguler,Backorder
PRD-13327,267,21.0,14.0,74000,Tidak,Blok C,REGULER,Menipis
PRD-20846,300,45.0,17.0,236000,Tidak,Blok B, reguler ,Backorder
PRD-20204,70,32.0,20.0,437000,Ya,Blok B,Premium,Menipis
PRD-43040,278,17.0,20.0,226000,Tidak,Blok C,premium ,Menipis
PRD-21093,475,31.0,22.0,383000,Tidak,Blok C,REGULER,Aman
PRD-24591,206,,29.0,140000,Tidak,Blok A,premium ,Backorder
PRD-36505,408,5.0,18.0,376000,Ya,Blok C,REGULER,Aman
PRD-17211,473,32.0,10.0,24000,Tidak,Blok C,REGULER,Aman
PRD-58868,273,48.0,8.0,36000,Tidak,Blok A, reguler ,Menipis
PRD-37052,220,15.0,11.0,354000,Tidak,Blok A,Reguler,Menipis
PRD-48665,94,12.0,22.0,442000,Ya,Blok C,REGULER,Menipis
PRD-77945,389,5.0,3.0,187000,Ya,Blok B,Reguler,Aman
PRD-30307,191,11.0,21.0,124000,Tidak,Blok C,premium ,Aman
PRD-61913,174,45.0,4.0,169000,Tidak,Blok A,Premium,Aman
PRD-98535,233,,23.0,248000,Ya,Blok C, reguler ,Backorder
PRD-31605,62,4.0,26.0,84000,Ya,Blok B,Reguler,Backorder
PRD-66207,9,12.0,29.0,208000,Tidak,Blok B,premium ,Backorder
PRD-35938,99,45.0,21.0,40000,Ya,Blok C,REGULER,Menipis
PRD-45794,470,44.0,17.0,372000,Tidak,Blok A,Reguler,Aman
PRD-26347,69,15.0,8.0,286000,Tidak,Blok A,Reguler,Backorder
PRD-12035,328,15.0,22.0,435000,Tidak,Blok A,Premium,Menipis
PRD-65918,70,13.0,999.0,390000,Tidak,Blok C,Reguler,Backorder
PRD-52422,377,16.0,21.0,54000,Tidak,Blok A,REGULER,Menipis
PRD-95305,212,6.0,17.0,24000,Ya,Blok A,REGULER,Aman
PRD-11245,484,31.0,24.0,143000,Tidak,Blok C,premium ,Menipis
PRD-99930,83,15.0,2.0,227000,Tidak,Blok A,Reguler,Backorder
PRD-67784,482,25.0,22.0,375000,Tidak,Blok A, reguler ,Menipis
PRD-45435,386,7.0,16.0,254000,Ya,Blok C, reguler ,Menipis
PRD-33064,228,9.0,5.0,107000,Tidak,Blok A,REGULER,Aman
PRD-42972,440,,21.0,71000,Ya,Blok C,premium ,Aman
PRD-71892,111,48.0,13.0,216000,Tidak,Blok B,premium ,Backorder
PRD-55156,137,29.0,17.0,416000,Ya,Blok A,REGULER,Backorder
PRD-88657,135,25.0,29.0,381000,Ya,Blok B, reguler ,Backorder
PRD-36646,100,25.0,15.0,454000,Tidak,Blok B,REGULER,Backorder
PRD-91463,229,18.0,4.0,434000,Tidak,Blok B,Reguler,Backorder
PRD-80199,460,1.0,26.0,471000,Tidak,Blok C,premium ,Aman
PRD-25534,467,35.0,6.0,366000,Tidak,Blok A,premium ,Aman
PRD-75077,334,35.0,21.0,36000,Tidak,Blok A,Reguler,Menipis
PRD-21156,454,18.0,17.0,200000,Tidak,Blok A,Reguler,Menipis
PRD-93639,291,28.0,21.0,54000,Tidak,Blok B,Reguler,Backorder
PRD-36327,361,48.0,,447000,Tidak,Blok C,Premium,Backorder
PRD-45790,12,29.0,23.0,17000,Tidak,Blok C,premium ,Backorder
PRD-12124,356,37.0,8.0,34000,Tidak,Blok A, reguler ,Aman
PRD-16344,337,11.0,16.0,427000,Tidak,Blok B, reguler ,Aman
PRD-17711,282,45.0,24.0,427000,Tidak,Blok B, reguler ,Backorder
PRD-63276,168,15.0,23.0,422000,Tidak,Blok A, reguler ,Backorder
PRD-86274,114,42.0,27.0,219000,Ya,Blok B,Premium,Backorder
PRD-73600,316,23.0,19.0,294000,Ya,Blok C,premium ,Backorder
PRD-57020,97,7.0,22.0,248000,Tidak,Blok C,premium ,Backorder
PRD-73620,32,13.0,26.0,352000,Ya,Blok C, reguler ,Menipis
PRD-57396,43,31.0,18.0,317000,Tidak,Blok B,REGULER,Menipis
PRD-89930,206,23.0,17.0,173000,Tidak,Blok C, reguler ,Backorder
PRD-28047,101,22.0,9.0,111000,Ya,Blok A,premium ,Backorder
PRD-25762,164,24.0,2.0,375000,Tidak,Blok C,premium ,Aman
PRD-83474,48,22.0,7.0,372000,Ya,Blok A,Premium,Menipis
PRD-79249,362,13.0,24.0,490000,Tidak,Blok C,REGULER,Backorder
PRD-91494,222,29.0,23.0,88000,Tidak,Blok B,REGULER,Backorder
PRD-16523,354,45.0,11.0,176000,Tidak,Blok B,Reguler,Menipis
PRD-33977,498,18.0,16.0,293000,Tidak,Blok C,REGULER,Aman
PRD-15793,437,22.0,24.0,489000,Tidak,Blok A,premium ,Backorder
PRD-91696,16,5.0,21.0,89000,Tidak,Blok C, reguler ,Backorder
PRD-11950,34,35.0,6.0,221000,Ya,Blok C,Premium,Menipis
PRD-65063,216,14.0,22.0,327000,Tidak,Blok A,REGULER,Menipis
PRD-82302,110,41.0,21.0,190000,Tidak,Blok B,premium ,Backorder
PRD-71293,101,38.0,5.0,320000,Tidak,Blok C,premium ,Menipis
PRD-62389,61,18.0,14.0,63000,Tidak,Blok C,REGULER,Backorder
PRD-59476,122,21.0,19.0,182000,Ya,Blok B,REGULER,Backorder
PRD-51198,274,11.0,25.0,186000,Tidak,Blok B,Premium,Menipis
PRD-81033,465,1.0,28.0,208000,Ya,Blok C,premium ,Menipis
PRD-28996,434,39.0,11.0,388000,Tidak,Blok A, reguler ,Aman
PRD-72648,224,,13.0,70000,Tidak,Blok C,Reguler,Aman
PRD-94083,271,32.0,7.0,374000,Tidak,Blok A,premium ,Menipis
PRD-75715,160,1.0,28.0,16000,Tidak,Blok C,REGULER,Aman
PRD-64703,332,36.0,8.0,428000,Tidak,Blok C,REGULER,Aman
PRD-15801,293,25.0,2.0,40000,Tidak,Blok C,Premium,Aman
PRD-40841,208,38.0,3.0,149000,Tidak,Blok B,Reguler,Menipis
PRD-63028,415,6.0,12.0,161000,Tidak,Blok B, reguler ,Aman
PRD-85717,103,42.0,19.0,363000,Tidak,Blok C,premium ,Backorder
PRD-25173,268,38.0,15.0,412000,Tidak,Blok B,premium ,Backorder
PRD-26979,412,39.0,22.0,144000,Tidak,Blok C,Reguler,Backorder
PRD-37453,367,38.0,20.0,124000,Tidak,Blok C, reguler ,Backorder
PRD-10570,48,23.0,25.0,153000,Tidak,Blok B,Premium,Menipis
PRD-53356,448,16.0,22.0,309000,Tidak,Blok A,Premium,Backorder
PRD-39140,168,41.0,23.0,318000,Tidak,Blok B,Premium,Aman
PRD-88543,197,34.0,15.0,467000,Ya,Blok A, reguler ,Backorder
PRD-48638,121,32.0,,296000,Ya,Blok C,Reguler,Backorder
PRD-50888,375,21.0,8.0,498000,Tidak,Blok B, reguler ,Aman
PRD-24210,160,46.0,29.0,301000,Tidak,Blok C,REGULER,Backorder
PRD-94583,13,45.0,26.0,108000,Tidak,Blok B, reguler ,Backorder
PRD-81820,77,4.0,15.0,363000,Tidak,Blok A,REGULER,Aman
PRD-29446,215,27.0,29.0,129000,Ya,Blok C,REGULER,Backorder
PRD-77708,278,46.0,11.0,320000,Tidak,Blok C,Premium,Backorder
PRD-89522,130,33.0,3.0,15000,Tidak,Blok C,REGULER,Menipis
PRD-59833,150,11.0,14.0,362000,Tidak,Blok C,premium ,Aman
PRD-21596,354,4.0,18.0,255000,Ya,Blok A,Premium,Aman
PRD-46268,310,19.0,8.0,158000,Tidak,Blok A,Premium,Aman
PRD-27771,251,39.0,26.0,338000,Tidak,Blok C,Reguler,Backorder
PRD-91926,485,37.0,29.0,105000,Ya,Blok C,Premium,Backorder
PRD-69900,391,48.0,27.0,354000,Tidak,Blok C,Reguler,Backorder
PRD-35003,136,37.0,8.0,108000,Ya,Blok B, reguler ,Backorder
PRD-47921,137,33.0,24.0,193000,Tidak,Blok C,Reguler,Aman
PRD-12198,348,45.0,27.0,343000,Ya,Blok B, reguler ,Backorder
PRD-95451,340,1.0,6.0,402000,Ya,Blok C,Reguler,Aman
PRD-69659,137,,19.0,383000,Tidak,Blok B,premium ,Backorder
PRD-26154,57,38.0,7.0,468000,Ya,Blok A,Premium,Backorder
PRD-29296,3,15.0,29.0,456000,Tidak,Blok A,Premium,Backorder
PRD-13174,499,9.0,28.0,205000,Tidak,Blok B,Reguler,Aman
PRD-35363,143,48.0,27.0,165000,Tidak,Blok B,REGULER,Menipis
PRD-39550,60,15.0,19.0,498000,Tidak,Blok C,REGULER,Backorder
PRD-38906,200,33.0,19.0,377000,Ya,Blok B,REGULER,Backorder
PRD-92409,47,46.0,20.0,162000,Tidak,Blok A,Premium,Backorder
PRD-86693,102,32.0,10.0,471000,Tidak,Blok B,Reguler,Backorder
PRD-45931,415,8.0,7.0,423000,Ya,Blok C,REGULER,Aman
PRD-11780,262,44.0,5.0,89000,Ya,Blok C,Premium,Backorder
PRD-14725,51,29.0,29.0,296000,Tidak,Blok C,REGULER,Backorder
PRD-56659,220,8.0,10.0,376000,Ya,Blok A,REGULER,Aman
PRD-88572,269,20.0,3.0,55000,Tidak,Blok C,premium ,Aman
PRD-70566,239,49.0,27.0,35000,Tidak,Blok B,REGULER,Backorder
PRD-74325,144,13.0,13.0,397000,Tidak,Blok A,Premium,Aman
PRD-20619,231,5.0,7.0,45000,Tidak,Blok A, reguler ,Aman
PRD-87239,378,17.0,28.0,78000,Ya,Blok A,Premium,Aman
PRD-67932,285,16.0,7.0,215000,Tidak,Blok A,REGULER,Aman
PRD-71358,193,27.0,10.0,199000,Tidak,Blok A,REGULER,Menipis
PRD-24457,87,30.0,18.0,171000,Tidak,Blok C,premium ,Backorder
PRD-90840,7,26.0,13.0,114000,Tidak,Blok A,Reguler,Menipis
PRD-24367,262,22.0,29.0,316000,Tidak,Blok C, reguler ,Backorder
PRD-66849,488,6.0,8.0,293000,Tidak,Blok A,premium ,Aman
PRD-57111,343,7.0,14.0,305000,Tidak,Blok A,Premium,Aman
PRD-94021,421,8.0,12.0,477000,Tidak,Blok B, reguler ,Aman
PRD-49023,483,,13.0,294000,Tidak,Blok A, reguler ,Aman
PRD-83616,419,47.0,,38000,Ya,Blok C,premium ,Backorder
PRD-40164,97,22.0,19.0,463000,Tidak,Blok B,Premium,Backorder
PRD-72491,459,,999.0,343000,Tidak,Blok A, reguler ,Menipis
PRD-82227,425,22.0,23.0,246000,Tidak,Blok C,Premium,Aman
PRD-26589,19,37.0,22.0,64000,Tidak,Blok B,REGULER,Menipis
PRD-53226,430,33.0,24.0,231000,Ya,Blok C,Reguler,Backorder
PRD-74341,414,25.0,11.0,339000,Tidak,Blok C,premium ,Menipis
PRD-42274,310,2.0,10.0,73000,Tidak,Blok A, reguler ,Aman
PRD-82013,216,41.0,17.0,12000,Tidak,Blok B,Premium,Backorder
PRD-60139,465,9.0,2.0,460000,Tidak,Blok B,premium ,Aman
PRD-53225,1,34.0,25.0,265000,Tidak,Blok B,REGULER,Aman
PRD-42769,233,31.0,999.0,143000,Tidak,Blok C,premium ,Backorder
PRD-50056,369,1.0,23.0,143000,Tidak,Blok A,premium ,Aman
PRD-33959,249,20.0,26.0,264000,Ya,Blok B, reguler ,Menipis
PRD-63632,17,44.0,10.0,241000,Tidak,Blok A,premium ,Backorder
PRD-46060,83,17.0,2.0,392000,Tidak,Blok B,Reguler,Menipis
PRD-12013,244,12.0,11.0,285000,Ya,Blok C, reguler ,Aman
PRD-48360,281,34.0,14.0,496000,Ya,Blok C,Reguler,Backorder
PRD-70107,25,45.0,20.0,241000,Tidak,Blok A, reguler ,Backorder
PRD-28777,166,36.0,21.0,359000,Tidak,Blok C,Premium,Backorder
PRD-86515,130,15.0,25.0,319000,Ya,Blok A, reguler ,Backorder
PRD-72873,129,,21.0,451000,Ya,Blok C,Reguler,Backorder
PRD-68032,124,,23.0,314000,Tidak,Blok A,Reguler,Backorder
PRD-22207,254,17.0,29.0,46000,Tidak,Blok C,premium ,Backorder
PRD-37751,350,41.0,8.0,289000,Tidak,Blok B, reguler ,Aman
PRD-63592,75,,2.0,82000,Tidak,Blok B,REGULER,Backorder
PRD-49121,230,3.0,999.0,424000,Tidak,Blok B, reguler ,Aman
PRD-68466,483,14.0,5.0,69000,Tidak,Blok A, reguler ,Aman
PRD-38460,348,16.0,5.0,253000,Ya,Blok C,Premium,Aman
PRD-72522,351,8.0,15.0,301000,Ya,Blok B, reguler ,Aman
PRD-80114,3,44.0,4.0,225000,Tidak,Blok A,REGULER,Aman
PRD-20589,145,41.0,9.0,412000,Tidak,Blok C,Reguler,Aman
PRD-88518,168,11.0,,492000,Tidak,Blok A,Premium,Menipis
PRD-14677,223,37.0,8.0,251000,Ya,Blok A,Reguler,Aman
PRD-29585,359,4.0,,481000,Tidak,Blok A,Reguler,Menipis
PRD-43872,419,8.0,14.0,199000,Tidak,Blok B,Premium,Aman
PRD-32612,250,29.0,28.0,374000,Tidak,Blok B,REGULER,Menipis
PRD-57734,74,13.0,20.0,361000,Ya,Blok C,REGULER,Backorder
PRD-59222,335,,17.0,342000,Ya,Blok B,Premium,Menipis
PRD-84797,196,42.0,14.0,393000,Tidak,Blok B,REGULER,Backorder
PRD-80375,38,36.0,24.0,330000,Tidak,Blok A,REGULER,Backorder
PRD-13236,276,17.0,10.0,304000,Ya,Blok B,REGULER,Aman
PRD-12765,284,27.0,5.0,128000,Tidak,Blok A,Reguler,Aman
PRD-93136,133,26.0,5.0,359000,Ya,Blok B, reguler ,Menipis
PRD-76214,14,26.0,13.0,176000,Tidak,Blok B,premium ,Backorder
PRD-80812,395,2.0,27.0,433000,Ya,Blok A, reguler ,Aman
PRD-48225,75,4.0,9.0,483000,Ya,Blok C,REGULER,Aman
PRD-26211,3,8.0,12.0,239000,Ya,Blok A,Reguler,Backorder
PRD-37818,419,14.0,9.0,159000,Tidak,Blok A,Reguler,Aman
PRD-83506,126,30.0,13.0,110000,Tidak,Blok A, reguler ,Backorder
PRD-25823,462,33.0,24.0,30000,Tidak,Blok C,premium ,Backorder
PRD-71731,142,29.0,9.0,113000,Tidak,Blok C,Premium,Backorder
PRD-60643,367,34.0,21.0,162000,Tidak,Blok A, reguler ,Backorder
PRD-20435,6,12.0,12.0,17000,Ya,Blok B,Premium,Backorder
PRD-61644,157,43.0,16.0,256000,Tidak,Blok A,REGULER,Backorder
PRD-75936,465,16.0,24.0,402000,Tidak,Blok C,Premium,Menipis
PRD-17069,489,45.0,14.0,483000,Tidak,Blok A,REGULER,Backorder
PRD-56566,175,,24.0,360000,Tidak,Blok A,Reguler,Backorder
PRD-99899,346,18.0,27.0,367000,Tidak,Blok A, reguler ,Backorder
PRD-98090,195,40.0,21.0,72000,Ya,Blok A,Reguler,Backorder
PRD-37307,469,9.0,26.0,118000,Tidak,Blok B, reguler ,Aman
PRD-63175,161,45.0,22.0,454000,Ya,Blok B,premium ,Backorder
PRD-35216,136,3.0,18.0,388000,Ya,Blok B,premium ,Menipis
PRD-30789,478,32.0,7.0,320000,Ya,Blok A,Reguler,Menipis
PRD-61356,455,14.0,17.0,73000,Tidak,Blok C, reguler ,Aman
PRD-13812,114,10.0,27.0,83000,Tidak,Blok C,Premium,Menipis
PRD-61047,134,36.0,7.0,279000,Ya,Blok B, reguler ,Menipis
PRD-73382,465,8.0,13.0,108000,Tidak,Blok B, reguler ,Aman
PRD-83805,394,36.0,29.0,108000,Tidak,Blok A,Reguler,Backorder
PRD-30895,65,16.0,6.0,66000,Ya,Blok A,REGULER,Aman
PRD-50498,325,41.0,21.0,293000,Ya,Blok B,Reguler,Menipis
PRD-20564,202,1.0,22.0,145000,Ya,Blok A,REGULER,Aman
PRD-57893,327,16.0,29.0,252000,Ya,Blok C,REGULER,Backorder
PRD-97580,404,,18.0,418000,Tidak,Blok A,Premium,Backorder
PRD-66947,188,36.0,10.0,403000,Tidak,Blok C,Reguler,Backorder
PRD-39545,72,44.0,25.0,395000,Tidak,Blok C, reguler ,Backorder
PRD-73064,41,24.0,7.0,324000,Ya,Blok B,REGULER,Menipis
PRD-83313,441,32.0,20.0,472000,Tidak,Blok B,Reguler,Backorder
PRD-42130,492,12.0,27.0,424000,Ya,Blok C,premium ,Aman
PRD-65283,349,13.0,26.0,236000,Tidak,Blok C,Reguler,Menipis
PRD-34161,479,36.0,23.0,323000,Tidak,Blok B,Premium,Menipis
PRD-19884,209,43.0,20.0,308000,Tidak,Blok A,Reguler,Backorder
PRD-19327,102,3.0,28.0,256000,Tidak,Blok B,Premium,Aman
PRD-10294,471,14.0,9.0,366000,Tidak,Blok B, reguler ,Aman
PRD-29950,279,13.0,19.0,227000,Tidak,Blok C,Reguler,Menipis
PRD-12482,121,35.0,10.0,273000,Ya,Blok A,Premium,Menipis
PRD-80080,359,22.0,10.0,79000,Ya,Blok B,premium ,Aman
PRD-35464,354,8.0,14.0,359000,Tidak,Blok C,Reguler,Aman
PRD-32415,105,21.0,2.0,358000,Ya,Blok C,REGULER,Menipis
PRD-62224,335,49.0,22.0,449000,Tidak,Blok A, reguler ,Backorder
PRD-23046,49,45.0,26.0,382000,Ya,Blok C,Premium,Backorder
PRD-17837,214,37.0,999.0,152000,Ya,Blok B,REGULER,Backorder
PRD-17253,355,43.0,27.0,261000,Tidak,Blok B, reguler ,Backorder
PRD-30011,497,34.0,21.0,182000,Tidak,Blok B,Reguler,Aman
PRD-31209,155,,23.0,163000,Tidak,Blok B,REGULER,Menipis
PRD-15033,317,22.0,29.0,30000,Tidak,Blok C,Premium,Backorder
PRD-20345,111,46.0,7.0,53000,Tidak,Blok A,Premium,Aman
PRD-53074,8,49.0,2.0,243000,Tidak,Blok A,Reguler,Backorder
PRD-16078,276,26.0,2.0,436000,Tidak,Blok C,Premium,Aman
PRD-58665,138,,,189000,Tidak,Blok A,Premium,Backorder
PRD-27794,205,47.0,17.0,439000,Tidak,Blok C,premium ,Backorder
PRD-58217,340,30.0,2.0,108000,Ya,Blok C,premium ,Menipis
PRD-86508,437,29.0,999.0,363000,Tidak,Blok A,premium ,Aman
PRD-45983,397,45.0,21.0,205000,Ya,Blok C, reguler ,Backorder
PRD-91317,175,33.0,11.0,292000,Tidak,Blok B, reguler ,Menipis
PRD-84460,446,22.0,22.0,388000,Tidak,Blok C,REGULER,Menipis
PRD-86230,491,28.0,,294000,Ya,Blok C,Reguler,Menipis
PRD-66358,95,31.0,6.0,404000,Tidak,Blok C,premium ,Menipis
PRD-34618,252,,2.0,313000,Tidak,Blok C, reguler ,Menipis
PRD-70155,69,35.0,11.0,349000,Tidak,Blok B,Premium,Backorder
PRD-87116,231,3.0,,167000,Tidak,Blok B,Reguler,Menipis
PRD-97697,320,1.0,3.0,114000,Tidak,Blok A,Premium,Aman
PRD-86816,17,22.0,22.0,107000,Ya,Blok A, reguler ,Menipis
PRD-29751,279,22.0,5.0,437000,Tidak,Blok A, reguler ,Aman
PRD-30358,181,30.0,3.0,238000,Tidak,Blok C,REGULER,Aman
PRD-94654,401,1.0,2.0,329000,Ya,Blok B,premium ,Aman
PRD-90072,64,29.0,13.0,345000,Tidak,Blok A, reguler ,Menipis
PRD-28414,44,28.0,19.0,468000,Tidak,Blok B,Reguler,Aman
PRD-61501,184,12.0,29.0,426000,Tidak,Blok A,Reguler,Menipis
PRD-71558,419,2.0,8.0,52000,Tidak,Blok B,premium ,Aman
PRD-96157,51,21.0,7.0,314000,Tidak,Blok B,Premium,Menipis
PRD-69500,195,22.0,28.0,346000,Tidak,Blok B,REGULER,Backorder
PRD-99022,269,3.0,15.0,236000,Tidak,Blok A,REGULER,Menipis
PRD-84420,400,8.0,29.0,20000,Tidak,Blok B,Premium,Aman
PRD-65798,88,,2.0,196000,Tidak,Blok A,REGULER,Aman
PRD-74641,215,1.0,9.0,291000,Tidak,Blok C,REGULER,Aman
PRD-20482,374,11.0,7.0,416000,Ya,Blok A,Reguler,Aman
PRD-73927,194,25.0,15.0,204000,Ya,Blok B,premium ,Backorder
PRD-12551,101,11.0,15.0,245000,Tidak,Blok C, reguler ,Menipis
PRD-25332,353,42.0,28.0,143000,Tidak,Blok A,Reguler,Backorder
PRD-88712,341,,11.0,152000,Tidak,Blok A, reguler ,Aman
PRD-19436,207,13.0,27.0,47000,Tidak,Blok C,premium ,Backorder
PRD-94766,319,41.0,13.0,357000,Tidak,Blok C, reguler ,Backorder
PRD-38229,320,45.0,6.0,268000,Tidak,Blok B,Reguler,Menipis
PRD-94076,348,21.0,16.0,385000,Tidak,Blok C,Premium,Backorder
PRD-97508,454,4.0,16.0,351000,Tidak,Blok C,Premium,Aman
PRD-17006,327,48.0,16.0,425000,Tidak,Blok A,Reguler,Backorder
PRD-82084,447,2.0,21.0,141000,Tidak,Blok B,Reguler,Aman
PRD-34214,324,41.0,9.0,405000,Tidak,Blok C,premium ,Menipis
PRD-61033,451,39.0,24.0,95000,Tidak,Blok C,Reguler,Backorder
PRD-77838,70,37.0,3.0,195000,Tidak,Blok A,REGULER,Aman
PRD-92256,435,23.0,23.0,148000,Tidak,Blok B,Reguler,Backorder
PRD-76258,435,44.0,29.0,349000,Tidak,Blok A,Premium,Backorder
PRD-17970,297,32.0,11.0,279000,Ya,Blok C,REGULER,Menipis
PRD-27369,250,18.0,24.0,449000,Ya,Blok B,REGULER,Backorder
PRD-93521,211,47.0,21.0,482000,Tidak,Blok B,Reguler,Backorder
PRD-27682,194,6.0,18.0,192000,Tidak,Blok A,REGULER,Aman
PRD-29873,146,27.0,26.0,421000,Tidak,Blok C, reguler ,Backorder
PRD-76435,489,17.0,3.0,393000,Tidak,Blok A,Premium,Aman
PRD-97329,32,37.0,12.0,361000,Tidak,Blok B,premium ,Backorder
PRD-14395,106,47.0,4.0,246000,Ya,Blok C,REGULER,Backorder
PRD-26978,66,12.0,18.0,141000,Tidak,Blok C,Premium,Backorder
PRD-45186,137,31.0,10.0,135000,Tidak,Blok C,Reguler,Backorder
PRD-43362,148,41.0,11.0,401000,Tidak,Blok A,premium ,Backorder
PRD-89823,392,17.0,28.0,481000,Tidak,Blok C,Premium,Menipis
PRD-29262,307,13.0,24.0,452000,Tidak,Blok A,premium ,Aman
PRD-55420,241,1.0,15.0,238000,Tidak,Blok A,Reguler,Aman
PRD-10692,308,47.0,16.0,64000,Ya,Blok C,premium ,Backorder
PRD-63394,177,46.0,4.0,336000,Tidak,Blok A,Premium,Backorder
PRD-41653,171,47.0,11.0,414000,Ya,Blok B,premium ,Backorder
PRD-52642,25,24.0,13.0,486000,Tidak,Blok A,Premium,Menipis
PRD-86919,377,13.0,2.0,112000,Ya,Blok B,Reguler,Aman
PRD-59990,287,,10.0,498000,Tidak,Blok A, reguler ,Menipis
PRD-49710,44,36.0,16.0,381000,Tidak,Blok A,Premium,Backorder
PRD-99818,191,34.0,25.0,382000,Ya,Blok A,REGULER,Backorder
PRD-77657,283,22.0,9.0,196000,Ya,Blok B, reguler ,Aman
PRD-79837,304,12.0,15.0,145000,Tidak,Blok C, reguler ,Aman
PRD-94080,50,24.0,23.0,479000,Tidak,Blok B, reguler ,Backorder
PRD-52485,476,32.0,4.0,387000,Tidak,Blok C,Reguler,Aman
PRD-33027,411,1.0,5.0,286000,Ya,Blok A,premium ,Aman
PRD-36734,372,47.0,16.0,314000,Ya,Blok C,REGULER,Menipis
PRD-39257,275,3.0,19.0,276000,Tidak,Blok C,REGULER,Aman
PRD-99326,123,8.0,9.0,16000,Ya,Blok B,REGULER,Aman
PRD-34240,121,27.0,21.0,35000,Tidak,Blok C,Premium,Backorder
PRD-37659,471,31.0,28.0,477000,Tidak,Blok B, reguler ,Backorder
PRD-68810,289,34.0,19.0,468000,Tidak,Blok C,Premium,Backorder
PRD-15639,147,26.0,26.0,428000,Tidak,Blok B,REGULER,Menipis
PRD-94703,352,31.0,17.0,114000,Ya,Blok A,premium ,Backorder
PRD-23335,178,47.0,29.0,237000,Tidak,Blok B,Reguler,Backorder
PRD-26779,345,15.0,26.0,404000,Tidak,Blok C,premium ,Menipis
PRD-37197,414,25.0,14.0,32000,Tidak,Blok B,REGULER,Backorder
PRD-70186,321,44.0,28.0,466000,Ya,Blok B,Premium,Backorder
PRD-43257,267,20.0,10.0,136000,Tidak,Blok C,Reguler,Aman
PRD-61612,409,35.0,21.0,69000,Tidak,Blok C, reguler ,Backorder
PRD-24719,333,30.0,4.0,12000,Tidak,Blok A,Reguler,Aman
PRD-67632,363,32.0,24.0,219000,Tidak,Blok B, reguler ,Backorder
PRD-95708,143,9.0,20.0,345000,Tidak,Blok C, reguler ,Backorder
PRD-66095,165,14.0,13.0,359000,Ya,Blok A, reguler ,Backorder
PRD-53390,257,36.0,12.0,343000,Tidak,Blok A, reguler ,Menipis
PRD-38036,115,1.0,10.0,202000,Ya,Blok A,REGULER,Aman
PRD-29689,185,,15.0,212000,Tidak,Blok A,premium ,Backorder
PRD-64318,239,9.0,25.0,386000,Ya,Blok A, reguler ,Menipis
PRD-30354,85,,,214000,Tidak,Blok A, reguler ,Aman
PRD-60151,271,43.0,7.0,433000,Tidak,Blok B, reguler ,Menipis
PRD-82497,315,25.0,19.0,233000,Ya,Blok C, reguler ,Menipis
PRD-13385,481,43.0,15.0,444000,Tidak,Blok B, reguler ,Backorder
PRD-32784,314,20.0,28.0,158000,Tidak,Blok A,REGULER,Backorder
PRD-49385,199,23.0,16.0,300000,Tidak,Blok B,Reguler,Backorder
PRD-42591,363,26.0,23.0,82000,Tidak,Blok B,Premium,Backorder
PRD-29087,280,23.0,3.0,384000,Tidak,Blok C,premium ,Aman
PRD-86411,422,15.0,21.0,129000,Ya,Blok A,Premium,Backorder
PRD-59616,33,34.0,29.0,98000,Ya,Blok A,premium ,Menipis
PRD-94216,350,22.0,28.0,372000,Tidak,Blok A, reguler ,Backorder
PRD-49110,68,3.0,28.0,363000,Ya,Blok A,Premium,Menipis
PRD-97227,126,26.0,,419000,Ya,Blok A,Reguler,Menipis
PRD-67805,88,20.0,19.0,120000,Tidak,Blok B,Premium,Menipis
PRD-87525,342,17.0,13.0,480000,Tidak,Blok C,Premium,Aman
PRD-23230,482,45.0,22.0,406000,Tidak,Blok C,Premium,Backorder
PRD-61407,62,,14.0,89000,Ya,Blok B, reguler ,Backorder
PRD-42312,292,1.0,29.0,423000,Tidak,Blok C,REGULER,Aman
PRD-27675,242,43.0,13.0,185000,Tidak,Blok B,REGULER,Backorder
PRD-18108,433,26.0,,373000,Ya,Blok B,Reguler,Menipis
PRD-50761,288,49.0,5.0,308000,Tidak,Blok B,Premium,Backorder
PRD-22984,381,46.0,999.0,499000,Tidak,Blok A,Premium,Menipis
PRD-47697,301,40.0,17.0,183000,Tidak,Blok A,Premium,Menipis
PRD-29877,415,12.0,20.0,389000,Tidak,Blok A,REGULER,Aman
PRD-60733,227,11.0,,150000,Tidak,Blok B,Reguler,Aman
PRD-41831,297,35.0,20.0,365000,Tidak,Blok B,Reguler,Menipis
PRD-20965,291,31.0,11.0,399000,Ya,Blok C,REGULER,Backorder
PRD-32911,402,47.0,16.0,109000,Ya,Blok B,REGULER,Menipis
PRD-56116,350,26.0,21.0,313000,Ya,Blok B,Premium,Backorder
PRD-10066,342,12.0,23.0,319000,Tidak,Blok C,REGULER,Menipis
PRD-86090,121,,26.0,294000,Tidak,Blok A,REGULER,Backorder
PRD-82828,392,37.0,7.0,378000,Tidak,Blok C, reguler ,Menipis
PRD-63031,60,44.0,6.0,229000,Tidak,Blok B,premium ,Menipis
PRD-86218,494,11.0,23.0,324000,Tidak,Blok B,Reguler,Aman
PRD-47534,306,4.0,25.0,101000,Ya,Blok A,Reguler,Aman
PRD-42172,194,4.0,8.0,46000,Tidak,Blok B,Reguler,Aman
PRD-65982,59,28.0,24.0,422000,Tidak,Blok B,REGULER,Menipis
PRD-53151,263,34.0,8.0,466000,Ya,Blok B,Reguler,Backorder
PRD-37716,351,11.0,16.0,110000,Tidak,Blok B, reguler ,Backorder
PRD-40257,101,15.0,19.0,461000,Tidak,Blok C,premium ,Menipis
PRD-61574,471,38.0,24.0,286000,Ya,Blok A, reguler ,Backorder
PRD-50412,328,48.0,21.0,74000,Tidak,Blok A,REGULER,Backorder
PRD-25407,319,11.0,29.0,193000,Tidak,Blok A,Reguler,Menipis
PRD-14234,227,22.0,29.0,371000,Ya,Blok A,Reguler,Backorder
PRD-40562,483,47.0,19.0,462000,Tidak,Blok A,REGULER,Aman
PRD-88339,77,36.0,7.0,152000,Tidak,Blok C,REGULER,Menipis
PRD-28019,167,20.0,21.0,331000,Tidak,Blok A,Premium,Menipis
PRD-97895,74,34.0,25.0,332000,Tidak,Blok A,Reguler,Backorder
PRD-14606,129,12.0,12.0,399000,Ya,Blok B, reguler ,Backorder
PRD-68097,136,22.0,18.0,29000,Tidak,Blok B,premium ,Backorder
PRD-24289,175,23.0,26.0,358000,Tidak,Blok B,premium ,Backorder
PRD-20652,198,30.0,5.0,366000,Tidak,Blok B, reguler ,Menipis
PRD-36681,66,48.0,25.0,385000,Ya,Blok A,premium ,Backorder
PRD-69056,265,10.0,29.0,200000,Ya,Blok A,Reguler,Menipis
PRD-68861,66,46.0,4.0,187000,Ya,Blok C,Reguler,Backorder
PRD-96240,112,41.0,9.0,417000,Ya,Blok B, reguler ,Menipis
PRD-93460,97,31.0,23.0,42000,Tidak,Blok C,REGULER,Backorder
PRD-18680,97,47.0,20.0,415000,Ya,Blok B, reguler ,Menipis
PRD-80179,174,43.0,27.0,158000,Ya,Blok A,REGULER,Backorder
PRD-84499,32,49.0,28.0,361000,Tidak,Blok B,premium ,Backorder
PRD-13190,416,35.0,4.0,215000,Ya,Blok A,Reguler,Menipis
PRD-29252,75,41.0,12.0,204000,Tidak,Blok A,Reguler,Backorder
PRD-98648,132,35.0,18.0,272000,Tidak,Blok A,premium ,Aman
PRD-15355,102,11.0,5.0,120000,Tidak,Blok C,premium ,Menipis
PRD-95269,303,16.0,19.0,402000,Tidak,Blok B,REGULER,Backorder
PRD-76540,132,,3.0,96000,Tidak,Blok C,Reguler,Aman
PRD-98628,468,13.0,13.0,28000,Tidak,Blok A,Premium,Aman
PRD-86797,347,3.0,17.0,116000,Tidak,Blok C,REGULER,Aman
PRD-90720,56,15.0,10.0,32000,Tidak,Blok B, reguler ,Menipis
PRD-51869,274,14.0,16.0,137000,Tidak,Blok A,REGULER,Backorder
PRD-42844,127,39.0,21.0,448000,Tidak,Blok C,Reguler,Backorder
PRD-69321,316,42.0,,346000,Ya,Blok C,REGULER,Menipis
PRD-53246,232,28.0,15.0,361000,Tidak,Blok A, reguler ,Aman
PRD-11645,121,48.0,18.0,475000,Tidak,Blok B,REGULER,Backorder
PRD-89443,327,30.0,2.0,336000,Tidak,Blok A,REGULER,Aman
PRD-66920,490,4.0,28.0,226000,Ya,Blok B,REGULER,Menipis
PRD-18767,267,16.0,9.0,75000,Tidak,Blok A,premium ,Aman
PRD-57832,410,5.0,2.0,425000,Ya,Blok C,Reguler,Aman
PRD-48714,158,43.0,29.0,48000,Tidak,Blok A,Premium,Backorder
PRD-56154,440,42.0,7.0,124000,Tidak,Blok C, reguler ,Menipis
PRD-66526,186,43.0,24.0,477000,Ya,Blok B, reguler ,Aman
PRD-93488,208,30.0,13.0,306000,Tidak,Blok C, reguler ,Backorder
PRD-24270,472,20.0,4.0,236000,Tidak,Blok B,premium ,Aman
PRD-60468,261,45.0,21.0,396000,Tidak,Blok C,Reguler,Backorder
PRD-95058,391,21.0,7.0,408000,Tidak,Blok C,premium ,Aman
PRD-52239,398,11.0,9.0,98000,Tidak,Blok B,premium ,Aman
PRD-64479,49,30.0,13.0,182000,Ya,Blok C, reguler ,Aman
PRD-53016,300,4.0,14.0,292000,Tidak,Blok C,Premium,Aman
PRD-81805,483,4.0,,239000,Tidak,Blok B,Reguler,Backorder
PRD-56182,250,3.0,19.0,292000,Ya,Blok A,Reguler,Menipis
PRD-25116,7,38.0,,71000,Tidak,Blok B,Premium,Backorder
PRD-16895,244,10.0,28.0,411000,Tidak,Blok A,REGULER,Backorder
PRD-28932,455,20.0,29.0,53000,Tidak,Blok C,Reguler,Backorder
PRD-52222,194,2.0,,217000,Tidak,Blok A, reguler ,Aman
PRD-78866,205,18.0,,204000,Tidak,Blok A, reguler ,Menipis
PRD-70561,374,33.0,14.0,328000,Tidak,Blok A,Premium,Backorder
PRD-97410,209,30.0,22.0,267000,Tidak,Blok A,Premium,Backorder
PRD-85939,498,12.0,11.0,50000,Tidak,Blok B,Premium,Aman
PRD-92325,24,36.0,18.0,221000,Tidak,Blok B,REGULER,Aman
PRD-82908,339,2.0,25.0,350000,Tidak,Blok C,Reguler,Aman
PRD-27374,59,43.0,999.0,261000,Tidak,Blok A,premium ,Backorder
PRD-21549,242,23.0,24.0,475000,Ya,Blok C,Premium,Backorder
PRD-44911,190,17.0,11.0,79000,Ya,Blok B,Premium,Menipis
PRD-99462,365,1.0,11.0,367000,Ya,Blok C,Premium,Aman
PRD-40099,409,41.0,16.0,331000,Tidak,Blok A,REGULER,Backorder
PRD-21344,487,18.0,19.0,461000,Tidak,Blok A,premium ,Menipis
PRD-26498,405,13.0,2.0,179000,Ya,Blok C,REGULER,Aman
PRD-41688,483,17.0,28.0,45000,Tidak,Blok A, reguler ,Backorder
PRD-47145,287,11.0,29.0,414000,Ya,Blok B,Premium,Aman
PRD-15629,420,16.0,5.0,197000,Ya,Blok A,premium ,Menipis
PRD-42711,439,26.0,18.0,34000,Tidak,Blok B,Reguler,Menipis
PRD-98901,255,13.0,16.0,293000,Tidak,Blok B,Reguler,Aman
PRD-33328,29,25.0,29.0,465000,Tidak,Blok A, reguler ,Backorder
PRD-39545,202,11.0,29.0,190000,Tidak,Blok B,Reguler,Aman
PRD-11559,306,9.0,25.0,339000,Tidak,Blok A, reguler ,Menipis
PRD-71516,196,10.0,8.0,334000,Tidak,Blok A,Reguler,Aman
PRD-26199,248,16.0,7.0,233000,Tidak,Blok A,REGULER,Aman
PRD-67714,366,47.0,999.0,70000,Ya,Blok A,Reguler,Menipis
PRD-98815,58,27.0,21.0,361000,Tidak,Blok C, reguler ,Backorder
PRD-49019,366,20.0,17.0,246000,Tidak,Blok C,Premium,Menipis
PRD-37885,119,47.0,23.0,89000,Tidak,Blok C,Premium,Backorder
PRD-29642,377,31.0,22.0,252000,Ya,Blok A,Reguler,Aman
PRD-14429,181,30.0,21.0,388000,Ya,Blok A,premium ,Backorder
PRD-37713,128,3.0,20.0,480000,Ya,Blok C,Premium,Aman
PRD-43787,435,,,253000,Tidak,Blok B,REGULER,Aman
PRD-15618,336,18.0,19.0,31000,Tidak,Blok B,Premium,Backorder
PRD-79385,363,43.0,10.0,416000,Tidak,Blok A,premium ,Backorder
PRD-65823,159,13.0,13.0,390000,Tidak,Blok C,Reguler,Menipis
PRD-44775,468,27.0,20.0,216000,Tidak,Blok A,REGULER,Menipis
PRD-76344,296,28.0,18.0,471000,Ya,Blok C,Reguler,Backorder
PRD-18520,369,32.0,19.0,44000,Tidak,Blok A,Reguler,Backorder
PRD-22180,291,17.0,26.0,274000,Ya,Blok A,Reguler,Backorder
PRD-59044,95,38.0,5.0,155000,Tidak,Blok C, reguler ,Aman
PRD-79678,425,2.0,10.0,123000,Tidak,Blok A,premium ,Aman
PRD-32658,305,34.0,27.0,339000,Tidak,Blok A,Reguler,Backorder
PRD-84038,312,48.0,3.0,204000,Tidak,Blok B,REGULER,Aman
PRD-14576,282,,4.0,363000,Tidak,Blok A, reguler ,Backorder
PRD-19615,258,21.0,,60000,Ya,Blok A,premium ,Menipis
PRD-55406,292,10.0,20.0,35000,Tidak,Blok C,premium ,Menipis
PRD-32168,315,18.0,11.0,445000,Tidak,Blok A,Premium,Menipis
PRD-29643,62,,10.0,224000,Ya,Blok C,premium ,Menipis
PRD-72672,23,17.0,14.0,145000,Tidak,Blok B, reguler ,Backorder
PRD-77042,488,29.0,999.0,208000,Tidak,Blok C,premium ,Aman
PRD-49132,138,40.0,7.0,94000,Tidak,Blok C,Premium,Menipis
PRD-74800,23,41.0,26.0,28000,Tidak,Blok B,Premium,Backorder
PRD-76126,226,32.0,20.0,381000,Tidak,Blok C,REGULER,Backorder
PRD-38371,313,35.0,7.0,448000,Tidak,Blok C,Reguler,Aman
PRD-78056,470,13.0,14.0,493000,Tidak,Blok C,premium ,Aman
PRD-15609,193,17.0,9.0,437000,Tidak,Blok C,Premium,Menipis
PRD-84696,350,3.0,24.0,178000,Tidak,Blok C,Reguler,Aman
PRD-84099,271,,19.0,67000,Tidak,Blok C,premium ,Menipis
PRD-44057,126,30.0,10.0,293000,Tidak,Blok B, reguler ,Backorder
PRD-28830,72,32.0,15.0,230000,Tidak,Blok C,Premium,Menipis
PRD-25385,74,43.0,2.0,338000,Ya,Blok B, reguler ,Backorder
PRD-36783,149,13.0,18.0,200000,Ya,Blok A,Premium,Aman
PRD-49749,174,41.0,27.0,497000,Tidak,Blok A,Reguler,Aman
PRD-18123,286,45.0,23.0,157000,Tidak,Blok C, reguler ,Backorder
PRD-36870,196,48.0,12.0,65000,Ya,Blok B,premium ,Backorder
PRD-90983,324,27.0,3.0,227000,Tidak,Blok A,premium ,Aman
PRD-97592,263,40.0,7.0,290000,Ya,Blok B, reguler ,Backorder
PRD-89285,456,31.0,29.0,206000,Ya,Blok A,REGULER,Backorder
PRD-72636,450,46.0,14.0,26000,Ya,Blok C,Premium,Backorder
PRD-77155,335,40.0,29.0,365000,Ya,Blok C,Premium,Backorder
PRD-26939,440,41.0,12.0,97000,Tidak,Blok C,REGULER,Aman
PRD-99780,80,16.0,12.0,479000,Tidak,Blok B,REGULER,Backorder
PRD-60729,6,30.0,25.0,454000,Ya,Blok C,REGULER,Backorder
PRD-48311,358,16.0,2.0,140000,Ya,Blok A,Premium,Aman
PRD-83373,237,49.0,16.0,369000,Tidak,Blok C,Premium,Backorder
PRD-85899,196,34.0,16.0,110000,Tidak,Blok B,REGULER,Menipis
PRD-12011,166,45.0,26.0,483000,Ya,Blok C,premium ,Backorder
PRD-42328,240,29.0,19.0,481000,Ya,Blok C,Premium,Backorder
PRD-15097,190,23.0,23.0,69000,Tidak,Blok A,REGULER,Backorder
PRD-70500,341,24.0,28.0,350000,Tidak,Blok A,REGULER,Backorder
PRD-67801,329,5.0,13.0,38000,Ya,Blok C,premium ,Aman
PRD-86077,194,21.0,13.0,314000,Tidak,Blok C,Reguler,Aman
PRD-44660,386,34.0,13.0,183000,Tidak,Blok C,premium ,Menipis
PRD-76555,262,48.0,4.0,193000,Tidak,Blok C,Premium,Backorder
PRD-62066,355,,9.0,379000,Tidak,Blok B,Reguler,Menipis
PRD-51542,208,41.0,3.0,482000,Tidak,Blok B, reguler ,Aman
PRD-78904,369,,16.0,76000,Tidak,Blok C,premium ,Backorder
PRD-95112,430,28.0,22.0,296000,Tidak,Blok A,premium ,Menipis
PRD-83294,74,33.0,16.0,172000,Tidak,Blok B, reguler ,Backorder
PRD-10924,159,26.0,23.0,170000,Ya,Blok A, reguler ,Backorder
PRD-70686,411,27.0,22.0,420000,Tidak,Blok A,Premium,Backorder
PRD-48098,28,45.0,6.0,375000,Tidak,Blok B,premium ,Menipis
PRD-47792,61,38.0,13.0,333000,Ya,Blok B, reguler ,Backorder
PRD-65773,136,46.0,17.0,318000,Tidak,Blok A, reguler ,Menipis
PRD-11657,145,22.0,28.0,312000,Ya,Blok C,Reguler,Backorder
PRD-40614,133,31.0,8.0,53000,Tidak,Blok A,Premium,Backorder
PRD-80482,440,6.0,6.0,218000,Tidak,Blok A,premium ,Aman
PRD-24060,434,49.0,16.0,158000,Tidak,Blok B,REGULER,Menipis
PRD-59831,10,23.0,26.0,377000,Tidak,Blok B,REGULER,Menipis
PRD-34524,128,4.0,18.0,264000,Ya,Blok B,Premium,Aman
PRD-39943,94,44.0,,44000,Tidak,Blok B,Reguler,Backorder
PRD-22076,283,24.0,29.0,233000,Tidak,Blok B,REGULER,Backorder
PRD-29508,160,39.0,2.0,232000,Tidak,Blok A, reguler ,Backorder
PRD-29142,131,17.0,6.0,486000,Tidak,Blok C, reguler ,Backorder
PRD-26524,85,5.0,9.0,436000,Tidak,Blok B,premium ,Menipis
PRD-44346,182,14.0,7.0,374000,Tidak,Blok A, reguler ,Menipis
PRD-39661,172,3.0,7.0,135000,Tidak,Blok B, reguler ,Aman
PRD-97938,417,3.0,26.0,131000,Ya,Blok C, reguler ,Aman
PRD-45399,97,28.0,18.0,239000,Ya,Blok C,premium ,Backorder
PRD-50138,487,23.0,16.0,443000,Tidak,Blok B,premium ,Backorder
PRD-96590,37,26.0,20.0,369000,Tidak,Blok C,premium ,Backorder
PRD-33567,417,1.0,20.0,138000,Tidak,Blok C,Reguler,Aman
PRD-41283,287,45.0,26.0,46000,Ya,Blok A,Premium,Backorder
PRD-39963,495,37.0,22.0,409000,Tidak,Blok C,Reguler,Menipis
PRD-64316,159,11.0,29.0,150000,Tidak,Blok C,Premium,Backorder
PRD-21523,430,11.0,,92000,Ya,Blok B,REGULER,Aman
PRD-76634,292,34.0,27.0,269000,Ya,Blok A,premium ,Backorder
PRD-88757,214,31.0,23.0,289000,Ya,Blok A, reguler ,Backorder
PRD-13196,105,,26.0,155000,Ya,Blok C,Premium,Menipis
PRD-81139,303,17.0,12.0,224000,Tidak,Blok C,premium ,Aman
PRD-74386,443,3.0,25.0,269000,Tidak,Blok B,Reguler,Aman
PRD-24955,160,34.0,8.0,204000,Tidak,Blok B,REGULER,Backorder
PRD-17897,256,25.0,20.0,131000,Tidak,Blok A,Reguler,Backorder
PRD-96078,373,47.0,8.0,438000,Tidak,Blok A,Reguler,Aman
PRD-10944,492,,,387000,Ya,Blok B, reguler ,Aman
PRD-22666,227,16.0,25.0,433000,Ya,Blok B,premium ,Backorder
PRD-28020,418,2.0,2.0,487000,Ya,Blok A,premium ,Aman
PRD-38074,396,24.0,5.0,206000,Tidak,Blok B,Premium,Aman
PRD-92948,129,8.0,4.0,396000,Tidak,Blok A,REGULER,Aman
PRD-41510,444,2.0,23.0,215000,Ya,Blok B,premium ,Aman
PRD-93029,495,3.0,19.0,264000,Tidak,Blok C,Premium,Aman
PRD-60971,171,15.0,21.0,436000,Ya,Blok B,Reguler,Backorder
PRD-27622,414,38.0,14.0,75000,Tidak,Blok B,premium ,Menipis
PRD-60108,297,15.0,27.0,441000,Tidak,Blok C, reguler ,Backorder
PRD-99532,226,30.0,14.0,11000,Tidak,Blok C, reguler ,Backorder
PRD-56163,27,18.0,19.0,495000,Tidak,Blok A,Reguler,Backorder
PRD-91081,294,29.0,9.0,182000,Ya,Blok A,premium ,Menipis
PRD-95038,192,25.0,2.0,139000,Tidak,Blok A,Premium,Aman
PRD-92020,275,27.0,4.0,129000,Ya,Blok B,Premium,Backorder
PRD-65152,443,14.0,,456000,Tidak,Blok B,REGULER,Aman
PRD-99710,31,30.0,11.0,254000,Tidak,Blok A,REGULER,Backorder
PRD-63281,251,30.0,19.0,344000,Ya,Blok C,premium ,Menipis
PRD-62234,54,25.0,13.0,467000,Tidak,Blok A,REGULER,Backorder
PRD-58270,197,2.0,29.0,209000,Ya,Blok C,REGULER,Aman
PRD-51185,219,,24.0,300000,Tidak,Blok A,Premium,Aman
PRD-88462,345,,13.0,470000,Tidak,Blok A,Reguler,Backorder
PRD-15914,313,44.0,24.0,66000,Ya,Blok B,Reguler,Menipis
PRD-79443,101,,17.0,440000,Tidak,Blok C,REGULER,Backorder
PRD-47504,445,18.0,14.0,378000,Tidak,Blok B,Reguler,Aman
PRD-38732,260,24.0,29.0,103000,Ya,Blok C, reguler ,Backorder
PRD-85225,399,32.0,12.0,476000,Tidak,Blok C,Premium,Menipis
PRD-39317,220,41.0,27.0,415000,Ya,Blok A,Premium,Backorder
PRD-43783,309,28.0,14.0,426000,Tidak,Blok A,REGULER,Backorder
PRD-39975,450,4.0,13.0,33000,Tidak,Blok A,Premium,Aman
PRD-45842,456,30.0,27.0,246000,Ya,Blok B, reguler ,Menipis
PRD-60251,434,41.0,21.0,129000,Tidak,Blok A, reguler ,Backorder
PRD-24407,201,20.0,28.0,212000,Tidak,Blok A,Premium,Backorder
PRD-96072,258,18.0,29.0,390000,Tidak,Blok B,premium ,Backorder
PRD-25254,239,29.0,24.0,131000,Tidak,Blok B,Premium,Menipis
PRD-64215,261,5.0,12.0,152000,Tidak,Blok B, reguler ,Aman
PRD-59088,153,8.0,2.0,404000,Ya,Blok C,REGULER,Aman
PRD-96900,8,10.0,2.0,168000,Tidak,Blok B, reguler ,Aman
PRD-13664,139,11.0,13.0,465000,Tidak,Blok C,premium ,Aman
PRD-17689,402,8.0,29.0,78000,Tidak,Blok A, reguler ,Aman
PRD-22771,105,11.0,20.0,51000,Tidak,Blok A,Reguler,Backorder
PRD-52468,51,48.0,10.0,64000,Tidak,Blok A,REGULER,Backorder
PRD-11961,207,7.0,9.0,33000,Ya,Blok B,Premium,Aman
PRD-11756,325,41.0,29.0,384000,Ya,Blok B, reguler ,Backorder
PRD-84400,440,28.0,24.0,476000,Ya,Blok A,premium ,Menipis
PRD-74814,446,34.0,7.0,170000,Tidak,Blok B, reguler ,Aman
PRD-49291,345,38.0,8.0,268000,Ya,Blok C,Reguler,Menipis
PRD-21939,140,9.0,8.0,220000,Tidak,Blok A,premium ,Aman
PRD-75308,212,5.0,28.0,241000,Ya,Blok C,Premium,Aman
PRD-79172,156,33.0,22.0,54000,Tidak,Blok A,REGULER,Menipis
PRD-96753,287,30.0,,490000,Ya,Blok B,Reguler,Backorder
PRD-93346,258,42.0,17.0,31000,Tidak,Blok A,REGULER,Aman
PRD-51400,292,32.0,27.0,412000,Ya,Blok A,Reguler,Backorder
PRD-24639,431,,10.0,96000,Tidak,Blok B,Premium,Menipis
PRD-58733,316,32.0,21.0,402000,Tidak,Blok B,REGULER,Backorder
PRD-43262,224,9.0,13.0,378000,Ya,Blok C,Reguler,Aman
PRD-94326,240,1.0,3.0,349000,Tidak,Blok B,Premium,Aman
PRD-65324,302,44.0,5.0,471000,Ya,Blok A, reguler ,Menipis
PRD-30595,92,,22.0,292000,Tidak,Blok A,premium ,Backorder
PRD-83705,287,36.0,5.0,141000,Tidak,Blok C,Reguler,Aman
PRD-68394,44,2.0,4.0,141000,Tidak,Blok C,Premium,Aman
PRD-36201,362,10.0,17.0,360000,Tidak,Blok C,premium ,Aman
PRD-95179,166,18.0,11.0,356000,Tidak,Blok B,premium ,Menipis
PRD-29613,407,16.0,10.0,191000,Ya,Blok C,Reguler,Aman
PRD-76830,295,9.0,18.0,51000,Tidak,Blok A,Reguler,Aman
PRD-15738,212,21.0,12.0,18000,Tidak,Blok B,Premium,Menipis
PRD-86815,127,15.0,29.0,335000,Tidak,Blok C,REGULER,Backorder
PRD-94149,111,47.0,29.0,471000,Ya,Blok A, reguler ,Aman
PRD-26997,309,46.0,17.0,378000,Tidak,Blok B, reguler ,Backorder
PRD-13866,240,35.0,26.0,295000,Ya,Blok A,REGULER,Backorder
PRD-34351,185,35.0,12.0,113000,Tidak,Blok C,REGULER,Backorder
PRD-93279,213,8.0,21.0,382000,Ya,Blok B,Reguler,Backorder
PRD-93602,165,22.0,29.0,103000,Tidak,Blok A,Premium,Backorder
PRD-56804,379,46.0,5.0,359000,Ya,Blok A,REGULER,Menipis
PRD-60574,81,5.0,13.0,10000,Ya,Blok A,Premium,Menipis
PRD-84255,266,9.0,25.0,371000,Ya,Blok A,premium ,Aman
PRD-81688,143,3.0,12.0,32000,Tidak,Blok B, reguler ,Backorder
PRD-99031,417,25.0,10.0,360000,Tidak,Blok C,premium ,Menipis
PRD-98719,175,27.0,14.0,240000,Tidak,Blok B,Reguler,Backorder
PRD-66044,462,1.0,26.0,455000,Tidak,Blok B,REGULER,Aman
PRD-30662,431,11.0,7.0,171000,Ya,Blok B,premium ,Aman
PRD-63526,477,31.0,2.0,451000,Tidak,Blok A, reguler ,Aman
PRD-38365,495,34.0,29.0,465000,Tidak,Blok A,premium ,Backorder
PRD-44152,75,7.0,28.0,493000,Tidak,Blok A,REGULER,Backorder
PRD-48402,189,16.0,27.0,107000,Tidak,Blok C, reguler ,Backorder
PRD-18531,354,13.0,,162000,Tidak,Blok C,Reguler,Aman
PRD-41323,40,3.0,5.0,132000,Tidak,Blok C,REGULER,Aman
PRD-12978,499,49.0,9.0,307000,Tidak,Blok A, reguler ,Menipis
PRD-29977,310,18.0,21.0,496000,Tidak,Blok B,Reguler,Backorder
PRD-14368,283,7.0,11.0,101000,Tidak,Blok C,premium ,Aman
PRD-96346,13,33.0,8.0,497000,Tidak,Blok A,REGULER,Backorder
PRD-17564,440,42.0,21.0,370000,Ya,Blok C, reguler ,Backorder
PRD-46212,200,34.0,27.0,16000,Tidak,Blok C,Reguler,Backorder
PRD-90885,222,13.0,12.0,497000,Tidak,Blok A,Reguler,Aman
PRD-41419,246,,19.0,96000,Tidak,Blok C, reguler ,Aman
PRD-34143,17,37.0,13.0,442000,Tidak,Blok A, reguler ,Backorder
PRD-28268,475,7.0,28.0,21000,Tidak,Blok C,Premium,Aman
PRD-11605,403,6.0,2.0,242000,Tidak,Blok A,Reguler,Aman
PRD-23280,450,39.0,23.0,281000,Tidak,Blok A,Premium,Backorder
PRD-14722,239,29.0,14.0,211000,Ya,Blok A,premium ,Aman
PRD-16716,453,47.0,22.0,278000,Ya,Blok A,REGULER,Backorder
PRD-34204,179,6.0,25.0,382000,Ya,Blok A,Reguler,Aman
PRD-47260,384,6.0,3.0,212000,Ya,Blok A,Premium,Aman
PRD-63803,478,26.0,26.0,406000,Ya,Blok B,Premium,Backorder
PRD-92806,373,41.0,18.0,196000,Tidak,Blok C,Reguler,Backorder
PRD-94573,88,14.0,5.0,110000,Tidak,Blok B,Premium,Backorder
PRD-38220,179,17.0,18.0,220000,Tidak,Blok C,REGULER,Backorder
PRD-73108,252,38.0,10.0,479000,Tidak,Blok C,Premium,Menipis
PRD-59145,250,40.0,20.0,115000,Tidak,Blok A,premium ,Backorder
PRD-90903,323,21.0,16.0,310000,Tidak,Blok A,Premium,Backorder
PRD-60859,480,41.0,10.0,35000,Tidak,Blok C,REGULER,Menipis
PRD-19247,59,22.0,29.0,122000,Ya,Blok C, reguler ,Backorder
PRD-14960,477,38.0,23.0,90000,Ya,Blok C, reguler ,Backorder
PRD-58933,7,2.0,25.0,106000,Tidak,Blok B,premium ,Backorder
PRD-39592,19,7.0,,180000,Tidak,Blok C,Premium,Backorder
PRD-16710,354,11.0,20.0,197000,Ya,Blok C,Reguler,Aman
PRD-27131,467,21.0,24.0,44000,Tidak,Blok A, reguler ,Aman
PRD-91132,499,2.0,17.0,127000,Tidak,Blok A,REGULER,Menipis
PRD-55906,254,14.0,,145000,Tidak,Blok C,REGULER,Menipis
PRD-58925,332,6.0,20.0,333000,Ya,Blok B, reguler ,Aman
PRD-84495,224,24.0,11.0,446000,Tidak,Blok A,Reguler,Backorder
PRD-48203,226,30.0,13.0,271000,Tidak,Blok A,Reguler,Backorder
PRD-59393,245,27.0,17.0,166000,Tidak,Blok C,Premium,Aman
PRD-52982,345,49.0,,223000,Ya,Blok C, reguler ,Backorder
PRD-19677,482,22.0,12.0,331000,Tidak,Blok A,Reguler,Aman
PRD-74047,72,30.0,26.0,176000,Ya,Blok C,Premium,Backorder
PRD-47743,386,26.0,12.0,60000,Tidak,Blok C,premium ,Menipis
PRD-12994,380,48.0,25.0,381000,Tidak,Blok B,Reguler,Backorder
PRD-78689,157,28.0,23.0,362000,Tidak,Blok C,REGULER,Menipis
PRD-30491,183,25.0,23.0,14000,Tidak,Blok B,REGULER,Backorder
PRD-10691,89,13.0,27.0,428000,Tidak,Blok C,premium ,Backorder
PRD-71934,409,33.0,15.0,304000,Ya,Blok C,Premium,Backorder
PRD-82682,482,21.0,19.0,487000,Tidak,Blok A,Premium,Aman
PRD-12347,373,23.0,20.0,353000,Tidak,Blok B, reguler ,Menipis
PRD-16041,142,8.0,14.0,136000,Ya,Blok C,REGULER,Aman
PRD-38916,253,37.0,18.0,90000,Ya,Blok B,Premium,Backorder
PRD-17233,197,37.0,27.0,298000,Tidak,Blok B,Premium,Backorder
PRD-72292,12,30.0,23.0,379000,Tidak,Blok A,premium ,Backorder
PRD-95481,394,20.0,4.0,286000,Tidak,Blok A,Reguler,Aman
PRD-73291,46,32.0,17.0,236000,Tidak,Blok B,Reguler,Backorder
PRD-49470,434,49.0,12.0,400000,Tidak,Blok A,REGULER,Aman
PRD-97977,18,36.0,24.0,451000,Tidak,Blok A,Reguler,Backorder
PRD-45400,257,3.0,7.0,404000,Tidak,Blok A,REGULER,Aman
PRD-45063,51,23.0,20.0,79000,Ya,Blok B,Premium,Backorder
PRD-85720,243,16.0,,225000,Ya,Blok C,Reguler,Aman
PRD-51814,430,11.0,21.0,432000,Tidak,Blok B,premium ,Aman
PRD-43351,274,13.0,19.0,449000,Tidak,Blok A,Reguler,Menipis
PRD-77592,150,6.0,2.0,330000,Ya,Blok B,REGULER,Aman
PRD-28228,495,36.0,20.0,421000,Tidak,Blok B,Premium,Aman
PRD-76330,184,19.0,7.0,428000,Tidak,Blok A,Premium,Aman
PRD-97235,292,7.0,9.0,60000,Tidak,Blok C,Premium,Backorder
PRD-79286,248,18.0,2.0,236000,Tidak,Blok A,REGULER,Backorder
PRD-14922,222,3.0,17.0,107000,Ya,Blok C,REGULER,Aman
PRD-96416,90,35.0,7.0,329000,Tidak,Blok B, reguler ,Menipis
PRD-46368,227,31.0,10.0,127000,Tidak,Blok C,Premium,Aman
PRD-78931,449,3.0,3.0,212000,Tidak,Blok B,Reguler,Aman
PRD-28919,129,44.0,19.0,304000,Tidak,Blok C, reguler ,Backorder
PRD-81725,149,5.0,14.0,46000,Ya,Blok C,Reguler,Aman
PRD-36872,102,27.0,27.0,492000,Tidak,Blok A,REGULER,Backorder
PRD-83543,62,25.0,9.0,132000,Tidak,Blok B,Premium,Aman
PRD-37043,423,8.0,14.0,167000,Tidak,Blok C,REGULER,Aman
PRD-58137,224,38.0,2.0,244000,Tidak,Blok C,Reguler,Aman
PRD-58285,395,18.0,28.0,205000,Tidak,Blok A,REGULER,Menipis
PRD-59582,124,11.0,21.0,368000,Ya,Blok B, reguler ,Backorder
PRD-68971,75,23.0,6.0,338000,Tidak,Blok B,Premium,Backorder
PRD-19596,111,43.0,14.0,273000,Ya,Blok B,Premium,Backorder
PRD-13159,276,28.0,28.0,78000,Ya,Blok B,REGULER,Backorder
PRD-83401,342,43.0,3.0,176000,Tidak,Blok A,REGULER,Aman
PRD-30074,216,34.0,13.0,193000,Tidak,Blok C,REGULER,Menipis
PRD-42813,153,40.0,999.0,140000,Ya,Blok C,REGULER,Backorder
PRD-26105,350,48.0,6.0,238000,Ya,Blok B, reguler ,Backorder
PRD-71529,73,33.0,25.0,78000,Ya,Blok C,Reguler,Backorder
PRD-48304,63,21.0,16.0,56000,Tidak,Blok B, reguler ,Backorder
PRD-25524,445,,12.0,48000,Tidak,Blok A,premium ,Menipis
PRD-99765,342,48.0,22.0,307000,Tidak,Blok C, reguler ,Backorder
PRD-30132,160,19.0,4.0,69000,Tidak,Blok C,REGULER,Menipis
PRD-28135,499,6.0,10.0,77000,Tidak,Blok B,premium ,Aman
PRD-28890,392,35.0,12.0,305000,Ya,Blok A,premium ,Aman
PRD-39086,481,14.0,11.0,415000,Tidak,Blok C,Reguler,Aman
PRD-46244,418,20.0,29.0,116000,Tidak,Blok A,Premium,Menipis
PRD-74486,205,42.0,21.0,328000,Ya,Blok B,premium ,Backorder
PRD-90171,322,39.0,15.0,251000,Tidak,Blok A,Premium,Menipis
PRD-32149,291,26.0,22.0,135000,Tidak,Blok C,Reguler,Backorder
PRD-36737,183,11.0,10.0,409000,Tidak,Blok C,Reguler,Aman
PRD-43734,212,32.0,8.0,268000,Tidak,Blok A, reguler ,Menipis
PRD-12841,402,15.0,4.0,127000,Tidak,Blok A, reguler ,Aman
PRD-49133,256,48.0,16.0,448000,Ya,Blok A,REGULER,Backorder
PRD-49779,375,35.0,23.0,363000,Tidak,Blok B,Reguler,Backorder
PRD-94526,337,7.0,11.0,318000,Ya,Blok B,Premium,Menipis
PRD-88945,329,47.0,12.0,427000,Tidak,Blok B,Premium,Backorder
PRD-80152,117,41.0,27.0,249000,Tidak,Blok A, reguler ,Backorder
PRD-40552,84,34.0,26.0,181000,Ya,Blok C, reguler ,Backorder
PRD-69275,270,47.0,12.0,201000,Ya,Blok B,Premium,Menipis
PRD-32553,333,29.0,14.0,457000,Ya,Blok A,Premium,Menipis
PRD-39377,210,47.0,19.0,192000,Tidak,Blok A, reguler ,Backorder
PRD-91437,374,19.0,3.0,59000,Ya,Blok A,premium ,Aman
PRD-61745,246,30.0,2.0,303000,Ya,Blok A,Reguler,Aman
PRD-51832,119,17.0,10.0,462000,Tidak,Blok B,REGULER,Menipis
PRD-60677,192,47.0,20.0,69000,Ya,Blok A,premium ,Backorder
PRD-32785,219,18.0,10.0,468000,Tidak,Blok C, reguler ,Aman
PRD-64176,69,25.0,28.0,335000,Ya,Blok C, reguler ,Backorder
PRD-80135,425,13.0,27.0,316000,Tidak,Blok C, reguler ,Aman
PRD-40105,311,27.0,21.0,139000,Tidak,Blok A,Premium,Backorder
PRD-48546,407,8.0,3.0,404000,Ya,Blok C,Premium,Aman
PRD-59386,317,48.0,10.0,285000,Tidak,Blok A,Reguler,Backorder
PRD-43002,85,12.0,17.0,436000,Tidak,Blok B, reguler ,Backorder
PRD-12673,459,20.0,4.0,301000,Tidak,Blok A,premium ,Aman
PRD-62893,126,23.0,28.0,367000,Tidak,Blok B,Reguler,Backorder
PRD-14494,217,18.0,3.0,274000,Tidak,Blok B,REGULER,Aman
PRD-15534,51,42.0,17.0,440000,Ya,Blok A,Premium,Backorder
PRD-50696,314,27.0,22.0,114000,Tidak,Blok B,Premium,Aman
PRD-12251,102,17.0,21.0,222000,Ya,Blok C,REGULER,Backorder
PRD-50510,282,44.0,27.0,441000,Tidak,Blok A,REGULER,Menipis
PRD-77262,141,,20.0,172000,Tidak,Blok A, reguler ,Backorder
PRD-44609,162,6.0,8.0,97000,Ya,Blok B, reguler ,Aman
PRD-33862,112,29.0,8.0,439000,Tidak,Blok A,Reguler,Aman
PRD-53056,439,,9.0,347000,Tidak,Blok C,Reguler,Aman
PRD-92667,113,31.0,3.0,38000,Ya,Blok C,REGULER,Aman
PRD-78711,370,13.0,7.0,442000,Tidak,Blok C,premium ,Aman
PRD-30955,449,49.0,19.0,409000,Tidak,Blok A,Reguler,Menipis
PRD-94530,192,,21.0,354000,Ya,Blok B,REGULER,Backorder
PRD-62656,460,12.0,10.0,141000,Ya,Blok A,premium ,Aman
PRD-59159,120,45.0,21.0,233000,Tidak,Blok A,premium ,Backorder
PRD-14860,232,39.0,15.0,425000,Tidak,Blok A,Reguler,Menipis
PRD-37624,210,19.0,2.0,488000,Ya,Blok B,Reguler,Aman
PRD-11701,413,42.0,27.0,357000,Tidak,Blok A,REGULER,Backorder
PRD-31686,374,36.0,24.0,94000,Ya,Blok A,premium ,Backorder
PRD-61921,47,39.0,12.0,71000,Ya,Blok C, reguler ,Menipis
PRD-15188,98,44.0,2.0,110000,Tidak,Blok B,premium ,Aman
PRD-39725,312,45.0,9.0,460000,Tidak,Blok C,premium ,Menipis
PRD-43828,446,47.0,7.0,22000,Ya,Blok A, reguler ,Backorder
PRD-23280,249,44.0,22.0,49000,Ya,Blok A,premium ,Backorder
PRD-11597,119,,11.0,360000,Tidak,Blok A,premium ,Backorder
PRD-79783,276,22.0,10.0,394000,Tidak,Blok A,Reguler,Aman
PRD-43439,264,14.0,27.0,266000,Tidak,Blok B,REGULER,Menipis
PRD-98147,343,44.0,16.0,60000,Tidak,Blok B, reguler ,Backorder
PRD-62975,296,14.0,21.0,211000,Tidak,Blok C,premium ,Backorder
PRD-77641,432,19.0,19.0,322000,Tidak,Blok C,Premium,Aman
PRD-92302,340,30.0,17.0,394000,Tidak,Blok A, reguler ,Aman
PRD-35289,311,48.0,16.0,70000,Tidak,Blok B, reguler ,Backorder
PRD-18177,357,35.0,11.0,90000,Ya,Blok A,Premium,Menipis
PRD-46080,183,3.0,19.0,421000,Tidak,Blok A,premium ,Aman
PRD-12839,152,16.0,18.0,487000,Tidak,Blok B,REGULER,Backorder
PRD-41455,324,23.0,7.0,197000,Ya,Blok A,REGULER,Aman
PRD-94816,307,4.0,11.0,85000,Tidak,Blok C, reguler ,Aman
PRD-18399,84,37.0,6.0,394000,Tidak,Blok C,Premium,Aman
PRD-19777,94,30.0,2.0,246000,Tidak,Blok B,premium ,Menipis
PRD-11160,90,27.0,11.0,444000,Tidak,Blok A,Reguler,Menipis
PRD-83762,138,2.0,12.0,216000,Tidak,Blok B, reguler ,Aman
PRD-78498,287,48.0,3.0,414000,Tidak,Blok C,Reguler,Aman
PRD-31038,477,3.0,8.0,396000,Tidak,Blok C,Reguler,Aman
PRD-19808,369,29.0,16.0,301000,Tidak,Blok B, reguler ,Backorder
PRD-37167,293,,2.0,356000,Tidak,Blok B,REGULER,Aman
PRD-53555,446,32.0,24.0,357000,Ya,Blok A,Premium,Backorder
PRD-81486,291,37.0,16.0,108000,Tidak,Blok A,REGULER,Backorder
PRD-52367,240,22.0,2.0,496000,Tidak,Blok A,premium ,Aman
PRD-23386,69,23.0,17.0,474000,Ya,Blok C,REGULER,Backorder
PRD-74754,498,30.0,8.0,114000,Tidak,Blok B,REGULER,Aman
PRD-76387,207,40.0,6.0,383000,Ya,Blok C,REGULER,Backorder
PRD-97273,319,39.0,11.0,231000,Ya,Blok C, reguler ,Backorder
PRD-43885,89,28.0,23.0,233000,Tidak,Blok B,Premium,Menipis
PRD-54464,430,24.0,5.0,400000,Tidak,Blok A, reguler ,Aman
PRD-56009,344,10.0,21.0,104000,Ya,Blok A,Premium,Menipis
PRD-71918,311,24.0,21.0,14000,Tidak,Blok B, reguler ,Menipis
PRD-17434,292,8.0,10.0,488000,Tidak,Blok A,Premium,Aman
PRD-54980,221,44.0,16.0,357000,Tidak,Blok B, reguler ,Backorder
PRD-25223,444,27.0,3.0,373000,Tidak,Blok C,premium ,Aman
PRD-97142,7,46.0,5.0,114000,Tidak,Blok B, reguler ,Aman
PRD-53469,262,32.0,9.0,322000,Tidak,Blok A,REGULER,Aman
PRD-32117,183,1.0,15.0,264000,Ya,Blok C, reguler ,Aman
PRD-41385,163,21.0,7.0,195000,Tidak,Blok A, reguler ,Menipis
PRD-83802,368,40.0,16.0,368000,Ya,Blok A,REGULER,Backorder
PRD-65184,260,16.0,14.0,152000,Ya,Blok C,Reguler,Aman
PRD-39722,29,17.0,24.0,120000,Ya,Blok C,Premium,Backorder
PRD-60818,61,11.0,10.0,279000,Tidak,Blok C,Premium,Menipis
PRD-38398,16,6.0,18.0,340000,Tidak,Blok A,Premium,Menipis
PRD-93996,418,19.0,20.0,103000,Tidak,Blok B, reguler ,Backorder
PRD-52417,181,6.0,13.0,238000,Tidak,Blok A, reguler ,Aman
PRD-83963,36,47.0,3.0,282000,Tidak,Blok B,premium ,Aman
PRD-54864,259,27.0,13.0,423000,Tidak,Blok A,Reguler,Aman
PRD-98921,486,3.0,5.0,42000,Ya,Blok A,Premium,Aman
PRD-32207,94,,29.0,478000,Tidak,Blok A,REGULER,Backorder
PRD-61626,182,29.0,4.0,419000,Ya,Blok C, reguler ,Aman
PRD-65103,40,45.0,12.0,144000,Tidak,Blok B,Premium,Backorder
PRD-44782,488,36.0,18.0,376000,Tidak,Blok B, reguler ,Backorder
PRD-81319,355,37.0,8.0,29000,Ya,Blok C,Premium,Aman
PRD-91718,407,11.0,26.0,118000,Tidak,Blok B,premium ,Aman
PRD-77567,6,48.0,29.0,285000,Ya,Blok A,premium ,Backorder
PRD-19715,426,33.0,,392000,Tidak,Blok C, reguler ,Menipis
PRD-65658,19,12.0,29.0,327000,Ya,Blok C,Reguler,Backorder
PRD-28658,320,16.0,16.0,87000,Ya,Blok B, reguler ,Menipis
PRD-38208,41,7.0,3.0,319000,Ya,Blok A,Premium,Menipis
PRD-70103,53,45.0,21.0,19000,Tidak,Blok C,Reguler,Menipis
PRD-74077,331,,13.0,329000,Tidak,Blok B, reguler ,Aman
PRD-24691,68,13.0,12.0,142000,Tidak,Blok C,premium ,Backorder
PRD-73580,189,37.0,12.0,204000,Tidak,Blok B,Reguler,Backorder
PRD-25830,3,41.0,16.0,154000,Tidak,Blok A,premium ,Backorder
PRD-88617,495,33.0,18.0,462000,Tidak,Blok C,premium ,Backorder
PRD-50134,180,2.0,15.0,94000,Tidak,Blok B,premium ,Aman
PRD-38415,368,44.0,13.0,267000,Tidak,Blok C, reguler ,Menipis
PRD-29547,366,30.0,4.0,124000,Tidak,Blok A,premium ,Aman
PRD-58094,13,23.0,22.0,288000,Ya,Blok B,premium ,Backorder
PRD-20450,445,,23.0,348000,Tidak,Blok C, reguler ,Menipis
PRD-65746,446,,7.0,362000,Tidak,Blok A,premium ,Aman
PRD-96269,84,35.0,21.0,121000,Ya,Blok A,REGULER,Menipis
PRD-76471,317,6.0,8.0,16000,Tidak,Blok A,REGULER,Aman
PRD-92103,330,41.0,21.0,394000,Tidak,Blok B, reguler ,Backorder
PRD-88315,304,26.0,29.0,332000,Ya,Blok B,Premium,Backorder
PRD-70162,88,10.0,3.0,420000,Ya,Blok A,Premium,Backorder
PRD-27358,201,29.0,4.0,10000,Tidak,Blok C,REGULER,Aman
PRD-93981,132,44.0,3.0,427000,Ya,Blok B, reguler ,Backorder
PRD-23798,190,30.0,29.0,287000,Tidak,Blok B,Premium,Menipis
PRD-54527,305,3.0,8.0,218000,Tidak,Blok C,premium ,Aman
PRD-68784,235,26.0,28.0,14000,Tidak,Blok B,premium ,Backorder
PRD-17436,322,7.0,25.0,44000,Tidak,Blok A,Premium,Aman
PRD-32180,474,,29.0,131000,Tidak,Blok B,premium ,Backorder
PRD-55890,441,22.0,23.0,272000,Tidak,Blok A, reguler ,Backorder
PRD-26459,76,40.0,26.0,43000,Tidak,Blok C,premium ,Backorder
PRD-42471,490,21.0,18.0,180000,Tidak,Blok A, reguler ,Aman
PRD-50159,151,40.0,24.0,177000,Tidak,Blok C,premium ,Backorder
PRD-56646,374,25.0,26.0,262000,Tidak,Blok C,premium ,Menipis
PRD-60897,365,39.0,18.0,443000,Tidak,Blok A,REGULER,Backorder
PRD-80290,475,1.0,12.0,141000,Ya,Blok B,REGULER,Aman
PRD-81675,34,5.0,7.0,191000,Tidak,Blok C, reguler ,Backorder
PRD-78159,196,18.0,17.0,299000,Tidak,Blok C,premium ,Menipis
PRD-96593,475,2.0,26.0,315000,Tidak,Blok B,REGULER,Aman
PRD-38064,392,5.0,25.0,200000,Tidak,Blok C,REGULER,Aman
PRD-15967,99,25.0,27.0,193000,Tidak,Blok A,premium ,Backorder
PRD-27260,240,39.0,17.0,291000,Tidak,Blok C, reguler ,Backorder
PRD-79449,11,29.0,3.0,383000,Ya,Blok B,REGULER,Aman
PRD-42635,258,34.0,15.0,355000,Ya,Blok A,Premium,Backorder
PRD-17612,386,43.0,20.0,292000,Tidak,Blok A,Premium,Backorder
PRD-13420,22,45.0,14.0,100000,Tidak,Blok A,Reguler,Backorder
PRD-83972,20,15.0,12.0,489000,Ya,Blok C, reguler ,Menipis
PRD-16941,19,29.0,14.0,59000,Tidak,Blok B,premium ,Backorder
PRD-36905,272,27.0,15.0,19000,Tidak,Blok B,premium ,Menipis
PRD-65734,337,29.0,14.0,442000,Tidak,Blok A, reguler ,Aman
PRD-92542,22,31.0,4.0,370000,Tidak,Blok B,Reguler,Aman
PRD-84486,376,16.0,7.0,324000,Tidak,Blok B,Premium,Aman
PRD-61151,301,13.0,25.0,195000,Ya,Blok B,REGULER,Menipis
PRD-70948,277,4.0,18.0,377000,Tidak,Blok B,Premium,Backorder
PRD-32099,53,,20.0,36000,Tidak,Blok B,REGULER,Backorder
PRD-45585,171,48.0,17.0,493000,Tidak,Blok A,REGULER,Backorder
PRD-87275,398,20.0,29.0,458000,Tidak,Blok B,REGULER,Backorder
PRD-42467,246,26.0,27.0,236000,Ya,Blok B,Premium,Menipis
PRD-31213,85,1.0,8.0,214000,Tidak,Blok C, reguler ,Aman
PRD-12972,134,34.0,27.0,62000,Ya,Blok A,Reguler,Backorder
PRD-55558,179,,13.0,313000,Tidak,Blok A,REGULER,Backorder
PRD-79526,121,49.0,,255000,Tidak,Blok A,Premium,Backorder
PRD-73814,179,15.0,16.0,406000,Tidak,Blok A,Reguler,Menipis
PRD-72154,81,18.0,4.0,18000,Tidak,Blok B, reguler ,Backorder
PRD-49129,301,7.0,25.0,437000,Tidak,Blok C,premium ,Aman
PRD-55313,258,8.0,15.0,433000,Tidak,Blok C,REGULER,Aman
PRD-91788,143,3.0,28.0,339000,Ya,Blok B,Premium,Aman
PRD-18068,498,49.0,25.0,129000,Ya,Blok B,Premium,Backorder
PRD-61756,121,7.0,15.0,126000,Ya,Blok C,Premium,Aman
PRD-22501,447,45.0,16.0,467000,Tidak,Blok A,REGULER,Backorder
PRD-88443,337,23.0,24.0,391000,Tidak,Blok A,Reguler,Menipis
PRD-57691,352,47.0,27.0,183000,Tidak,Blok B,REGULER,Backorder
PRD-77957,69,33.0,3.0,241000,Tidak,Blok C,Premium,Backorder
PRD-65421,449,41.0,25.0,261000,Tidak,Blok C, reguler ,Backorder
PRD-12108,469,29.0,27.0,266000,Tidak,Blok B,premium ,Menipis
PRD-64240,492,21.0,12.0,309000,Ya,Blok A,premium ,Aman
PRD-35963,205,31.0,8.0,457000,Ya,Blok A,premium ,Aman
PRD-65261,424,26.0,6.0,489000,Tidak,Blok C, reguler ,Aman
PRD-64154,483,37.0,28.0,77000,Tidak,Blok A,Reguler,Backorder
PRD-39856,43,37.0,9.0,77000,Tidak,Blok B,REGULER,Menipis
PRD-39283,449,15.0,28.0,291000,Tidak,Blok A, reguler ,Aman
PRD-91159,150,23.0,26.0,116000,Tidak,Blok C, reguler ,Backorder
PRD-38742,152,20.0,7.0,452000,Tidak,Blok A,premium ,Backorder
PRD-44600,401,26.0,8.0,125000,Tidak,Blok B,premium ,Menipis
PRD-17533,168,13.0,11.0,233000,Tidak,Blok A,Reguler,Menipis
PRD-42959,228,20.0,12.0,241000,Ya,Blok A,Premium,Menipis
PRD-18419,346,38.0,10.0,364000,Tidak,Blok C,REGULER,Backorder
PRD-62882,441,26.0,25.0,461000,Tidak,Blok C,premium ,Backorder
PRD-51003,23,1.0,11.0,349000,Ya,Blok C,REGULER,Aman
PRD-39768,303,21.0,9.0,75000,Tidak,Blok A,Reguler,Aman
PRD-87606,490,,19.0,314000,Tidak,Blok C,Reguler,Backorder
PRD-84813,67,16.0,24.0,76000,Tidak,Blok B,Premium,Backorder
PRD-11129,267,33.0,29.0,318000,Tidak,Blok C,premium ,Backorder
PRD-76253,14,,10.0,335000,Ya,Blok C,premium ,Backorder
PRD-66184,339,43.0,9.0,419000,Tidak,Blok C,Reguler,Menipis
PRD-62709,113,41.0,16.0,480000,Ya,Blok B,Premium,Backorder
PRD-31309,91,21.0,5.0,170000,Tidak,Blok C, reguler ,Menipis
PRD-87794,51,42.0,17.0,274000,Ya,Blok B, reguler ,Backorder
PRD-36532,399,9.0,3.0,129000,Tidak,Blok A,premium ,Aman
PRD-43717,306,20.0,13.0,487000,Tidak,Blok B, reguler ,Menipis
PRD-20131,386,26.0,16.0,26000,Tidak,Blok C,Premium,Menipis
PRD-83839,209,30.0,13.0,96000,Tidak,Blok B, reguler ,Backorder
PRD-77298,124,3.0,2.0,114000,Tidak,Blok C,Reguler,Aman
PRD-95674,440,15.0,20.0,328000,Tidak,Blok A, reguler ,Aman
PRD-10192,316,17.0,29.0,231000,Tidak,Blok A, reguler ,Backorder
PRD-61502,219,10.0,28.0,301000,Tidak,Blok B,REGULER,Backorder
PRD-19528,476,5.0,28.0,142000,Tidak,Blok B, reguler ,Aman
PRD-60931,184,34.0,28.0,442000,Tidak,Blok A, reguler ,Backorder
PRD-70356,373,16.0,15.0,89000,Tidak,Blok A,Reguler,Menipis
PRD-84710,22,41.0,29.0,21000,Tidak,Blok B,Premium,Backorder
PRD-50725,288,2.0,9.0,236000,Tidak,Blok A,Premium,Aman
PRD-34596,246,23.0,26.0,273000,Tidak,Blok C,REGULER,Backorder
PRD-68942,433,38.0,18.0,51000,Ya,Blok B,REGULER,Backorder
PRD-40535,161,10.0,7.0,242000,Tidak,Blok A,premium ,Aman
PRD-34259,349,45.0,12.0,73000,Ya,Blok C, reguler ,Backorder
PRD-56157,31,48.0,3.0,177000,Tidak,Blok B,REGULER,Menipis
PRD-71009,56,41.0,3.0,448000,Ya,Blok C, reguler ,Backorder
PRD-81240,150,31.0,9.0,196000,Ya,Blok A, reguler ,Menipis
PRD-57315,105,1.0,25.0,192000,Ya,Blok C,premium ,Menipis
PRD-76412,400,17.0,7.0,251000,Ya,Blok B,Reguler,Aman
PRD-46821,380,26.0,,241000,Tidak,Blok B,Reguler,Menipis
PRD-30128,79,17.0,9.0,465000,Tidak,Blok C,Reguler,Aman
PRD-32745,175,3.0,11.0,251000,Tidak,Blok A,premium ,Aman
PRD-33705,204,41.0,27.0,53000,Tidak,Blok B, reguler ,Backorder
PRD-32553,236,13.0,11.0,283000,Ya,Blok A,Premium,Aman
PRD-33185,71,,12.0,199000,Tidak,Blok C,premium ,Menipis
PRD-50491,37,24.0,2.0,488000,Tidak,Blok B,REGULER,Backorder
PRD-39377,145,46.0,12.0,102000,Tidak,Blok B,Premium,Menipis
PRD-79274,303,8.0,4.0,84000,Tidak,Blok B, reguler ,Aman
PRD-25795,13,40.0,25.0,59000,Tidak,Blok A,REGULER,Menipis
PRD-77696,80,43.0,5.0,384000,Tidak,Blok A,REGULER,Aman
PRD-23050,245,37.0,24.0,447000,Tidak,Blok C,REGULER,Backorder
PRD-13889,323,26.0,13.0,154000,Tidak,Blok C, reguler ,Aman
PRD-53088,202,25.0,,243000,Tidak,Blok C,Premium,Menipis
PRD-78619,436,24.0,11.0,257000,Ya,Blok A,premium ,Aman
PRD-75439,242,9.0,29.0,36000,Tidak,Blok C,premium ,Aman
PRD-86537,341,10.0,14.0,318000,Tidak,Blok A, reguler ,Aman
PRD-20110,14,3.0,7.0,150000,Tidak,Blok C,REGULER,Backorder
PRD-65029,210,11.0,999.0,358000,Ya,Blok A,premium ,Aman
PRD-24963,437,31.0,7.0,411000,Ya,Blok A, reguler ,Aman
PRD-18998,140,29.0,21.0,394000,Tidak,Blok C,REGULER,Backorder
PRD-69518,405,12.0,24.0,109000,Ya,Blok C,REGULER,Aman
PRD-62113,194,18.0,20.0,263000,Tidak,Blok B, reguler ,Menipis
PRD-45897,148,30.0,2.0,235000,Tidak,Blok B, reguler ,Aman
PRD-71877,176,46.0,,398000,Tidak,Blok A,REGULER,Menipis
PRD-43719,131,1.0,9.0,442000,Tidak,Blok A,Reguler,Aman
PRD-51751,385,25.0,16.0,472000,Tidak,Blok A,Premium,Menipis
PRD-92879,114,2.0,7.0,193000,Tidak,Blok B,premium ,Backorder
PRD-98858,367,17.0,26.0,26000,Tidak,Blok A,Premium,Backorder
PRD-41923,334,41.0,28.0,284000,Tidak,Blok B,REGULER,Backorder
PRD-31398,401,36.0,3.0,459000,Ya,Blok B,REGULER,Aman
PRD-29551,275,49.0,14.0,232000,Ya,Blok B,premium ,Aman
PRD-56433,375,33.0,17.0,160000,Tidak,Blok C,REGULER,Backorder
PRD-65318,467,18.0,24.0,362000,Tidak,Blok B,Premium,Aman
PRD-89472,192,,7.0,482000,Tidak,Blok A, reguler ,Aman
PRD-26087,179,36.0,11.0,488000,Tidak,Blok A,REGULER,Backorder
PRD-49851,116,43.0,9.0,315000,Ya,Blok C,Premium,Backorder
PRD-36855,491,48.0,7.0,350000,Ya,Blok C, reguler ,Backorder
PRD-98422,330,28.0,28.0,328000,Tidak,Blok B,Premium,Backorder
PRD-10306,491,8.0,19.0,493000,Tidak,Blok B,Premium,Aman
PRD-13262,105,27.0,4.0,285000,Tidak,Blok B,Premium,Backorder
PRD-19018,63,30.0,28.0,488000,Tidak,Blok B,premium ,Aman
PRD-26663,458,19.0,15.0,313000,Ya,Blok A,Reguler,Aman
PRD-98905,123,35.0,18.0,386000,Tidak,Blok B,REGULER,Backorder
PRD-96246,7,8.0,8.0,243000,Ya,Blok A,REGULER,Backorder
PRD-52029,464,,8.0,352000,Tidak,Blok C,REGULER,Menipis
PRD-19860,469,39.0,10.0,69000,Tidak,Blok B,premium ,Backorder
PRD-45790,344,46.0,999.0,417000,Tidak,Blok B, reguler ,Aman
PRD-44148,430,12.0,20.0,377000,Ya,Blok B, reguler ,Aman
PRD-98051,86,39.0,10.0,230000,Tidak,Blok B,Premium,Backorder
PRD-97218,262,26.0,4.0,276000,Tidak,Blok C,Premium,Aman
PRD-58228,146,44.0,27.0,268000,Ya,Blok A, reguler ,Aman
PRD-35183,186,14.0,28.0,298000,Tidak,Blok C, reguler ,Backorder
PRD-19228,22,46.0,17.0,53000,Tidak,Blok A,REGULER,Backorder
PRD-20625,199,31.0,,30000,Tidak,Blok C, reguler ,Backorder
PRD-81158,336,6.0,20.0,307000,Ya,Blok A,premium ,Aman
PRD-40009,111,31.0,6.0,475000,Tidak,Blok B,Premium,Aman
PRD-78814,20,43.0,28.0,104000,Tidak,Blok C,Reguler,Backorder
PRD-31575,488,7.0,11.0,192000,Tidak,Blok C,Reguler,Aman
PRD-31390,390,36.0,29.0,42000,Ya,Blok B,Reguler,Backorder
PRD-43724,150,41.0,15.0,256000,Tidak,Blok C,Reguler,Backorder
PRD-77356,87,47.0,23.0,39000,Ya,Blok C,Reguler,Backorder
PRD-26901,452,13.0,8.0,479000,Tidak,Blok C,premium ,Aman
PRD-46188,341,17.0,25.0,208000,Ya,Blok A,REGULER,Menipis
PRD-55283,14,26.0,28.0,494000,Tidak,Blok A,Reguler,Backorder
PRD-93053,97,28.0,10.0,179000,Tidak,Blok C,Reguler,Backorder
PRD-12775,39,33.0,9.0,335000,Ya,Blok B,Reguler,Backorder
PRD-22242,11,33.0,13.0,264000,Tidak,Blok C, reguler ,Backorder
PRD-15543,199,48.0,20.0,132000,Tidak,Blok A,REGULER,Backorder
PRD-41417,190,5.0,23.0,499000,Tidak,Blok B, reguler ,Aman
PRD-73238,273,27.0,14.0,377000,Tidak,Blok C,REGULER,Backorder
PRD-73825,18,5.0,20.0,47000,Tidak,Blok A,Premium,Backorder
PRD-43243,62,10.0,28.0,467000,Tidak,Blok C,Premium,Backorder
PRD-77270,334,16.0,18.0,255000,Tidak,Blok B,premium ,Aman
PRD-90974,61,20.0,19.0,188000,Tidak,Blok C,REGULER,Backorder
PRD-51302,261,16.0,25.0,474000,Tidak,Blok B, reguler ,Backorder
PRD-81196,165,14.0,8.0,56000,Tidak,Blok C,Reguler,Backorder
PRD-81776,308,35.0,13.0,199000,Tidak,Blok B,premium ,Menipis
PRD-95015,143,27.0,15.0,98000,Tidak,Blok B,Reguler,Backorder
PRD-74610,307,,14.0,394000,Tidak,Blok C,REGULER,Menipis
PRD-94500,456,16.0,26.0,345000,Tidak,Blok A,Reguler,Menipis
PRD-50318,483,6.0,16.0,255000,Tidak,Blok A,Reguler,Aman
PRD-25250,172,38.0,5.0,127000,Ya,Blok B, reguler ,Backorder
PRD-79855,494,12.0,13.0,328000,Tidak,Blok C,premium ,Aman
PRD-35105,259,6.0,10.0,13000,Tidak,Blok A,REGULER,Aman
PRD-14176,483,15.0,16.0,380000,Tidak,Blok A,Reguler,Aman
PRD-13373,462,21.0,15.0,77000,Tidak,Blok C,REGULER,Menipis
PRD-81127,10,6.0,4.0,397000,Tidak,Blok A,premium ,Backorder
PRD-90986,209,13.0,4.0,61000,Ya,Blok A,premium ,Aman
PRD-19107,77,10.0,5.0,105000,Tidak,Blok A,Reguler,Menipis
PRD-75772,190,13.0,17.0,290000,Tidak,Blok B,Premium,Menipis
PRD-88170,342,,11.0,89000,Tidak,Blok B,premium ,Backorder
PRD-24648,360,,18.0,414000,Ya,Blok C,REGULER,Backorder
PRD-41709,391,5.0,,69000,Tidak,Blok B,premium ,Aman
PRD-14627,466,37.0,3.0,345000,Tidak,Blok C,Premium,Aman
PRD-16997,435,23.0,13.0,224000,Tidak,Blok B,Premium,Aman
PRD-60949,235,11.0,5.0,73000,Tidak,Blok C,REGULER,Aman
PRD-75982,294,16.0,4.0,66000,Tidak,Blok A,Premium,Aman
PRD-31083,249,,12.0,348000,Tidak,Blok A,REGULER,Backorder
PRD-52012,176,23.0,4.0,267000,Ya,Blok B,REGULER,Menipis
PRD-84854,39,1.0,20.0,85000,Tidak,Blok C,premium ,Aman
PRD-99900,128,30.0,9.0,78000,Tidak,Blok B, reguler ,Backorder
PRD-68899,209,23.0,23.0,196000,Tidak,Blok C, reguler ,Backorder
PRD-96444,33,10.0,4.0,303000,Tidak,Blok C,premium ,Backorder
PRD-50397,279,8.0,2.0,291000,Ya,Blok C,Reguler,Aman
PRD-74033,387,10.0,29.0,175000,Tidak,Blok A,REGULER,Aman
PRD-66447,292,,10.0,137000,Tidak,Blok C,Premium,Aman
PRD-81376,476,13.0,16.0,433000,Tidak,Blok A,Reguler,Aman
PRD-34022,297,44.0,4.0,259000,Tidak,Blok B,REGULER,Aman
PRD-12591,31,4.0,3.0,121000,Ya,Blok C,premium ,Aman
PRD-90093,145,26.0,28.0,96000,Tidak,Blok C,REGULER,Backorder
PRD-32867,51,20.0,26.0,121000,Tidak,Blok A,premium ,Backorder
PRD-67287,16,21.0,14.0,402000,Tidak,Blok A,Premium,Aman
PRD-79795,194,19.0,25.0,50000,Ya,Blok C,REGULER,Backorder
PRD-89190,15,26.0,6.0,43000,Tidak,Blok B,Premium,Aman
PRD-95961,74,33.0,2.0,418000,Tidak,Blok A,Reguler,Backorder
PRD-57653,405,27.0,27.0,52000,Tidak,Blok A,premium ,Backorder
PRD-67433,255,35.0,2.0,282000,Tidak,Blok A,Premium,Aman
PRD-80456,143,15.0,9.0,316000,Tidak,Blok C,Premium,Aman
PRD-18002,235,25.0,17.0,22000,Tidak,Blok B, reguler ,Backorder
PRD-83965,36,46.0,23.0,443000,Tidak,Blok B,REGULER,Backorder
PRD-40226,482,40.0,19.0,110000,Tidak,Blok C,Premium,Backorder
PRD-79724,127,32.0,22.0,304000,Tidak,Blok B,Premium,Backorder
PRD-78469,176,1.0,19.0,368000,Ya,Blok C,premium ,Menipis
PRD-42009,6,1.0,9.0,424000,Tidak,Blok B,Reguler,Backorder
PRD-89558,79,30.0,21.0,208000,Ya,Blok A,Premium,Backorder
PRD-99342,159,19.0,4.0,400000,Ya,Blok A, reguler ,Aman
PRD-42544,93,25.0,2.0,226000,Tidak,Blok B,premium ,Backorder
PRD-54814,322,29.0,14.0,238000,Tidak,Blok C,REGULER,Backorder
PRD-10320,305,7.0,12.0,59000,Tidak,Blok C,Reguler,Menipis
PRD-87963,106,45.0,2.0,359000,Ya,Blok B,REGULER,Menipis
PRD-81621,214,38.0,26.0,238000,Tidak,Blok B,premium ,Backorder
PRD-95211,233,47.0,21.0,61000,Ya,Blok B,Premium,Backorder
PRD-52923,336,6.0,29.0,162000,Tidak,Blok A,premium ,Aman
PRD-79586,85,41.0,3.0,330000,Ya,Blok B,Reguler,Backorder
PRD-43613,348,,6.0,159000,Tidak,Blok B, reguler ,Aman
PRD-21151,199,37.0,7.0,318000,Tidak,Blok B, reguler ,Backorder
PRD-79284,415,7.0,24.0,109000,Tidak,Blok A, reguler ,Aman
PRD-91418,460,21.0,15.0,440000,Tidak,Blok A, reguler ,Backorder
PRD-17145,393,45.0,22.0,150000,Ya,Blok A,premium ,Backorder
PRD-97148,461,2.0,26.0,386000,Ya,Blok B,premium ,Aman
PRD-53856,292,27.0,8.0,465000,Tidak,Blok A,Reguler,Menipis
PRD-83228,1,,3.0,65000,Tidak,Blok B,REGULER,Backorder
PRD-94478,246,8.0,10.0,351000,Ya,Blok A,premium ,Menipis
PRD-28667,228,26.0,21.0,174000,Ya,Blok B,REGULER,Backorder
PRD-54238,373,3.0,20.0,275000,Tidak,Blok C, reguler ,Aman
PRD-69473,84,36.0,15.0,489000,Tidak,Blok C,Reguler,Backorder
PRD-20143,45,17.0,16.0,99000,Ya,Blok A,REGULER,Backorder
PRD-90038,279,36.0,10.0,102000,Tidak,Blok A,Premium,Backorder
PRD-90792,385,10.0,9.0,273000,Tidak,Blok C,REGULER,Aman
PRD-29544,439,46.0,17.0,445000,Tidak,Blok B, reguler ,Backorder
PRD-45183,165,,5.0,329000,Tidak,Blok C,Reguler,Backorder
PRD-36123,372,17.0,10.0,150000,Ya,Blok A,Premium,Aman
PRD-39309,170,33.0,,410000,Ya,Blok C, reguler ,Menipis
PRD-89767,108,46.0,18.0,204000,Tidak,Blok B, reguler ,Backorder
PRD-46378,322,49.0,13.0,257000,Tidak,Blok C,REGULER,Menipis
PRD-11342,340,38.0,10.0,133000,Ya,Blok B,REGULER,Aman
PRD-78842,284,33.0,21.0,400000,Tidak,Blok B,REGULER,Backorder
PRD-99859,118,27.0,3.0,204000,Tidak,Blok C,REGULER,Aman
PRD-23979,442,41.0,14.0,73000,Ya,Blok A,premium ,Backorder
PRD-93529,451,25.0,23.0,432000,Tidak,Blok C, reguler ,Menipis
PRD-27558,327,16.0,9.0,120000,Tidak,Blok A,Reguler,Aman
PRD-17244,484,36.0,27.0,462000,Tidak,Blok B,Reguler,Backorder
PRD-30316,487,11.0,10.0,263000,Tidak,Blok B, reguler ,Aman
PRD-66387,429,33.0,5.0,475000,Tidak,Blok A, reguler ,Aman
PRD-97381,416,7.0,29.0,306000,Tidak,Blok A,Reguler,Backorder
PRD-51833,261,1.0,19.0,276000,Tidak,Blok A, reguler ,Aman
PRD-57599,475,27.0,2.0,145000,Ya,Blok B,Premium,Aman
PRD-29563,74,5.0,24.0,143000,Ya,Blok B,Reguler,Backorder
PRD-94717,451,26.0,2.0,454000,Tidak,Blok B, reguler ,Aman
PRD-84702,43,26.0,15.0,210000,Ya,Blok A,REGULER,Backorder
PRD-86125,385,36.0,7.0,102000,Tidak,Blok A,premium ,Menipis
PRD-14597,127,30.0,9.0,146000,Tidak,Blok B,Premium,Backorder
PRD-98929,198,43.0,24.0,490000,Tidak,Blok B, reguler ,Backorder
PRD-27576,319,17.0,10.0,327000,Tidak,Blok B,premium ,Aman
PRD-86764,359,36.0,28.0,353000,Tidak,Blok B,Premium,Menipis
PRD-66782,73,3.0,13.0,469000,Ya,Blok C, reguler ,Aman
PRD-73416,252,17.0,9.0,440000,Ya,Blok A, reguler ,Menipis
PRD-23686,482,2.0,21.0,135000,Ya,Blok A,Premium,Aman
PRD-97939,333,28.0,999.0,298000,Tidak,Blok B,REGULER,Aman
PRD-28226,173,15.0,,409000,Ya,Blok C,Premium,Menipis
PRD-16772,450,3.0,9.0,383000,Tidak,Blok C,Premium,Aman
PRD-39300,154,43.0,7.0,446000,Tidak,Blok B,premium ,Backorder
PRD-31253,45,35.0,13.0,272000,Tidak,Blok C,REGULER,Menipis
PRD-23919,471,25.0,20.0,150000,Ya,Blok A,Premium,Backorder
PRD-37213,131,49.0,9.0,314000,Tidak,Blok A,REGULER,Backorder
PRD-38853,294,26.0,5.0,213000,Ya,Blok C,REGULER,Aman
PRD-88840,256,23.0,23.0,46000,Tidak,Blok C,Reguler,Backorder
PRD-96716,359,35.0,18.0,310000,Ya,Blok A, reguler ,Aman
PRD-22521,18,32.0,14.0,218000,Tidak,Blok A,premium ,Backorder
PRD-32606,351,46.0,10.0,446000,Tidak,Blok B,premium ,Menipis
PRD-10587,160,41.0,12.0,281000,Tidak,Blok C,Reguler,Backorder
PRD-27140,428,13.0,6.0,84000,Ya,Blok C,premium ,Aman
PRD-61196,90,13.0,10.0,442000,Tidak,Blok B,Reguler,Backorder
PRD-77996,7,,15.0,228000,Tidak,Blok B, reguler ,Backorder
PRD-58803,139,20.0,29.0,419000,Tidak,Blok C, reguler ,Backorder
PRD-51366,356,10.0,3.0,494000,Tidak,Blok A,premium ,Menipis
PRD-21831,425,44.0,17.0,279000,Tidak,Blok B,REGULER,Backorder
PRD-33989,18,33.0,26.0,179000,Tidak,Blok A,Premium,Backorder
PRD-17415,279,,9.0,136000,Ya,Blok C,Premium,Backorder
PRD-89151,420,36.0,18.0,44000,Tidak,Blok C,premium ,Menipis
PRD-15594,267,22.0,15.0,288000,Ya,Blok A,premium ,Menipis
PRD-56105,24,48.0,23.0,372000,Tidak,Blok C,Premium,Backorder
PRD-81211,460,26.0,22.0,232000,Tidak,Blok A,Reguler,Backorder
PRD-44413,411,15.0,29.0,53000,Tidak,Blok B, reguler ,Backorder
PRD-59723,422,10.0,25.0,192000,Tidak,Blok C,Reguler,Aman
PRD-56619,134,19.0,13.0,199000,Tidak,Blok B,REGULER,Backorder
PRD-86762,118,28.0,3.0,271000,Tidak,Blok B,REGULER,Menipis
PRD-79619,227,,12.0,233000,Ya,Blok B,premium ,Aman
PRD-89832,53,29.0,10.0,221000,Tidak,Blok B,REGULER,Backorder
PRD-92421,345,43.0,24.0,327000,Tidak,Blok A,REGULER,Menipis
PRD-72580,7,,10.0,271000,Ya,Blok C,premium ,Backorder
PRD-80393,61,15.0,23.0,423000,Tidak,Blok C,Premium,Backorder
PRD-21441,104,24.0,26.0,67000,Tidak,Blok C,premium ,Backorder
PRD-32106,217,2.0,10.0,490000,Ya,Blok A,Reguler,Aman
PRD-57928,283,44.0,8.0,467000,Ya,Blok A, reguler ,Menipis
PRD-47419,311,29.0,16.0,330000,Tidak,Blok B,premium ,Backorder
PRD-68026,239,,18.0,413000,Tidak,Blok B,REGULER,Menipis
PRD-66866,202,9.0,19.0,276000,Ya,Blok A,REGULER,Menipis
PRD-79918,472,31.0,999.0,169000,Ya,Blok B,Premium,Menipis
PRD-44701,85,35.0,999.0,250000,Tidak,Blok B,REGULER,Backorder
PRD-15574,65,28.0,18.0,282000,Tidak,Blok C,Premium,Aman
PRD-98222,118,39.0,20.0,422000,Tidak,Blok B, reguler ,Backorder
PRD-48737,159,28.0,3.0,34000,Tidak,Blok B,Premium,Menipis
PRD-68005,245,13.0,26.0,163000,Ya,Blok A,Reguler,Backorder
PRD-25088,314,,29.0,138000,Ya,Blok C,REGULER,Backorder
PRD-12336,92,16.0,7.0,57000,Tidak,Blok A,premium ,Backorder
PRD-20207,342,38.0,29.0,425000,Ya,Blok A, reguler ,Backorder
PRD-54387,35,7.0,6.0,56000,Ya,Blok B,REGULER,Backorder
PRD-94292,72,23.0,4.0,45000,Ya,Blok A, reguler ,Menipis
PRD-32222,208,31.0,3.0,156000,Ya,Blok C,Reguler,Menipis
PRD-25248,366,21.0,28.0,407000,Ya,Blok A,premium ,Backorder
PRD-21953,238,22.0,22.0,245000,Tidak,Blok C, reguler ,Backorder
PRD-20315,446,31.0,5.0,406000,Tidak,Blok C,Premium,Aman
PRD-27019,354,36.0,24.0,178000,Tidak,Blok B,REGULER,Menipis
PRD-41704,399,38.0,20.0,13000,Tidak,Blok C,Reguler,Backorder
PRD-59811,368,40.0,15.0,387000,Tidak,Blok C,REGULER,Menipis
PRD-46181,254,11.0,11.0,12000,Tidak,Blok C,Reguler,Aman
PRD-60110,245,12.0,11.0,491000,Tidak,Blok C,Premium,Aman
PRD-84716,422,42.0,4.0,378000,Tidak,Blok A,Reguler,Menipis
PRD-84681,472,28.0,9.0,244000,Tidak,Blok B,REGULER,Aman
PRD-99863,136,6.0,14.0,499000,Tidak,Blok B,Reguler,Menipis
PRD-73344,82,9.0,11.0,384000,Tidak,Blok C,Premium,Aman
PRD-76708,246,3.0,20.0,85000,Tidak,Blok C,REGULER,Aman
PRD-36613,373,38.0,5.0,397000,Ya,Blok A, reguler ,Menipis
PRD-43487,452,49.0,5.0,181000,Tidak,Blok C,premium ,Backorder
PRD-99012,46,37.0,27.0,17000,Tidak,Blok A,Reguler,Aman
PRD-80192,266,39.0,16.0,138000,Ya,Blok B,Reguler,Backorder
PRD-51941,121,5.0,29.0,195000,Tidak,Blok B,REGULER,Backorder
PRD-46824,81,5.0,19.0,313000,Tidak,Blok C,premium ,Menipis
PRD-47344,313,20.0,5.0,52000,Tidak,Blok A,Premium,Aman
PRD-57093,433,17.0,2.0,25000,Tidak,Blok A,Premium,Aman
PRD-39670,197,41.0,8.0,276000,Tidak,Blok A,REGULER,Menipis
PRD-78477,286,46.0,7.0,267000,Tidak,Blok B,Premium,Backorder
PRD-19759,265,18.0,17.0,263000,Tidak,Blok B,REGULER,Backorder
PRD-94866,407,29.0,10.0,33000,Tidak,Blok C,Reguler,Aman
PRD-70523,303,3.0,,167000,Tidak,Blok A,Reguler,Aman
PRD-58893,214,18.0,6.0,420000,Tidak,Blok A,Reguler,Menipis
PRD-17189,147,39.0,9.0,99000,Tidak,Blok C,Premium,Menipis
PRD-91542,245,2.0,26.0,368000,Ya,Blok A,premium ,Aman
PRD-10178,386,31.0,15.0,240000,Ya,Blok B,Premium,Backorder
PRD-97508,145,33.0,20.0,445000,Tidak,Blok A,premium ,Menipis
PRD-29159,446,38.0,4.0,70000,Ya,Blok C,Reguler,Aman
PRD-63080,0,10.0,27.0,233000,Tidak,Blok C,Reguler,Backorder
PRD-54308,74,38.0,10.0,485000,Tidak,Blok A,REGULER,Menipis
PRD-43332,464,47.0,21.0,102000,Ya,Blok B, reguler ,Menipis
PRD-14694,398,35.0,7.0,69000,Ya,Blok B,Premium,Menipis
PRD-69766,176,17.0,22.0,490000,Ya,Blok C,REGULER,Backorder
PRD-94101,453,26.0,,457000,Tidak,Blok A,REGULER,Backorder
PRD-14994,33,29.0,5.0,225000,Ya,Blok B,premium ,Backorder
PRD-96027,430,42.0,26.0,451000,Tidak,Blok A,premium ,Backorder
PRD-71527,86,47.0,999.0,471000,Ya,Blok C,Premium,Menipis
PRD-55714,165,24.0,20.0,36000,Tidak,Blok A,Premium,Backorder
PRD-39553,370,,28.0,106000,Tidak,Blok B,Premium,Backorder
PRD-40279,391,25.0,28.0,227000,Tidak,Blok C,premium ,Backorder
PRD-48674,458,23.0,22.0,93000,Tidak,Blok A,Premium,Backorder
PRD-42427,77,45.0,4.0,316000,Ya,Blok A,Premium,Aman
PRD-90797,303,6.0,17.0,321000,Ya,Blok C,REGULER,Aman
PRD-54921,257,44.0,10.0,364000,Tidak,Blok B,Premium,Backorder
PRD-96129,479,10.0,3.0,85000,Tidak,Blok B,Premium,Aman
PRD-38615,348,41.0,21.0,179000,Ya,Blok B,Reguler,Menipis
PRD-69234,168,21.0,24.0,412000,Ya,Blok A,Reguler,Backorder
PRD-63740,468,12.0,16.0,120000,Ya,Blok C,Premium,Aman
PRD-39345,33,4.0,26.0,473000,Tidak,Blok B,Premium,Backorder
PRD-94762,437,18.0,21.0,322000,Ya,Blok A,Reguler,Aman
PRD-99709,426,16.0,12.0,93000,Tidak,Blok C, reguler ,Aman
PRD-72613,433,10.0,6.0,465000,Tidak,Blok C, reguler ,Aman
PRD-80134,150,31.0,12.0,105000,Tidak,Blok A,Premium,Backorder
PRD-48088,39,7.0,9.0,492000,Tidak,Blok C,Reguler,Menipis
PRD-34300,153,38.0,29.0,86000,Ya,Blok B, reguler ,Backorder
PRD-60298,119,32.0,9.0,50000,Tidak,Blok B,Premium,Menipis
PRD-15311,125,12.0,17.0,33000,Tidak,Blok A, reguler ,Backorder
PRD-58114,288,11.0,21.0,66000,Tidak,Blok C,Reguler,Menipis
PRD-30102,304,,6.0,270000,Tidak,Blok C, reguler ,Aman
PRD-79390,130,34.0,16.0,402000,Tidak,Blok A,REGULER,Backorder
PRD-47226,23,41.0,28.0,250000,Tidak,Blok B,REGULER,Backorder
PRD-26977,194,49.0,27.0,188000,Ya,Blok B,REGULER,Backorder
PRD-25282,159,7.0,29.0,454000,Tidak,Blok B,premium ,Backorder
PRD-60955,291,9.0,19.0,123000,Tidak,Blok B,Reguler,Menipis
PRD-89400,59,14.0,18.0,131000,Ya,Blok B,Reguler,Backorder
PRD-14648,309,46.0,3.0,11000,Ya,Blok C,Reguler,Menipis
PRD-52718,4,1.0,7.0,389000,Tidak,Blok A,REGULER,Menipis
PRD-56733,13,37.0,999.0,152000,Tidak,Blok C, reguler ,Backorder
PRD-62300,142,45.0,3.0,443000,Ya,Blok C, reguler ,Aman
PRD-88672,166,28.0,29.0,439000,Tidak,Blok A,Reguler,Menipis
PRD-71497,81,5.0,8.0,303000,Ya,Blok A,REGULER,Aman
PRD-45303,75,44.0,22.0,72000,Tidak,Blok B, reguler ,Backorder
PRD-50794,329,,11.0,498000,Tidak,Blok A, reguler ,Aman
PRD-52287,185,,6.0,325000,Ya,Blok A,Reguler,Backorder
PRD-13430,389,31.0,8.0,28000,Ya,Blok C,Premium,Menipis
PRD-75184,338,10.0,14.0,188000,Tidak,Blok B,Premium,Menipis
PRD-82534,464,39.0,10.0,481000,Ya,Blok C, reguler ,Aman
PRD-62107,99,43.0,13.0,201000,Tidak,Blok A,Premium,Backorder
PRD-84292,92,29.0,16.0,120000,Ya,Blok B,REGULER,Backorder
PRD-17232,328,34.0,999.0,359000,Tidak,Blok C,Premium,Backorder
PRD-61293,269,40.0,10.0,167000,Tidak,Blok A,REGULER,Menipis
PRD-17857,362,38.0,21.0,360000,Tidak,Blok C, reguler ,Backorder
PRD-86896,290,5.0,12.0,174000,Ya,Blok C,Reguler,Aman
PRD-15439,44,6.0,23.0,253000,Ya,Blok C, reguler ,Backorder
PRD-72766,213,45.0,25.0,491000,Ya,Blok A,Reguler,Backorder
PRD-92641,209,34.0,28.0,414000,Tidak,Blok C,REGULER,Backorder
PRD-25701,381,7.0,20.0,421000,Tidak,Blok B,REGULER,Aman
PRD-85731,408,21.0,17.0,364000,Ya,Blok B,Reguler,Menipis
PRD-84822,133,16.0,28.0,170000,Tidak,Blok C,Premium,Menipis
PRD-65565,296,18.0,4.0,366000,Tidak,Blok A,REGULER,Menipis
PRD-81947,117,6.0,,468000,Tidak,Blok A,Reguler,Menipis
PRD-43298,183,6.0,26.0,316000,Tidak,Blok B,premium ,Menipis
PRD-25707,136,,20.0,316000,Ya,Blok A,REGULER,Backorder
PRD-19074,373,44.0,7.0,426000,Ya,Blok B,Premium,Aman
PRD-62104,437,39.0,23.0,406000,Tidak,Blok A,Premium,Backorder
PRD-36660,364,36.0,15.0,163000,Ya,Blok A,Reguler,Backorder
PRD-38927,368,1.0,25.0,176000,Tidak,Blok B, reguler ,Aman
PRD-99135,375,19.0,24.0,326000,Tidak,Blok B,Premium,Backorder
PRD-99614,441,20.0,7.0,312000,Tidak,Blok B,Reguler,Aman
PRD-42872,137,11.0,3.0,39000,Tidak,Blok C,Reguler,Aman
PRD-19348,262,36.0,17.0,435000,Tidak,Blok C,premium ,Aman
PRD-24199,298,48.0,14.0,202000,Ya,Blok A,premium ,Backorder
PRD-79110,302,17.0,7.0,133000,Tidak,Blok A,premium ,Aman
PRD-82101,274,22.0,4.0,392000,Tidak,Blok A,premium ,Aman
PRD-69799,259,32.0,11.0,298000,Tidak,Blok C,premium ,Menipis
PRD-36819,278,14.0,20.0,241000,Ya,Blok C, reguler ,Aman
PRD-12643,107,1.0,17.0,73000,Tidak,Blok C, reguler ,Aman
PRD-87878,389,11.0,999.0,73000,Tidak,Blok C, reguler ,Aman
PRD-57915,274,38.0,15.0,305000,Tidak,Blok A,premium ,Menipis
PRD-14725,215,4.0,8.0,220000,Ya,Blok A,Premium,Aman
PRD-94730,111,32.0,20.0,179000,Tidak,Blok B,Reguler,Backorder
PRD-84191,443,30.0,2.0,137000,Tidak,Blok A,premium ,Aman
PRD-79267,257,19.0,21.0,136000,Tidak,Blok A,premium ,Backorder
PRD-37742,462,48.0,18.0,95000,Tidak,Blok A,Reguler,Backorder
PRD-19479,135,18.0,17.0,69000,Tidak,Blok B,Premium,Menipis
PRD-36616,298,9.0,20.0,426000,Ya,Blok A,premium ,Aman
PRD-18521,36,16.0,11.0,412000,Tidak,Blok C,Premium,Backorder
PRD-45929,178,49.0,7.0,151000,Tidak,Blok B,premium ,Menipis
PRD-36105,424,40.0,16.0,486000,Ya,Blok B,REGULER,Backorder
PRD-41921,122,35.0,17.0,72000,Ya,Blok A,REGULER,Backorder
PRD-85386,96,14.0,15.0,301000,Tidak,Blok B,Premium,Aman
PRD-11708,362,27.0,22.0,465000,Tidak,Blok C,Reguler,Backorder
PRD-48015,480,32.0,12.0,153000,Tidak,Blok A, reguler ,Aman
PRD-60345,11,27.0,17.0,257000,Tidak,Blok B,Reguler,Menipis
PRD-32031,132,17.0,27.0,331000,Ya,Blok A,REGULER,Aman
PRD-22910,397,21.0,,447000,Tidak,Blok C,Premium,Aman
PRD-98534,181,15.0,,411000,Tidak,Blok B,Premium,Menipis
PRD-16615,486,19.0,27.0,408000,Tidak,Blok B, reguler ,Backorder
PRD-91981,265,32.0,20.0,15000,Tidak,Blok A,premium ,Backorder
PRD-92867,159,5.0,26.0,148000,Ya,Blok C, reguler ,Menipis
PRD-32469,90,32.0,3.0,492000,Tidak,Blok A,Premium,Menipis
PRD-84647,438,41.0,16.0,230000,Tidak,Blok A,premium ,Backorder
PRD-43800,149,10.0,2.0,375000,Tidak,Blok C,premium ,Aman
PRD-67803,271,,28.0,14000,Tidak,Blok B,REGULER,Backorder
PRD-93397,405,4.0,29.0,174000,Ya,Blok C,Premium,Aman
PRD-19833,22,16.0,28.0,458000,Ya,Blok B,Premium,Backorder
PRD-92963,330,46.0,24.0,354000,Tidak,Blok A,Premium,Backorder
PRD-95514,265,14.0,2.0,343000,Tidak,Blok C,REGULER,Aman
PRD-36966,447,4.0,14.0,124000,Ya,Blok B,premium ,Aman
PRD-12473,56,30.0,20.0,355000,Tidak,Blok B, reguler ,Backorder
PRD-61993,41,12.0,6.0,272000,Ya,Blok C, reguler ,Backorder
PRD-36162,174,5.0,29.0,168000,Tidak,Blok C,Premium,Menipis
PRD-23224,330,38.0,20.0,385000,Ya,Blok C,REGULER,Backorder
PRD-30104,358,10.0,16.0,395000,Ya,Blok C,Premium,Aman
PRD-81545,18,1.0,8.0,280000,Ya,Blok B,REGULER,Aman
PRD-30389,85,36.0,2.0,111000,Tidak,Blok A, reguler ,Menipis
PRD-28381,115,,17.0,379000,Tidak,Blok C,Reguler,Menipis
PRD-40232,91,8.0,27.0,121000,Tidak,Blok C,Premium,Backorder
PRD-14102,169,24.0,2.0,33000,Ya,Blok B,REGULER,Menipis
PRD-78673,263,12.0,5.0,346000,Tidak,Blok B,REGULER,Aman
PRD-24939,21,35.0,8.0,405000,Tidak,Blok C, reguler ,Menipis
PRD-85179,67,15.0,28.0,307000,Ya,Blok B,premium ,Backorder
PRD-32299,108,,11.0,331000,Tidak,Blok B,REGULER,Backorder
PRD-59104,464,26.0,7.0,437000,Tidak,Blok B, reguler ,Backorder
PRD-86173,316,21.0,26.0,54000,Tidak,Blok B,Reguler,Backorder
PRD-55615,242,17.0,29.0,167000,Tidak,Blok A,Premium,Backorder
PRD-94390,22,27.0,29.0,339000,Tidak,Blok B, reguler ,Menipis
PRD-35851,11,45.0,20.0,122000,Ya,Blok B,REGULER,Backorder
PRD-64645,99,7.0,2.0,299000,Tidak,Blok B,Premium,Menipis
PRD-62982,396,2.0,19.0,158000,Tidak,Blok C,Reguler,Aman
PRD-34729,238,,,296000,Ya,Blok A, reguler ,Backorder
PRD-98916,480,22.0,4.0,116000,Tidak,Blok B,Premium,Aman
PRD-74818,415,20.0,13.0,481000,Tidak,Blok A,premium ,Aman
PRD-46069,263,16.0,999.0,236000,Tidak,Blok A,REGULER,Aman
PRD-31959,258,,29.0,74000,Tidak,Blok A,Premium,Aman
PRD-99393,52,45.0,9.0,463000,Ya,Blok A,Premium,Menipis
PRD-95825,115,14.0,29.0,450000,Tidak,Blok C,premium ,Menipis
PRD-61649,26,31.0,24.0,224000,Ya,Blok B,Premium,Backorder
PRD-13756,369,12.0,21.0,428000,Tidak,Blok A,Reguler,Aman
PRD-97616,81,17.0,3.0,264000,Tidak,Blok B,Reguler,Backorder
PRD-61717,15,46.0,,370000,Tidak,Blok C,Premium,Backorder
PRD-29267,186,21.0,29.0,178000,Tidak,Blok A,REGULER,Backorder
PRD-51153,370,32.0,9.0,204000,Tidak,Blok A,Reguler,Menipis
PRD-56514,447,41.0,8.0,445000,Tidak,Blok A,REGULER,Aman
PRD-75133,419,22.0,18.0,355000,Tidak,Blok B,Reguler,Aman
PRD-39992,209,31.0,17.0,402000,Ya,Blok C,Reguler,Menipis
PRD-38064,408,25.0,18.0,472000,Tidak,Blok C, reguler ,Aman
PRD-55406,149,19.0,21.0,36000,Ya,Blok B,Reguler,Backorder
PRD-79590,170,46.0,13.0,235000,Tidak,Blok B,Premium,Backorder
PRD-10496,395,45.0,15.0,305000,Tidak,Blok A, reguler ,Backorder
PRD-67346,125,1.0,4.0,288000,Tidak,Blok C,Reguler,Aman
PRD-88113,72,47.0,26.0,38000,Tidak,Blok B,REGULER,Backorder
PRD-22161,17,49.0,3.0,181000,Tidak,Blok C,REGULER,Menipis
PRD-17619,256,6.0,13.0,44000,Tidak,Blok C,Reguler,Aman
PRD-46914,66,33.0,16.0,46000,Tidak,Blok B,Reguler,Backorder
PRD-34968,301,42.0,29.0,358000,Tidak,Blok B,Reguler,Backorder
PRD-21162,317,21.0,7.0,253000,Tidak,Blok A,REGULER,Menipis
PRD-23156,267,36.0,4.0,399000,Ya,Blok B,Reguler,Menipis
PRD-47125,181,39.0,15.0,53000,Ya,Blok C, reguler ,Backorder
PRD-48328,65,23.0,19.0,226000,Tidak,Blok B,REGULER,Aman
PRD-82577,331,18.0,11.0,222000,Tidak,Blok B,REGULER,Aman
PRD-40403,233,8.0,17.0,350000,Ya,Blok C,Reguler,Menipis
PRD-69789,388,4.0,3.0,76000,Tidak,Blok A,Premium,Aman
PRD-55272,57,37.0,6.0,195000,Tidak,Blok B,premium ,Aman
PRD-79497,303,28.0,4.0,304000,Ya,Blok B,REGULER,Backorder
PRD-83744,202,24.0,29.0,217000,Tidak,Blok C,Premium,Backorder
PRD-25764,217,20.0,19.0,161000,Tidak,Blok A,premium ,Backorder
PRD-93038,382,15.0,,129000,Tidak,Blok A,Reguler,Aman
PRD-23851,221,8.0,7.0,29000,Ya,Blok A, reguler ,Aman
PRD-48379,256,19.0,20.0,458000,Tidak,Blok A,REGULER,Backorder
PRD-26968,66,17.0,28.0,171000,Ya,Blok A, reguler ,Backorder
PRD-69052,2,,22.0,351000,Ya,Blok A,Premium,Backorder
PRD-31889,456,12.0,25.0,371000,Tidak,Blok A, reguler ,Aman
PRD-29816,329,22.0,4.0,470000,Tidak,Blok A, reguler ,Aman
PRD-34648,128,,19.0,234000,Ya,Blok B, reguler ,Aman
PRD-86619,233,6.0,19.0,198000,Ya,Blok A,REGULER,Aman
PRD-63061,283,32.0,18.0,210000,Ya,Blok A,Reguler,Backorder
PRD-44227,480,37.0,6.0,206000,Tidak,Blok C,premium ,Aman
PRD-82204,220,42.0,21.0,412000,Tidak,Blok B,premium ,Backorder
PRD-84859,151,47.0,10.0,52000,Tidak,Blok B,Reguler,Backorder
PRD-31322,299,2.0,11.0,331000,Ya,Blok A, reguler ,Aman
PRD-23861,303,32.0,15.0,352000,Tidak,Blok C, reguler ,Backorder
PRD-73723,498,44.0,10.0,407000,Tidak,Blok B,premium ,Backorder
PRD-95120,317,48.0,12.0,209000,Tidak,Blok C,Premium,Menipis
PRD-29149,217,21.0,24.0,359000,Tidak,Blok B,Premium,Backorder
PRD-44812,144,31.0,23.0,149000,Tidak,Blok C,premium ,Backorder
PRD-21340,314,47.0,26.0,383000,Tidak,Blok C,Reguler,Backorder
PRD-70410,118,23.0,999.0,65000,Tidak,Blok A,premium ,Backorder
PRD-44228,90,6.0,4.0,480000,Tidak,Blok C, reguler ,Aman
PRD-37025,191,23.0,18.0,342000,Tidak,Blok C,Premium,Menipis
PRD-47335,172,23.0,17.0,34000,Tidak,Blok A,premium ,Backorder
PRD-53307,451,45.0,26.0,294000,Tidak,Blok C, reguler ,Aman
PRD-81569,226,18.0,7.0,335000,Tidak,Blok B,Reguler,Aman
PRD-80740,112,22.0,8.0,306000,Tidak,Blok B,Premium,Menipis
PRD-14470,252,22.0,2.0,413000,Ya,Blok A,Reguler,Aman
PRD-91406,32,35.0,7.0,461000,Tidak,Blok C,Reguler,Backorder
PRD-37350,15,10.0,13.0,154000,Ya,Blok B,Premium,Backorder
PRD-87228,142,20.0,6.0,246000,Ya,Blok B,premium ,Menipis
PRD-28384,248,45.0,26.0,122000,Tidak,Blok C,premium ,Menipis
PRD-36029,176,14.0,12.0,262000,Tidak,Blok A, reguler ,Backorder
PRD-98003,386,48.0,26.0,87000,Tidak,Blok C,REGULER,Backorder
PRD-39806,331,39.0,12.0,131000,Tidak,Blok B,premium ,Aman
PRD-76972,291,1.0,22.0,297000,Tidak,Blok C,Premium,Aman
PRD-99339,13,44.0,7.0,161000,Tidak,Blok B,Premium,Aman
PRD-86396,462,33.0,15.0,459000,Tidak,Blok B,Premium,Aman
PRD-47958,15,,11.0,288000,Tidak,Blok B,Premium,Backorder
PRD-82124,244,31.0,16.0,127000,Tidak,Blok C,premium ,Backorder
PRD-28298,32,42.0,5.0,396000,Tidak,Blok C,premium ,Backorder
PRD-76617,114,25.0,8.0,53000,Tidak,Blok A,premium ,Backorder
PRD-32010,48,43.0,24.0,465000,Ya,Blok B,Reguler,Backorder
PRD-19399,57,13.0,10.0,222000,Tidak,Blok A,Premium,Backorder
PRD-24706,357,12.0,25.0,101000,Tidak,Blok C,premium ,Aman
PRD-64253,29,46.0,29.0,387000,Tidak,Blok A, reguler ,Aman
PRD-56015,148,19.0,2.0,382000,Ya,Blok A,Premium,Menipis
PRD-12695,499,6.0,24.0,408000,Tidak,Blok B, reguler ,Aman
PRD-91219,217,14.0,23.0,259000,Ya,Blok A,REGULER,Backorder
PRD-14646,9,30.0,7.0,353000,Tidak,Blok B,premium ,Backorder
PRD-46731,360,39.0,4.0,344000,Tidak,Blok B,REGULER,Menipis
PRD-12395,133,45.0,27.0,87000,Ya,Blok C,Reguler,Backorder
PRD-43591,161,29.0,5.0,84000,Ya,Blok B, reguler ,Aman
PRD-81442,382,3.0,12.0,220000,Ya,Blok C, reguler ,Menipis
PRD-95024,3,,6.0,197000,Tidak,Blok C,premium ,Backorder
PRD-59431,154,15.0,21.0,55000,Tidak,Blok C,premium ,Backorder
PRD-50108,313,19.0,15.0,109000,Ya,Blok B,Premium,Menipis
PRD-57055,142,8.0,21.0,334000,Tidak,Blok C,Premium,Aman
PRD-93768,53,45.0,3.0,111000,Ya,Blok C,Premium,Menipis
PRD-77850,61,41.0,13.0,205000,Tidak,Blok A,Premium,Backorder
PRD-66071,9,14.0,12.0,454000,Tidak,Blok B,premium ,Backorder
PRD-42167,419,45.0,22.0,26000,Tidak,Blok B,premium ,Backorder
PRD-77728,168,19.0,21.0,245000,Tidak,Blok B,Premium,Backorder
PRD-57279,274,,25.0,353000,Ya,Blok C,Reguler,Aman
PRD-27045,34,23.0,29.0,458000,Tidak,Blok C,Premium,Backorder
PRD-19969,388,23.0,18.0,10000,Ya,Blok C,Reguler,Menipis
PRD-49341,326,26.0,27.0,141000,Ya,Blok C,Reguler,Backorder
PRD-40373,181,31.0,26.0,236000,Tidak,Blok C,premium ,Backorder
PRD-11620,363,9.0,,259000,Ya,Blok A,REGULER,Aman
PRD-30922,25,37.0,9.0,393000,Ya,Blok A, reguler ,Menipis
PRD-58604,193,4.0,20.0,358000,Tidak,Blok C,REGULER,Backorder
PRD-96442,236,10.0,22.0,65000,Ya,Blok B,REGULER,Aman
PRD-17357,417,40.0,4.0,125000,Tidak,Blok B,premium ,Menipis
PRD-29726,170,8.0,11.0,293000,Ya,Blok B,premium ,Aman
PRD-97438,2,,24.0,227000,Tidak,Blok C, reguler ,Menipis
PRD-27920,365,3.0,10.0,235000,Ya,Blok C,REGULER,Menipis
PRD-95610,72,34.0,23.0,490000,Tidak,Blok A, reguler ,Backorder
PRD-13561,172,34.0,21.0,394000,Ya,Blok A, reguler ,Menipis
PRD-52752,282,23.0,2.0,63000,Tidak,Blok A,Premium,Aman
PRD-70614,406,11.0,25.0,371000,Ya,Blok B, reguler ,Aman
PRD-92208,408,,20.0,327000,Tidak,Blok B,REGULER,Menipis
PRD-84489,86,3.0,20.0,422000,Tidak,Blok B,Reguler,Aman
PRD-94078,169,,23.0,241000,Ya,Blok A,Premium,Backorder
PRD-45814,65,33.0,22.0,386000,Tidak,Blok B,REGULER,Menipis
PRD-80017,68,4.0,5.0,269000,Tidak,Blok B,Premium,Aman
PRD-49282,347,4.0,12.0,276000,Tidak,Blok B,Premium,Aman
PRD-61458,326,,7.0,380000,Tidak,Blok B,Premium,Aman
PRD-28888,204,5.0,2.0,358000,Tidak,Blok C, reguler ,Aman
PRD-95548,461,27.0,15.0,413000,Tidak,Blok C,REGULER,Aman
PRD-28287,401,6.0,10.0,377000,Tidak,Blok A,REGULER,Aman
PRD-58624,357,27.0,5.0,351000,Tidak,Blok B,REGULER,Aman
PRD-81147,297,24.0,,199000,Ya,Blok C,premium ,Backorder
PRD-78368,439,,27.0,65000,Tidak,Blok B,REGULER,Menipis
PRD-74503,34,9.0,15.0,325000,Ya,Blok C,REGULER,Backorder
PRD-14000,213,24.0,29.0,269000,Tidak,Blok C,premium ,Backorder
PRD-54135,284,7.0,,350000,Ya,Blok C,Reguler,Aman
PRD-45690,31,32.0,17.0,57000,Tidak,Blok B, reguler ,Backorder
PRD-29539,31,35.0,10.0,495000,Tidak,Blok A,REGULER,Backorder
PRD-79110,277,23.0,2.0,177000,Tidak,Blok A,Reguler,Aman
PRD-70797,132,12.0,8.0,406000,Tidak,Blok C,Premium,Menipis
PRD-23900,317,34.0,14.0,17000,Tidak,Blok C, reguler ,Backorder
PRD-75629,499,32.0,12.0,133000,Tidak,Blok B, reguler ,Menipis
PRD-30557,422,17.0,20.0,52000,Tidak,Blok A,Premium,Aman
PRD-12763,74,29.0,14.0,110000,Tidak,Blok C,Premium,Menipis
PRD-88863,177,19.0,25.0,144000,Ya,Blok A,Reguler,Backorder
PRD-48886,19,40.0,24.0,256000,Tidak,Blok B,REGULER,Menipis
PRD-33956,389,13.0,7.0,478000,Tidak,Blok B,REGULER,Aman
PRD-33411,478,11.0,11.0,339000,Tidak,Blok C,premium ,Aman
PRD-38804,444,8.0,5.0,181000,Ya,Blok B,REGULER,Aman
PRD-82219,150,28.0,15.0,90000,Tidak,Blok C,premium ,Menipis
PRD-27908,375,26.0,26.0,294000,Tidak,Blok B,premium ,Backorder
PRD-67184,422,41.0,16.0,405000,Tidak,Blok A,Premium,Menipis
PRD-15571,344,40.0,7.0,288000,Ya,Blok C,premium ,Aman
PRD-32414,471,19.0,14.0,348000,Ya,Blok C,premium ,Aman
PRD-33752,234,47.0,28.0,271000,Ya,Blok C, reguler ,Backorder
PRD-49661,412,44.0,8.0,217000,Tidak,Blok C,REGULER,Backorder
PRD-32936,100,3.0,5.0,286000,Tidak,Blok A,REGULER,Aman
PRD-24439,482,10.0,25.0,306000,Tidak,Blok B,REGULER,Aman
PRD-21267,24,46.0,3.0,429000,Ya,Blok B,Reguler,Menipis
PRD-64592,162,43.0,6.0,125000,Tidak,Blok C,Reguler,Backorder
PRD-12581,248,48.0,9.0,113000,Ya,Blok A,Reguler,Menipis
PRD-44578,102,4.0,28.0,387000,Tidak,Blok A,premium ,Aman
PRD-33932,281,9.0,18.0,241000,Tidak,Blok A,Premium,Aman
PRD-82267,277,42.0,22.0,66000,Tidak,Blok A,Reguler,Backorder
PRD-10486,138,11.0,5.0,477000,Tidak,Blok C,REGULER,Aman
PRD-79532,336,26.0,17.0,309000,Tidak,Blok C,premium ,Backorder
PRD-14018,111,9.0,2.0,314000,Tidak,Blok C,Reguler,Aman
PRD-51240,317,49.0,20.0,498000,Tidak,Blok A,Premium,Backorder
PRD-97889,66,48.0,20.0,149000,Tidak,Blok A,premium ,Backorder
PRD-90659,174,48.0,10.0,234000,Tidak,Blok C,Reguler,Backorder
PRD-80130,261,10.0,3.0,314000,Tidak,Blok B,Premium,Aman
PRD-94471,112,7.0,19.0,424000,Ya,Blok A,REGULER,Backorder
PRD-96006,381,1.0,14.0,460000,Tidak,Blok C, reguler ,Menipis
PRD-52823,455,23.0,10.0,93000,Ya,Blok C,premium ,Aman
PRD-67854,315,21.0,,295000,Tidak,Blok C,Reguler,Menipis
PRD-16277,121,47.0,11.0,71000,Tidak,Blok A, reguler ,Backorder
PRD-65200,344,17.0,22.0,357000,Tidak,Blok B,Reguler,Backorder
PRD-53563,242,22.0,20.0,198000,Tidak,Blok C, reguler ,Backorder
PRD-93276,463,,27.0,11000,Ya,Blok A,Premium,Backorder
PRD-30805,337,25.0,17.0,411000,Tidak,Blok B,premium ,Backorder
PRD-14922,289,20.0,7.0,284000,Tidak,Blok C,REGULER,Aman
PRD-86281,370,23.0,18.0,350000,Tidak,Blok B,premium ,Menipis
PRD-50910,127,9.0,24.0,22000,Tidak,Blok C,Premium,Backorder
PRD-25438,420,37.0,11.0,16000,Tidak,Blok B,Reguler,Backorder
PRD-12557,172,19.0,8.0,165000,Tidak,Blok C,REGULER,Aman
PRD-48342,157,32.0,3.0,433000,Tidak,Blok B,Reguler,Menipis
PRD-18702,197,26.0,11.0,346000,Ya,Blok B, reguler ,Backorder
PRD-41551,42,17.0,25.0,428000,Ya,Blok A,REGULER,Backorder
PRD-98229,172,18.0,12.0,52000,Ya,Blok A,Reguler,Menipis
PRD-37785,166,25.0,9.0,328000,Tidak,Blok C,premium ,Menipis
PRD-49807,65,43.0,,319000,Tidak,Blok C,Premium,Menipis
PRD-65841,48,4.0,23.0,103000,Tidak,Blok B,REGULER,Menipis
PRD-39425,379,6.0,7.0,137000,Ya,Blok B,Reguler,Aman
PRD-90729,16,24.0,9.0,283000,Ya,Blok C,Premium,Aman
PRD-85583,177,46.0,19.0,471000,Ya,Blok B,Reguler,Menipis
PRD-92799,383,11.0,10.0,188000,Tidak,Blok B,Premium,Aman
PRD-96741,437,40.0,11.0,256000,Ya,Blok A,Reguler,Menipis
PRD-61553,473,4.0,21.0,455000,Ya,Blok C, reguler ,Aman
PRD-26259,291,32.0,6.0,114000,Tidak,Blok C,Premium,Aman
PRD-69821,185,38.0,5.0,213000,Tidak,Blok A, reguler ,Menipis
PRD-56843,215,9.0,12.0,315000,Ya,Blok B, reguler ,Aman
PRD-40143,92,11.0,20.0,24000,Tidak,Blok A,premium ,Backorder
PRD-65820,145,19.0,22.0,444000,Ya,Blok A,REGULER,Backorder
PRD-60577,184,8.0,21.0,190000,Tidak,Blok C,Premium,Backorder
PRD-78136,349,11.0,13.0,230000,Tidak,Blok A,REGULER,Aman
PRD-27071,256,4.0,25.0,182000,Tidak,Blok B,REGULER,Aman
PRD-27352,376,40.0,16.0,357000,Tidak,Blok A,Reguler,Aman
PRD-73308,8,7.0,16.0,381000,Tidak,Blok C,Reguler,Backorder
PRD-75155,185,44.0,17.0,420000,Tidak,Blok B, reguler ,Backorder
PRD-42854,13,14.0,8.0,172000,Ya,Blok A,REGULER,Backorder
PRD-91441,74,2.0,9.0,320000,Ya,Blok A,REGULER,Aman
PRD-18007,299,9.0,13.0,442000,Tidak,Blok C, reguler ,Aman
PRD-61707,175,23.0,20.0,98000,Tidak,Blok A,REGULER,Backorder
PRD-59355,387,46.0,11.0,254000,Ya,Blok B,premium ,Backorder
PRD-71772,182,2.0,5.0,17000,Tidak,Blok B, reguler ,Aman
PRD-59297,34,35.0,28.0,321000,Tidak,Blok B, reguler ,Backorder
PRD-20236,439,9.0,17.0,229000,Ya,Blok B,Premium,Aman
PRD-69980,164,5.0,19.0,436000,Ya,Blok C,Reguler,Aman
PRD-21322,386,44.0,25.0,212000,Tidak,Blok A,REGULER,Backorder
PRD-90356,139,20.0,12.0,61000,Ya,Blok A,Reguler,Menipis
PRD-92227,60,42.0,19.0,411000,Tidak,Blok A, reguler ,Backorder
PRD-49876,274,19.0,20.0,378000,Tidak,Blok A, reguler ,Backorder
PRD-65731,417,9.0,14.0,415000,Tidak,Blok C,Reguler,Aman
PRD-98822,88,26.0,13.0,106000,Ya,Blok A,REGULER,Menipis
PRD-40573,164,27.0,10.0,147000,Ya,Blok A,premium ,Backorder
PRD-14011,324,29.0,18.0,493000,Tidak,Blok A,Premium,Backorder
PRD-65309,221,20.0,24.0,170000,Ya,Blok B,premium ,Backorder
PRD-79812,143,42.0,8.0,46000,Ya,Blok C,premium ,Menipis
PRD-56851,441,38.0,3.0,205000,Tidak,Blok B,premium ,Aman
PRD-98241,105,3.0,29.0,332000,Ya,Blok B,premium ,Menipis
PRD-69660,247,8.0,11.0,222000,Tidak,Blok A,Premium,Menipis
PRD-34127,409,27.0,12.0,116000,Ya,Blok C,premium ,Aman
PRD-67813,209,15.0,22.0,115000,Tidak,Blok B,Premium,Backorder
PRD-59420,134,,25.0,290000,Ya,Blok C,REGULER,Menipis
PRD-43536,319,6.0,8.0,430000,Tidak,Blok C,Reguler,Aman
PRD-66131,179,41.0,24.0,34000,Tidak,Blok B,premium ,Backorder
PRD-46468,238,15.0,20.0,412000,Tidak,Blok C,premium ,Backorder
PRD-31534,192,2.0,24.0,39000,Tidak,Blok B, reguler ,Aman
PRD-91982,215,15.0,23.0,61000,Tidak,Blok B,REGULER,Backorder
PRD-54064,212,9.0,27.0,254000,Ya,Blok C,Reguler,Backorder
PRD-56950,82,15.0,2.0,213000,Tidak,Blok A,REGULER,Aman
PRD-83788,258,44.0,6.0,144000,Tidak,Blok C,premium ,Aman
PRD-14765,138,13.0,6.0,182000,Tidak,Blok C,Reguler,Menipis
PRD-82788,468,25.0,29.0,112000,Tidak,Blok B, reguler ,Backorder
PRD-73745,470,35.0,17.0,131000,Tidak,Blok A,REGULER,Menipis
PRD-37594,263,28.0,10.0,171000,Ya,Blok B,Premium,Backorder
PRD-74922,56,32.0,16.0,308000,Ya,Blok B,premium ,Backorder
PRD-65533,495,,29.0,196000,Tidak,Blok B, reguler ,Backorder
PRD-12970,336,5.0,24.0,49000,Tidak,Blok A, reguler ,Aman
PRD-91782,391,4.0,13.0,430000,Tidak,Blok A,premium ,Menipis
PRD-99647,327,38.0,6.0,153000,Tidak,Blok C,REGULER,Menipis
PRD-34544,173,4.0,27.0,408000,Tidak,Blok C,Reguler,Aman
PRD-66194,256,38.0,13.0,219000,Tidak,Blok C, reguler ,Aman
PRD-35256,9,10.0,17.0,164000,Tidak,Blok B,Reguler,Backorder
PRD-97340,396,34.0,15.0,497000,Tidak,Blok A,Reguler,Backorder
PRD-73734,156,13.0,26.0,378000,Tidak,Blok C,premium ,Backorder
PRD-95867,161,23.0,14.0,203000,Ya,Blok C,Reguler,Menipis
PRD-82762,353,44.0,20.0,372000,Tidak,Blok A,Premium,Backorder
PRD-10591,190,20.0,24.0,425000,Ya,Blok C,REGULER,Aman
PRD-96478,42,3.0,12.0,150000,Tidak,Blok B,REGULER,Aman
PRD-23652,183,12.0,2.0,427000,Tidak,Blok B,Premium,Aman
PRD-60029,410,18.0,22.0,206000,Tidak,Blok B,Reguler,Aman
PRD-68866,223,14.0,15.0,186000,Ya,Blok C,REGULER,Aman
PRD-24671,379,12.0,20.0,54000,Tidak,Blok C,REGULER,Aman
PRD-32588,60,30.0,19.0,22000,Tidak,Blok C,Reguler,Backorder
PRD-27718,198,49.0,9.0,262000,Tidak,Blok A,premium ,Aman
PRD-28653,68,35.0,24.0,170000,Tidak,Blok B, reguler ,Backorder
PRD-41875,105,18.0,20.0,422000,Tidak,Blok B,REGULER,Backorder
PRD-97342,418,18.0,15.0,374000,Tidak,Blok A, reguler ,Aman
PRD-60222,131,5.0,17.0,372000,Ya,Blok C,Reguler,Aman
PRD-11062,300,25.0,6.0,83000,Ya,Blok A,premium ,Menipis
PRD-81932,171,31.0,5.0,449000,Tidak,Blok B, reguler ,Aman
PRD-13726,258,39.0,12.0,33000,Tidak,Blok B,REGULER,Backorder
PRD-96784,432,29.0,12.0,15000,Tidak,Blok C, reguler ,Menipis
PRD-32439,154,27.0,19.0,96000,Ya,Blok C,premium ,Backorder
PRD-57224,12,41.0,5.0,256000,Ya,Blok B,Reguler,Menipis
PRD-77612,210,26.0,9.0,455000,Tidak,Blok A,Premium,Menipis
PRD-59485,227,3.0,29.0,245000,Tidak,Blok C,premium ,Aman
PRD-38302,446,1.0,2.0,24000,Tidak,Blok C,Reguler,Aman
PRD-84567,387,34.0,9.0,399000,Tidak,Blok A, reguler ,Aman
PRD-39320,214,36.0,23.0,35000,Tidak,Blok B,Premium,Backorder
PRD-62797,298,9.0,28.0,482000,Ya,Blok B,premium ,Aman
PRD-62781,61,12.0,11.0,94000,Tidak,Blok B,Reguler,Backorder
PRD-66397,436,4.0,27.0,244000,Tidak,Blok A,REGULER,Aman
PRD-86302,121,23.0,24.0,432000,Ya,Blok C,Reguler,Backorder
PRD-52749,230,26.0,28.0,24000,Tidak,Blok A,Reguler,Backorder
PRD-26417,464,21.0,9.0,188000,Tidak,Blok C,Reguler,Aman
PRD-88532,497,29.0,2.0,365000,Tidak,Blok B,REGULER,Aman
PRD-39092,49,27.0,24.0,227000,Tidak,Blok B, reguler ,Backorder
PRD-44324,4,17.0,2.0,492000,Tidak,Blok A,REGULER,Menipis
PRD-21158,73,12.0,13.0,173000,Tidak,Blok A,Reguler,Backorder
PRD-46355,480,8.0,,316000,Ya,Blok C,premium ,Aman
PRD-55226,237,5.0,3.0,361000,Tidak,Blok A,REGULER,Aman
PRD-73185,260,22.0,13.0,255000,Tidak,Blok A,Reguler,Backorder
PRD-57968,209,46.0,25.0,301000,Tidak,Blok C,Reguler,Backorder
PRD-99846,268,41.0,10.0,144000,Tidak,Blok C,premium ,Menipis
PRD-25240,335,29.0,8.0,68000,Ya,Blok A,premium ,Menipis
PRD-13748,225,28.0,10.0,313000,Tidak,Blok C,REGULER,Backorder
PRD-91455,199,27.0,20.0,300000,Tidak,Blok A,Premium,Backorder
PRD-62132,488,45.0,19.0,130000,Tidak,Blok A,REGULER,Backorder
PRD-38022,475,19.0,23.0,90000,Tidak,Blok A,premium ,Aman
PRD-35338,25,20.0,4.0,375000,Ya,Blok B,Premium,Backorder
PRD-23116,386,45.0,27.0,22000,Tidak,Blok A, reguler ,Aman
PRD-50764,420,9.0,27.0,431000,Ya,Blok A,REGULER,Aman
PRD-13749,462,48.0,4.0,84000,Tidak,Blok B,REGULER,Aman
PRD-26184,338,46.0,24.0,300000,Ya,Blok C,Premium,Backorder
PRD-43159,259,22.0,21.0,348000,Tidak,Blok A,Reguler,Aman
PRD-95744,27,10.0,22.0,350000,Ya,Blok A,Premium,Backorder
PRD-13199,397,16.0,22.0,269000,Tidak,Blok A,Reguler,Menipis
PRD-87811,424,21.0,23.0,258000,Tidak,Blok A,Reguler,Backorder
PRD-85769,50,4.0,28.0,269000,Ya,Blok A, reguler ,Backorder
PRD-86695,178,41.0,12.0,404000,Ya,Blok B,Reguler,Menipis
PRD-24506,303,26.0,18.0,158000,Tidak,Blok C,Reguler,Backorder
PRD-32884,379,35.0,17.0,42000,Tidak,Blok B,Premium,Backorder
PRD-78681,356,48.0,5.0,360000,Tidak,Blok C,premium ,Backorder
PRD-49236,475,7.0,27.0,156000,Tidak,Blok C,premium ,Aman
PRD-27010,140,1.0,13.0,389000,Tidak,Blok B,premium ,Aman
PRD-79650,329,17.0,21.0,173000,Tidak,Blok C,premium ,Backorder
PRD-71267,197,12.0,29.0,264000,Tidak,Blok C,Reguler,Menipis
PRD-55671,323,17.0,13.0,260000,Tidak,Blok A,Reguler,Aman
PRD-34285,376,1.0,2.0,210000,Tidak,Blok A,Premium,Aman
PRD-99859,45,32.0,6.0,434000,Ya,Blok B,Premium,Backorder
PRD-93029,260,30.0,5.0,425000,Tidak,Blok A,premium ,Menipis
PRD-28070,347,9.0,12.0,249000,Tidak,Blok A,REGULER,Aman
PRD-98720,481,8.0,9.0,38000,Ya,Blok B,REGULER,Aman
PRD-92612,73,8.0,15.0,478000,Tidak,Blok A,Premium,Menipis
PRD-26999,57,22.0,20.0,476000,Tidak,Blok B,premium ,Backorder
PRD-15499,24,25.0,7.0,90000,Ya,Blok C,Premium,Menipis
PRD-63871,58,16.0,16.0,324000,Tidak,Blok C, reguler ,Backorder
PRD-54264,245,6.0,4.0,390000,Tidak,Blok A, reguler ,Aman
PRD-89747,245,39.0,24.0,461000,Ya,Blok C,REGULER,Backorder
PRD-41348,228,18.0,28.0,488000,Ya,Blok A,Premium,Backorder
PRD-43361,286,27.0,4.0,395000,Tidak,Blok C, reguler ,Aman
PRD-33434,367,18.0,,14000,Tidak,Blok A,REGULER,Aman
PRD-11589,479,41.0,24.0,361000,Tidak,Blok A, reguler ,Backorder
PRD-41115,318,13.0,26.0,489000,Tidak,Blok C,REGULER,Aman
PRD-39410,392,,13.0,126000,Ya,Blok A, reguler ,Aman
PRD-75532,168,37.0,10.0,49000,Tidak,Blok B,Reguler,Menipis
PRD-86216,155,7.0,7.0,212000,Tidak,Blok B,REGULER,Aman
PRD-66481,404,32.0,17.0,196000,Tidak,Blok C,Premium,Menipis
PRD-43457,309,8.0,15.0,92000,Ya,Blok A,Reguler,Aman
PRD-10064,311,7.0,27.0,179000,Tidak,Blok A, reguler ,Aman
PRD-67771,378,13.0,2.0,448000,Tidak,Blok A, reguler ,Aman
PRD-35351,196,14.0,16.0,383000,Tidak,Blok A,Premium,Menipis
PRD-75545,440,13.0,11.0,363000,Tidak,Blok B, reguler ,Aman
PRD-90018,245,21.0,8.0,223000,Ya,Blok B,Premium,Backorder
PRD-39139,366,12.0,17.0,103000,Ya,Blok A, reguler ,Aman
PRD-15498,449,21.0,28.0,221000,Tidak,Blok A,Premium,Backorder
PRD-19583,31,32.0,5.0,224000,Ya,Blok C, reguler ,Menipis
PRD-51914,17,29.0,28.0,85000,Tidak,Blok C,Premium,Backorder
PRD-36811,255,30.0,4.0,296000,Tidak,Blok B,Premium,Aman
PRD-98606,65,36.0,23.0,103000,Tidak,Blok B,Reguler,Backorder
PRD-24961,361,41.0,3.0,377000,Tidak,Blok B, reguler ,Aman
PRD-13832,265,44.0,21.0,404000,Tidak,Blok B,REGULER,Backorder
PRD-47333,399,,27.0,492000,Tidak,Blok A,Premium,Backorder
PRD-30470,324,37.0,27.0,377000,Tidak,Blok B,Premium,Backorder
PRD-85426,367,44.0,3.0,202000,Tidak,Blok A,premium ,Aman
PRD-53753,94,25.0,28.0,56000,Ya,Blok B,REGULER,Backorder
PRD-97347,483,24.0,18.0,87000,Tidak,Blok C,REGULER,Aman
PRD-40564,419,22.0,7.0,435000,Tidak,Blok B,premium ,Aman
PRD-15084,410,15.0,,137000,Tidak,Blok A,Reguler,Menipis
PRD-37712,16,2.0,17.0,291000,Tidak,Blok B,Reguler,Backorder
PRD-50004,410,42.0,5.0,270000,Ya,Blok C,Premium,Aman
PRD-37464,74,6.0,25.0,469000,Tidak,Blok B,premium ,Backorder
PRD-68755,77,10.0,29.0,108000,Tidak,Blok A,Premium,Backorder
PRD-93600,306,43.0,25.0,91000,Tidak,Blok C,Premium,Backorder
PRD-93829,13,49.0,6.0,226000,Tidak,Blok C,REGULER,Backorder
PRD-29572,17,20.0,11.0,468000,Tidak,Blok A,premium ,Backorder
PRD-63521,50,7.0,12.0,137000,Tidak,Blok A,Premium,Backorder
PRD-18024,114,14.0,9.0,243000,Tidak,Blok A,premium ,Backorder
PRD-67500,480,42.0,17.0,78000,Tidak,Blok C,Reguler,Backorder
PRD-82702,300,,5.0,234000,Ya,Blok B, reguler ,Aman
PRD-43349,195,40.0,26.0,157000,Tidak,Blok A,premium ,Backorder
PRD-48090,373,36.0,21.0,483000,Ya,Blok B,REGULER,Backorder
PRD-47405,445,,25.0,151000,Tidak,Blok B,Premium,Backorder
PRD-52317,37,9.0,2.0,224000,Ya,Blok A,premium ,Aman
PRD-47804,203,18.0,20.0,103000,Tidak,Blok A,Premium,Backorder
PRD-52464,440,18.0,3.0,440000,Tidak,Blok A, reguler ,Aman
PRD-20526,165,7.0,12.0,295000,Tidak,Blok A,REGULER,Aman
PRD-55528,154,15.0,3.0,473000,Ya,Blok A,premium ,Aman
PRD-49993,87,29.0,22.0,157000,Ya,Blok A, reguler ,Backorder
PRD-14359,199,45.0,12.0,353000,Tidak,Blok A, reguler ,Menipis
PRD-93276,0,17.0,22.0,493000,Tidak,Blok C, reguler ,Backorder
PRD-27443,309,19.0,13.0,188000,Ya,Blok A,premium ,Menipis
PRD-74644,105,46.0,27.0,413000,Tidak,Blok B, reguler ,Backorder
PRD-38621,461,42.0,25.0,22000,Tidak,Blok B,Reguler,Backorder
PRD-44785,233,45.0,16.0,317000,Tidak,Blok A,REGULER,Backorder
PRD-95805,95,16.0,11.0,412000,Tidak,Blok A,premium ,Menipis
PRD-95597,494,34.0,3.0,27000,Tidak,Blok B,REGULER,Aman
PRD-27772,354,32.0,21.0,442000,Tidak,Blok C,premium ,Menipis
PRD-55211,460,49.0,25.0,31000,Tidak,Blok B,REGULER,Backorder
PRD-52932,5,2.0,20.0,423000,Tidak,Blok B,Reguler,Backorder
PRD-70197,346,43.0,14.0,73000,Tidak,Blok C,premium ,Backorder
PRD-44964,312,27.0,14.0,121000,Tidak,Blok A,REGULER,Backorder
PRD-75792,238,29.0,19.0,226000,Tidak,Blok A, reguler ,Backorder
PRD-94514,391,41.0,13.0,213000,Tidak,Blok B, reguler ,Backorder
PRD-55875,160,6.0,999.0,190000,Tidak,Blok B,premium ,Aman
PRD-82258,179,45.0,21.0,11000,Tidak,Blok C, reguler ,Backorder
PRD-83643,265,39.0,3.0,70000,Tidak,Blok A,REGULER,Backorder
PRD-49199,320,18.0,16.0,497000,Tidak,Blok A, reguler ,Backorder
PRD-59138,244,29.0,13.0,67000,Ya,Blok B,Premium,Backorder
PRD-66523,419,32.0,,289000,Ya,Blok C,premium ,Backorder
PRD-40699,40,43.0,28.0,353000,Tidak,Blok C,Premium,Backorder
PRD-20973,487,2.0,23.0,420000,Ya,Blok C,Reguler,Aman
PRD-80658,477,26.0,16.0,121000,Tidak,Blok C,Premium,Aman
PRD-33906,87,17.0,21.0,59000,Tidak,Blok C,REGULER,Backorder
PRD-61571,86,31.0,17.0,315000,Tidak,Blok A,REGULER,Menipis
PRD-27158,280,15.0,11.0,236000,Tidak,Blok A,Premium,Aman
PRD-15463,398,10.0,26.0,441000,Tidak,Blok A,Premium,Aman
PRD-25522,62,3.0,2.0,246000,Tidak,Blok C,Reguler,Menipis
PRD-31400,64,47.0,15.0,41000,Tidak,Blok A, reguler ,Backorder
PRD-39055,257,45.0,4.0,164000,Tidak,Blok B, reguler ,Aman
PRD-53013,41,3.0,11.0,376000,Tidak,Blok A,Premium,Aman
PRD-89235,453,21.0,19.0,499000,Tidak,Blok B,Reguler,Menipis
PRD-96158,28,13.0,16.0,111000,Tidak,Blok C,premium ,Backorder
PRD-20195,234,16.0,16.0,286000,Tidak,Blok A,REGULER,Menipis
PRD-14114,279,49.0,19.0,417000,Ya,Blok B,premium ,Backorder
PRD-92025,249,26.0,28.0,156000,Tidak,Blok A,REGULER,Menipis
PRD-51548,26,8.0,14.0,493000,Tidak,Blok A,REGULER,Backorder
PRD-12810,207,6.0,14.0,27000,Tidak,Blok B,REGULER,Aman
PRD-77384,95,38.0,17.0,291000,Tidak,Blok B,REGULER,Menipis
PRD-24780,215,35.0,13.0,253000,Tidak,Blok C, reguler ,Menipis
PRD-55337,295,46.0,13.0,393000,Ya,Blok B,Reguler,Backorder
PRD-46744,389,47.0,,368000,Tidak,Blok A,REGULER,Menipis
PRD-40698,464,45.0,11.0,207000,Ya,Blok B,Premium,Aman
PRD-72653,300,2.0,5.0,115000,Tidak,Blok C, reguler ,Menipis
PRD-62233,102,44.0,11.0,199000,Ya,Blok A,Reguler,Backorder
PRD-78682,273,41.0,9.0,14000,Tidak,Blok A, reguler ,Menipis
PRD-88467,416,14.0,2.0,355000,Tidak,Blok C, reguler ,Aman
PRD-91912,380,35.0,14.0,219000,Tidak,Blok B,Reguler,Menipis
PRD-76912,171,40.0,14.0,157000,Tidak,Blok A,Premium,Backorder
PRD-52531,472,42.0,7.0,444000,Tidak,Blok B,premium ,Menipis
PRD-32432,172,26.0,999.0,102000,Ya,Blok C, reguler ,Backorder
PRD-58340,155,37.0,16.0,366000,Tidak,Blok A,Premium,Backorder
PRD-67894,293,4.0,18.0,257000,Tidak,Blok C,REGULER,Aman
PRD-88471,427,27.0,27.0,398000,Tidak,Blok B,premium ,Backorder
PRD-43307,215,47.0,5.0,143000,Ya,Blok B,Reguler,Menipis
PRD-10037,137,28.0,26.0,487000,Tidak,Blok A,premium ,Backorder
PRD-72790,233,13.0,12.0,416000,Tidak,Blok C,Premium,Aman
PRD-52235,329,7.0,25.0,246000,Tidak,Blok C,Premium,Aman
PRD-22941,464,11.0,7.0,72000,Tidak,Blok C,premium ,Aman
PRD-25641,191,44.0,22.0,251000,Tidak,Blok B,Premium,Backorder
PRD-91882,261,36.0,18.0,405000,Ya,Blok B, reguler ,Backorder
PRD-10302,438,7.0,26.0,289000,Tidak,Blok B, reguler ,Aman
PRD-44296,499,39.0,8.0,480000,Ya,Blok A, reguler ,Aman
PRD-38391,96,35.0,5.0,140000,Ya,Blok A, reguler ,Backorder
PRD-83366,427,46.0,27.0,212000,Tidak,Blok C,REGULER,Backorder
PRD-10163,200,23.0,22.0,403000,Tidak,Blok C,REGULER,Backorder
PRD-72071,443,29.0,24.0,121000,Tidak,Blok C,Reguler,Backorder
PRD-57258,448,21.0,4.0,106000,Tidak,Blok C,REGULER,Aman
PRD-74994,403,16.0,29.0,234000,Tidak,Blok B, reguler ,Backorder
PRD-38767,2,10.0,8.0,239000,Tidak,Blok A,premium ,Backorder
PRD-15004,482,27.0,16.0,429000,Tidak,Blok C,Reguler,Menipis
PRD-32551,249,26.0,24.0,372000,Ya,Blok B,Reguler,Backorder
PRD-27706,251,26.0,26.0,272000,Tidak,Blok C,REGULER,Backorder
PRD-27290,299,27.0,6.0,495000,Tidak,Blok C,Premium,Aman
PRD-17065,201,40.0,3.0,155000,Tidak,Blok B, reguler ,Backorder
PRD-44341,189,46.0,10.0,386000,Ya,Blok A,Reguler,Aman
PRD-10798,168,30.0,18.0,28000,Tidak,Blok B,premium ,Aman
PRD-86865,112,9.0,22.0,239000,Ya,Blok C, reguler ,Menipis
PRD-36657,467,36.0,4.0,401000,Tidak,Blok A,REGULER,Aman
PRD-70522,415,48.0,2.0,251000,Tidak,Blok A,premium ,Menipis
PRD-89057,127,38.0,18.0,91000,Tidak,Blok C,premium ,Backorder
PRD-50387,188,38.0,12.0,339000,Tidak,Blok C, reguler ,Menipis
PRD-62344,10,27.0,24.0,65000,Tidak,Blok C,Premium,Backorder
PRD-75453,201,22.0,27.0,233000,Tidak,Blok B,Reguler,Backorder
PRD-64816,104,18.0,,457000,Tidak,Blok C,premium ,Backorder
PRD-94214,215,29.0,9.0,495000,Ya,Blok A,Premium,Backorder
PRD-37386,435,,17.0,354000,Ya,Blok B,REGULER,Aman
PRD-16378,275,22.0,8.0,176000,Tidak,Blok A,Premium,Backorder
PRD-14263,40,14.0,7.0,362000,Ya,Blok A,premium ,Backorder
PRD-92790,47,8.0,25.0,407000,Tidak,Blok B,REGULER,Backorder
PRD-40869,300,31.0,26.0,367000,Tidak,Blok B,REGULER,Backorder
PRD-56830,494,12.0,12.0,291000,Ya,Blok B, reguler ,Menipis
PRD-65432,466,36.0,,461000,Tidak,Blok B, reguler ,Menipis
PRD-27101,15,47.0,12.0,96000,Tidak,Blok C,Reguler,Backorder
PRD-95617,7,22.0,999.0,68000,Ya,Blok B,Reguler,Backorder
PRD-16371,497,42.0,8.0,430000,Tidak,Blok B,Reguler,Menipis
PRD-93697,155,21.0,29.0,155000,Ya,Blok B,Reguler,Backorder
PRD-58847,249,7.0,18.0,354000,Tidak,Blok A,Premium,Aman
PRD-65006,352,46.0,12.0,376000,Tidak,Blok B, reguler ,Backorder
PRD-36119,434,22.0,26.0,438000,Tidak,Blok A,premium ,Menipis
PRD-60961,183,41.0,24.0,28000,Tidak,Blok B,Premium,Backorder
PRD-80792,482,44.0,999.0,177000,Ya,Blok A,Reguler,Backorder
PRD-15110,226,27.0,4.0,305000,Tidak,Blok B, reguler ,Menipis
PRD-81743,66,16.0,8.0,90000,Tidak,Blok B, reguler ,Backorder
PRD-41403,226,9.0,24.0,448000,Tidak,Blok C,REGULER,Backorder
PRD-65735,43,41.0,11.0,116000,Ya,Blok A,Premium,Backorder
PRD-55212,295,37.0,5.0,83000,Tidak,Blok B,premium ,Menipis
PRD-61567,314,13.0,26.0,151000,Tidak,Blok B,Premium,Menipis
PRD-12413,382,19.0,14.0,118000,Ya,Blok B,Reguler,Menipis
PRD-41556,142,41.0,14.0,78000,Tidak,Blok B,Premium,Aman
PRD-86631,176,33.0,9.0,422000,Tidak,Blok A, reguler ,Menipis
PRD-96322,236,34.0,22.0,388000,Tidak,Blok A,Premium,Backorder
PRD-66624,303,,999.0,351000,Ya,Blok B,Premium,Backorder
PRD-80211,405,2.0,26.0,20000,Tidak,Blok C, reguler ,Aman
PRD-82104,262,37.0,29.0,419000,Tidak,Blok C,premium ,Menipis
PRD-27618,24,8.0,20.0,198000,Tidak,Blok B,REGULER,Menipis
PRD-98952,186,45.0,25.0,474000,Tidak,Blok B,REGULER,Backorder
PRD-42161,434,24.0,999.0,494000,Tidak,Blok A,premium ,Backorder
PRD-76151,485,39.0,8.0,367000,Ya,Blok C,Premium,Aman
PRD-11652,50,49.0,4.0,305000,Tidak,Blok C,Premium,Backorder
PRD-39703,105,18.0,18.0,377000,Tidak,Blok B,Reguler,Backorder
PRD-99299,323,22.0,25.0,59000,Ya,Blok C, reguler ,Menipis
PRD-86555,184,26.0,23.0,338000,Tidak,Blok B,REGULER,Backorder
PRD-86361,83,43.0,8.0,69000,Tidak,Blok B,Premium,Backorder
PRD-41259,83,43.0,23.0,309000,Ya,Blok A,REGULER,Backorder
PRD-75756,198,24.0,29.0,238000,Tidak,Blok C,Reguler,Backorder
PRD-56761,167,40.0,25.0,226000,Tidak,Blok A,REGULER,Backorder
PRD-94444,448,9.0,19.0,474000,Ya,Blok B,Premium,Backorder
PRD-19114,73,45.0,6.0,302000,Tidak,Blok B,Reguler,Backorder
PRD-32436,451,15.0,2.0,341000,Tidak,Blok A,Reguler,Aman
PRD-87209,91,29.0,24.0,129000,Tidak,Blok B,Premium,Backorder
PRD-62930,66,33.0,8.0,143000,Ya,Blok A,Premium,Backorder
PRD-37610,211,19.0,12.0,391000,Tidak,Blok B,REGULER,Menipis
PRD-92862,254,7.0,17.0,388000,Tidak,Blok B,premium ,Aman
PRD-90771,334,26.0,17.0,415000,Tidak,Blok A,premium ,Backorder
PRD-47909,263,34.0,8.0,466000,Ya,Blok B,REGULER,Menipis
PRD-27397,255,38.0,26.0,460000,Tidak,Blok C,REGULER,Aman
PRD-51427,260,24.0,10.0,308000,Tidak,Blok A, reguler ,Backorder
PRD-80714,235,21.0,18.0,130000,Tidak,Blok B, reguler ,Backorder
PRD-22940,9,37.0,29.0,51000,Tidak,Blok A,REGULER,Aman
PRD-37810,472,19.0,27.0,426000,Tidak,Blok A,Premium,Backorder
PRD-78226,79,,2.0,396000,Tidak,Blok A,Reguler,Menipis
PRD-72292,105,3.0,7.0,141000,Tidak,Blok C,Premium,Aman
PRD-26350,316,6.0,29.0,346000,Tidak,Blok B,premium ,Menipis
PRD-31942,104,22.0,19.0,415000,Tidak,Blok C,Premium,Backorder
PRD-13558,431,28.0,11.0,57000,Tidak,Blok C,premium ,Aman
PRD-59811,49,9.0,15.0,422000,Tidak,Blok A,premium ,Backorder
PRD-63871,22,,,447000,Tidak,Blok C,premium ,Menipis
PRD-82055,454,41.0,15.0,104000,Tidak,Blok A,premium ,Backorder
PRD-88929,472,36.0,6.0,459000,Tidak,Blok B,REGULER,Menipis
PRD-69754,371,21.0,22.0,147000,Ya,Blok A,REGULER,Backorder
PRD-87362,428,17.0,5.0,103000,Tidak,Blok C,premium ,Aman
PRD-56525,80,47.0,14.0,192000,Tidak,Blok B,REGULER,Backorder
PRD-75417,184,44.0,20.0,98000,Tidak,Blok B,premium ,Backorder
PRD-70739,95,26.0,11.0,394000,Tidak,Blok B,REGULER,Backorder
PRD-29871,89,1.0,3.0,108000,Tidak,Blok C,premium ,Aman
PRD-36916,8,44.0,12.0,157000,Ya,Blok B,Premium,Aman
PRD-25037,221,23.0,11.0,402000,Tidak,Blok C,REGULER,Backorder
PRD-95615,396,35.0,26.0,221000,Ya,Blok A,premium ,Backorder
PRD-25025,129,13.0,14.0,27000,Tidak,Blok B,premium ,Backorder
PRD-83748,326,47.0,28.0,407000,Ya,Blok B,Reguler,Backorder
PRD-84131,258,1.0,5.0,362000,Ya,Blok C,premium ,Aman
PRD-89509,93,1.0,6.0,468000,Tidak,Blok B,premium ,Aman
PRD-21005,282,25.0,16.0,74000,Tidak,Blok A, reguler ,Aman
PRD-25032,379,29.0,13.0,101000,Ya,Blok A,premium ,Aman
PRD-29503,112,3.0,25.0,334000,Ya,Blok B,Premium,Aman
PRD-19004,435,28.0,22.0,61000,Tidak,Blok B,Premium,Backorder
PRD-61885,459,21.0,13.0,35000,Tidak,Blok C, reguler ,Aman
PRD-93337,292,13.0,11.0,220000,Tidak,Blok C, reguler ,Aman
PRD-12882,156,46.0,19.0,125000,Tidak,Blok C,premium ,Aman
PRD-15951,171,38.0,19.0,483000,Ya,Blok A,premium ,Backorder
PRD-77494,294,5.0,16.0,66000,Tidak,Blok B, reguler ,Backorder
PRD-75451,3,41.0,13.0,274000,Tidak,Blok B,Premium,Backorder
PRD-50473,189,12.0,16.0,127000,Tidak,Blok C,Premium,Aman
PRD-70663,442,15.0,21.0,239000,Tidak,Blok B, reguler ,Aman
PRD-36630,147,24.0,19.0,60000,Ya,Blok C,Reguler,Backorder
PRD-52918,198,5.0,14.0,321000,Ya,Blok C,Reguler,Aman
PRD-27948,338,13.0,15.0,74000,Ya,Blok C,premium ,Aman
PRD-10453,499,9.0,24.0,185000,Tidak,Blok C,Premium,Aman
PRD-46713,476,49.0,29.0,228000,Tidak,Blok A,Reguler,Backorder
PRD-93042,337,28.0,3.0,280000,Tidak,Blok C,REGULER,Aman
PRD-32656,136,27.0,9.0,391000,Ya,Blok C,Premium,Menipis
PRD-49709,328,10.0,4.0,101000,Tidak,Blok C, reguler ,Backorder
PRD-81028,75,36.0,26.0,292000,Tidak,Blok C,Reguler,Backorder
PRD-83509,196,40.0,27.0,485000,Tidak,Blok C,Premium,Backorder
PRD-83302,269,39.0,14.0,377000,Tidak,Blok B,premium ,Backorder
PRD-99196,360,5.0,16.0,419000,Tidak,Blok C,premium ,Aman
PRD-61413,227,21.0,6.0,437000,Tidak,Blok C,Premium,Aman
PRD-58511,114,26.0,26.0,195000,Ya,Blok B,REGULER,Backorder
PRD-97459,188,24.0,28.0,486000,Tidak,Blok C,Reguler,Backorder
PRD-43272,270,13.0,7.0,434000,Tidak,Blok C, reguler ,Aman
PRD-14454,288,49.0,23.0,83000,Ya,Blok A,premium ,Backorder
PRD-46527,77,10.0,3.0,187000,Ya,Blok C,premium ,Aman
PRD-57614,467,34.0,28.0,297000,Tidak,Blok B,REGULER,Backorder
PRD-23986,4,45.0,21.0,94000,Tidak,Blok C,premium ,Backorder
PRD-96928,467,18.0,19.0,69000,Tidak,Blok A,Premium,Backorder
PRD-19941,398,18.0,7.0,89000,Tidak,Blok B,REGULER,Aman
PRD-28263,115,19.0,17.0,294000,Ya,Blok B, reguler ,Backorder
PRD-57101,446,2.0,3.0,389000,Ya,Blok B,Reguler,Aman
PRD-14158,474,24.0,5.0,222000,Tidak,Blok B, reguler ,Aman
PRD-59103,296,36.0,27.0,356000,Ya,Blok A, reguler ,Backorder
PRD-85357,335,9.0,21.0,32000,Ya,Blok A,REGULER,Aman
PRD-27358,436,49.0,11.0,229000,Ya,Blok C,premium ,Backorder
PRD-62550,474,37.0,6.0,465000,Tidak,Blok C,Reguler,Aman
PRD-72812,65,33.0,5.0,242000,Ya,Blok B, reguler ,Backorder
PRD-66547,14,9.0,29.0,342000,Tidak,Blok A, reguler ,Menipis
PRD-91371,173,27.0,6.0,481000,Tidak,Blok A,REGULER,Aman
PRD-78580,76,32.0,2.0,459000,Tidak,Blok B,Reguler,Menipis
PRD-15287,481,12.0,13.0,84000,Tidak,Blok C,premium ,Aman
PRD-64886,387,26.0,29.0,450000,Tidak,Blok B,REGULER,Backorder
PRD-94085,125,35.0,15.0,103000,Tidak,Blok A, reguler ,Backorder
PRD-21795,397,44.0,27.0,313000,Tidak,Blok A,premium ,Menipis
PRD-68692,327,36.0,23.0,352000,Ya,Blok C, reguler ,Backorder
PRD-30025,487,8.0,29.0,130000,Ya,Blok C,premium ,Menipis
PRD-39932,22,49.0,25.0,164000,Tidak,Blok B,REGULER,Backorder
PRD-16772,384,45.0,17.0,256000,Tidak,Blok B,Reguler,Backorder
PRD-87475,248,40.0,13.0,484000,Ya,Blok A,REGULER,Backorder
PRD-28320,280,31.0,21.0,156000,Tidak,Blok B, reguler ,Backorder
PRD-61455,81,13.0,7.0,95000,Tidak,Blok A,REGULER,Aman
PRD-48622,88,22.0,25.0,199000,Tidak,Blok C,Reguler,Menipis
PRD-93329,349,38.0,19.0,11000,Tidak,Blok B,premium ,Backorder
PRD-52255,75,3.0,10.0,220000,Tidak,Blok A,premium ,Aman
PRD-56305,45,13.0,5.0,321000,Tidak,Blok A,REGULER,Backorder
PRD-11102,379,24.0,6.0,337000,Ya,Blok C,Reguler,Aman
PRD-51954,136,37.0,,135000,Ya,Blok A,REGULER,Backorder
PRD-40795,84,18.0,,307000,Tidak,Blok B, reguler ,Aman
PRD-80122,132,36.0,11.0,370000,Tidak,Blok C,REGULER,Backorder
PRD-57922,334,11.0,20.0,117000,Tidak,Blok B,premium ,Aman
PRD-72188,95,41.0,13.0,337000,Tidak,Blok A, reguler ,Backorder
PRD-37584,80,5.0,27.0,255000,Ya,Blok A,premium ,Backorder
PRD-99385,131,25.0,21.0,350000,Tidak,Blok C,premium ,Backorder
PRD-67326,158,7.0,9.0,498000,Tidak,Blok C,Reguler,Menipis
PRD-69902,390,,,393000,Tidak,Blok C,premium ,Aman
PRD-66411,277,40.0,2.0,253000,Ya,Blok C, reguler ,Aman
PRD-53310,111,28.0,29.0,260000,Tidak,Blok B,premium ,Backorder
PRD-78775,304,42.0,29.0,246000,Tidak,Blok C,Reguler,Backorder
PRD-10922,187,37.0,19.0,401000,Ya,Blok C,premium ,Backorder
PRD-38885,142,25.0,19.0,177000,Tidak,Blok B,Reguler,Backorder
PRD-79306,305,19.0,5.0,104000,Tidak,Blok B,REGULER,Aman
PRD-88590,449,4.0,8.0,298000,Tidak,Blok A,REGULER,Aman
PRD-22666,457,45.0,7.0,194000,Tidak,Blok A,REGULER,Aman
PRD-23454,328,24.0,11.0,169000,Tidak,Blok B, reguler ,Menipis
PRD-85139,389,15.0,8.0,162000,Tidak,Blok A,Reguler,Aman
PRD-44129,181,44.0,5.0,16000,Tidak,Blok B,Reguler,Aman
PRD-54066,471,37.0,12.0,253000,Tidak,Blok A,REGULER,Backorder
PRD-50891,210,48.0,9.0,130000,Tidak,Blok A,Premium,Backorder
PRD-99959,313,15.0,9.0,225000,Ya,Blok B,Reguler,Aman
PRD-87261,356,18.0,,291000,Tidak,Blok B,premium ,Menipis
PRD-63410,69,48.0,13.0,466000,Tidak,Blok A,Reguler,Backorder
PRD-60098,78,41.0,3.0,394000,Ya,Blok B,premium ,Menipis
PRD-16533,122,47.0,22.0,173000,Ya,Blok B, reguler ,Menipis
PRD-39158,46,3.0,14.0,93000,Ya,Blok C,premium ,Aman
PRD-35518,206,19.0,25.0,230000,Ya,Blok A,REGULER,Backorder
PRD-86325,70,5.0,20.0,140000,Tidak,Blok B,Reguler,Backorder
PRD-50390,116,1.0,11.0,497000,Tidak,Blok B,Premium,Aman
PRD-97345,37,34.0,16.0,295000,Tidak,Blok B,premium ,Backorder
PRD-23382,290,6.0,3.0,60000,Ya,Blok A,Premium,Aman
PRD-18584,272,30.0,10.0,41000,Tidak,Blok A,premium ,Backorder
PRD-35103,198,7.0,999.0,239000,Tidak,Blok A,Premium,Menipis
PRD-84055,270,38.0,10.0,445000,Tidak,Blok B,REGULER,Backorder
PRD-65680,499,46.0,26.0,421000,Tidak,Blok A,premium ,Backorder
PRD-19290,42,7.0,17.0,377000,Tidak,Blok C, reguler ,Menipis
PRD-84323,136,5.0,16.0,52000,Tidak,Blok B,REGULER,Menipis
PRD-96205,472,15.0,18.0,298000,Ya,Blok B,premium ,Aman
PRD-29282,188,45.0,8.0,307000,Tidak,Blok A, reguler ,Backorder
PRD-31577,199,19.0,21.0,261000,Tidak,Blok C,REGULER,Backorder
PRD-78576,364,15.0,29.0,133000,Tidak,Blok A,REGULER,Aman
PRD-76406,363,,23.0,19000,Tidak,Blok C,REGULER,Backorder
PRD-16475,254,43.0,28.0,173000,Tidak,Blok A,premium ,Aman
PRD-50603,209,14.0,25.0,83000,Tidak,Blok C,Reguler,Aman
PRD-52674,148,3.0,18.0,294000,Tidak,Blok A,Premium,Aman
PRD-48660,122,36.0,12.0,386000,Tidak,Blok A,Reguler,Backorder
PRD-55350,314,4.0,26.0,86000,Ya,Blok B,Reguler,Aman
PRD-68414,284,49.0,3.0,418000,Ya,Blok B,premium ,Menipis
PRD-20402,334,7.0,25.0,195000,Ya,Blok A,Reguler,Aman
PRD-14853,350,15.0,4.0,280000,Tidak,Blok C,REGULER,Aman
PRD-32813,316,16.0,7.0,243000,Tidak,Blok C, reguler ,Aman
PRD-48990,458,20.0,20.0,219000,Tidak,Blok A,Reguler,Menipis
PRD-46575,420,10.0,23.0,153000,Tidak,Blok C,Reguler,Aman
PRD-55095,201,7.0,8.0,274000,Tidak,Blok B,premium ,Aman
PRD-65420,384,25.0,16.0,155000,Tidak,Blok B,premium ,Aman
PRD-94146,498,2.0,26.0,178000,Tidak,Blok C,REGULER,Aman
PRD-13775,294,27.0,21.0,320000,Tidak,Blok B,Premium,Backorder
PRD-40653,231,,20.0,22000,Ya,Blok C, reguler ,Aman
PRD-25036,352,16.0,3.0,487000,Ya,Blok C,Premium,Aman
PRD-10443,415,38.0,26.0,266000,Tidak,Blok C,Reguler,Backorder
PRD-60508,237,39.0,23.0,485000,Tidak,Blok A,Reguler,Backorder
PRD-45740,104,38.0,20.0,24000,Tidak,Blok B,premium ,Backorder
PRD-78879,177,17.0,17.0,257000,Ya,Blok C,Reguler,Backorder
PRD-84553,46,49.0,9.0,141000,Tidak,Blok B,Reguler,Backorder
PRD-64273,216,40.0,15.0,28000,Tidak,Blok A,REGULER,Backorder
PRD-38633,178,3.0,21.0,23000,Tidak,Blok A,premium ,Aman
PRD-88018,345,5.0,4.0,410000,Tidak,Blok A,premium ,Menipis
PRD-73227,189,12.0,20.0,247000,Tidak,Blok B,Reguler,Backorder
PRD-12895,344,39.0,18.0,260000,Ya,Blok C,REGULER,Backorder
PRD-18272,51,39.0,3.0,207000,Ya,Blok A,premium ,Menipis
PRD-29456,301,49.0,15.0,26000,Ya,Blok A,Reguler,Backorder
PRD-24389,217,31.0,2.0,284000,Tidak,Blok A,premium ,Menipis
PRD-72539,214,14.0,5.0,304000,Tidak,Blok B,Premium,Aman
PRD-86524,175,1.0,2.0,381000,Tidak,Blok B, reguler ,Aman
PRD-99912,204,1.0,24.0,105000,Ya,Blok B, reguler ,Aman
PRD-30478,210,,7.0,137000,Tidak,Blok A,premium ,Aman
PRD-51002,155,31.0,6.0,184000,Ya,Blok B,premium ,Menipis
PRD-13987,98,38.0,4.0,146000,Tidak,Blok C,premium ,Menipis
PRD-91580,412,31.0,13.0,36000,Tidak,Blok C, reguler ,Menipis
PRD-50846,120,7.0,16.0,18000,Ya,Blok C,Premium,Aman
PRD-92989,467,47.0,10.0,164000,Tidak,Blok C,Premium,Aman
PRD-60908,473,48.0,16.0,76000,Tidak,Blok A,Premium,Backorder
PRD-72170,481,5.0,11.0,328000,Ya,Blok B, reguler ,Aman
PRD-31949,429,6.0,22.0,72000,Ya,Blok C,Reguler,Aman
PRD-63026,145,46.0,27.0,381000,Tidak,Blok C,premium ,Backorder
PRD-48871,80,14.0,2.0,381000,Tidak,Blok C, reguler ,Menipis
PRD-98839,427,25.0,9.0,216000,Tidak,Blok B,REGULER,Aman
PRD-94821,471,30.0,24.0,216000,Tidak,Blok A, reguler ,Menipis
PRD-82309,489,20.0,23.0,301000,Tidak,Blok C, reguler ,Backorder
PRD-20150,338,49.0,10.0,91000,Tidak,Blok A, reguler ,Menipis
PRD-71386,144,31.0,18.0,342000,Tidak,Blok A, reguler ,Backorder
PRD-83920,351,18.0,8.0,258000,Tidak,Blok C,premium ,Aman
PRD-68792,140,21.0,4.0,157000,Tidak,Blok C, reguler ,Menipis
PRD-61539,72,9.0,19.0,289000,Ya,Blok B,Reguler,Backorder
PRD-41589,229,18.0,14.0,233000,Tidak,Blok C, reguler ,Aman
PRD-86312,254,28.0,,12000,Ya,Blok C, reguler ,Menipis
PRD-66793,116,5.0,25.0,208000,Tidak,Blok B,REGULER,Menipis
PRD-91447,251,46.0,8.0,484000,Tidak,Blok C, reguler ,Menipis
PRD-72224,219,27.0,24.0,332000,Tidak,Blok B,Reguler,Backorder
PRD-10055,55,36.0,18.0,117000,Tidak,Blok C, reguler ,Backorder
PRD-75614,0,48.0,29.0,26000,Tidak,Blok A,Reguler,Backorder
PRD-79767,303,,24.0,86000,Tidak,Blok B,Reguler,Backorder
PRD-91050,38,,18.0,260000,Tidak,Blok B,REGULER,Backorder
PRD-98365,443,19.0,21.0,235000,Tidak,Blok C,Reguler,Aman
PRD-69163,111,24.0,21.0,300000,Tidak,Blok B,Reguler,Backorder
PRD-82982,420,12.0,8.0,279000,Ya,Blok B,Premium,Aman
PRD-79634,479,31.0,7.0,153000,Ya,Blok C,Reguler,Aman
PRD-73295,230,13.0,13.0,58000,Tidak,Blok A,Premium,Backorder
PRD-93245,161,26.0,9.0,198000,Tidak,Blok B,REGULER,Aman
PRD-41897,189,41.0,6.0,417000,Ya,Blok C,premium ,Menipis
PRD-16801,299,20.0,17.0,319000,Tidak,Blok B, reguler ,Menipis
PRD-78111,441,4.0,7.0,118000,Ya,Blok B,REGULER,Aman
PRD-60808,83,30.0,28.0,195000,Tidak,Blok C,premium ,Menipis
PRD-90224,393,24.0,20.0,490000,Tidak,Blok C,Reguler,Backorder
PRD-26462,452,40.0,19.0,149000,Tidak,Blok A,Reguler,Backorder
PRD-98397,194,46.0,29.0,208000,Ya,Blok C,Reguler,Backorder
PRD-38699,222,43.0,16.0,159000,Tidak,Blok C,Reguler,Backorder
PRD-36519,473,12.0,5.0,361000,Tidak,Blok A,REGULER,Aman
PRD-89534,292,43.0,9.0,203000,Ya,Blok C,REGULER,Menipis
PRD-92063,150,18.0,11.0,347000,Tidak,Blok A,REGULER,Backorder
PRD-67802,25,3.0,22.0,76000,Ya,Blok C,premium ,Backorder
PRD-22497,241,35.0,9.0,116000,Tidak,Blok B,premium ,Backorder
PRD-22297,379,19.0,10.0,78000,Tidak,Blok C,premium ,Aman
PRD-75522,318,49.0,3.0,387000,Ya,Blok B, reguler ,Menipis
PRD-10074,81,27.0,11.0,16000,Tidak,Blok B,premium ,Backorder
PRD-26241,177,16.0,12.0,199000,Tidak,Blok A,premium ,Aman
PRD-71922,151,18.0,26.0,256000,Tidak,Blok C,REGULER,Menipis
PRD-51340,53,5.0,3.0,40000,Tidak,Blok A,Reguler,Aman
PRD-50809,51,43.0,999.0,328000,Tidak,Blok B,REGULER,Backorder
PRD-20377,388,11.0,24.0,395000,Tidak,Blok A, reguler ,Menipis
PRD-92494,318,36.0,2.0,62000,Tidak,Blok A,REGULER,Aman
PRD-31447,307,1.0,28.0,359000,Ya,Blok C, reguler ,Aman
PRD-11617,461,48.0,999.0,446000,Tidak,Blok B, reguler ,Backorder
PRD-25619,472,2.0,24.0,270000,Tidak,Blok B,Premium,Aman
PRD-72894,60,29.0,999.0,21000,Ya,Blok A,Reguler,Aman
PRD-28990,342,2.0,29.0,64000,Tidak,Blok A,Premium,Aman
PRD-17973,378,11.0,999.0,168000,Tidak,Blok A,premium ,Aman
PRD-10781,166,44.0,18.0,413000,Tidak,Blok A,REGULER,Backorder
PRD-62057,423,22.0,23.0,369000,Ya,Blok B, reguler ,Backorder
PRD-97902,358,22.0,8.0,34000,Tidak,Blok B,Reguler,Aman
PRD-58353,357,11.0,9.0,98000,Ya,Blok B,REGULER,Aman
PRD-85645,57,40.0,16.0,187000,Ya,Blok C,Premium,Backorder
PRD-60281,84,,9.0,152000,Tidak,Blok C,Premium,Backorder
PRD-89027,401,44.0,11.0,331000,Ya,Blok C,Premium,Aman
PRD-82805,481,37.0,28.0,255000,Ya,Blok A,REGULER,Backorder
PRD-83568,208,23.0,4.0,246000,Tidak,Blok A,REGULER,Aman
PRD-88411,165,33.0,2.0,362000,Ya,Blok B,premium ,Menipis
PRD-45877,3,21.0,19.0,209000,Tidak,Blok C,REGULER,Backorder
PRD-95959,458,49.0,21.0,252000,Tidak,Blok A,Reguler,Backorder
PRD-71753,230,12.0,4.0,436000,Tidak,Blok B,REGULER,Aman
PRD-43687,352,43.0,4.0,351000,Tidak,Blok A,premium ,Aman
PRD-89459,493,4.0,14.0,273000,Ya,Blok C,Premium,Aman
PRD-15075,474,24.0,19.0,360000,Tidak,Blok A,premium ,Aman
PRD-66815,378,3.0,8.0,234000,Tidak,Blok C, reguler ,Aman
PRD-43758,394,8.0,2.0,65000,Tidak,Blok C,Premium,Aman
PRD-46007,54,7.0,27.0,345000,Tidak,Blok A,premium ,Backorder
PRD-95973,230,6.0,,208000,Tidak,Blok C,REGULER,Aman
PRD-56828,376,15.0,6.0,364000,Ya,Blok A,Reguler,Aman
PRD-35517,178,,10.0,342000,Tidak,Blok B,Premium,Menipis
PRD-50108,250,31.0,17.0,276000,Ya,Blok B,REGULER,Menipis
PRD-31636,296,44.0,26.0,98000,Tidak,Blok C,Reguler,Menipis
PRD-49346,351,5.0,999.0,186000,Ya,Blok B,Premium,Aman
PRD-27522,90,30.0,11.0,405000,Tidak,Blok A,premium ,Backorder
PRD-67980,345,15.0,3.0,326000,Ya,Blok B,Premium,Menipis
PRD-20095,117,35.0,10.0,50000,Ya,Blok B,premium ,Backorder
PRD-45464,145,34.0,15.0,399000,Tidak,Blok C,premium ,Backorder
PRD-16073,104,9.0,21.0,267000,Ya,Blok B,Premium,Backorder
PRD-16610,172,23.0,5.0,390000,Ya,Blok A,premium ,Menipis
PRD-34495,96,48.0,6.0,125000,Tidak,Blok B,Premium,Backorder
PRD-19308,364,2.0,25.0,74000,Ya,Blok A,Premium,Aman
PRD-65512,307,12.0,7.0,332000,Ya,Blok B,REGULER,Menipis
PRD-98302,267,35.0,16.0,263000,Tidak,Blok C,Reguler,Menipis
PRD-66361,115,41.0,3.0,441000,Tidak,Blok B,Reguler,Backorder
PRD-35714,43,46.0,4.0,23000,Tidak,Blok A,premium ,Menipis
PRD-46901,423,12.0,10.0,279000,Tidak,Blok A, reguler ,Aman
PRD-94208,128,45.0,10.0,50000,Tidak,Blok A,premium ,Backorder
PRD-25630,66,44.0,8.0,149000,Tidak,Blok C,Reguler,Backorder
PRD-35368,318,41.0,26.0,329000,Ya,Blok B,premium ,Backorder
PRD-46157,214,40.0,14.0,45000,Tidak,Blok A,premium ,Backorder
PRD-50931,88,15.0,7.0,443000,Ya,Blok C,premium ,Menipis
PRD-41225,141,26.0,21.0,154000,Tidak,Blok C,premium ,Menipis
PRD-19344,359,16.0,18.0,131000,Tidak,Blok B,REGULER,Aman
PRD-56562,112,23.0,13.0,215000,Tidak,Blok A,Premium,Menipis
PRD-92310,306,16.0,6.0,20000,Tidak,Blok C,Premium,Aman
PRD-23334,52,14.0,16.0,286000,Tidak,Blok B,Reguler,Backorder
PRD-52687,272,18.0,10.0,307000,Ya,Blok B,Reguler,Menipis
PRD-64553,417,35.0,7.0,161000,Tidak,Blok B, reguler ,Aman
PRD-77005,74,46.0,3.0,314000,Tidak,Blok B,Premium,Menipis
PRD-56172,26,19.0,13.0,431000,Ya,Blok C,Reguler,Backorder
PRD-70545,266,27.0,11.0,173000,Tidak,Blok A,premium ,Menipis
PRD-36385,494,32.0,24.0,453000,Tidak,Blok B,REGULER,Backorder
PRD-12747,230,40.0,12.0,154000,Ya,Blok C,Premium,Backorder
PRD-28830,21,9.0,22.0,60000,Tidak,Blok A,REGULER,Menipis
PRD-73037,115,37.0,3.0,285000,Tidak,Blok A,REGULER,Aman
PRD-39309,155,28.0,9.0,34000,Ya,Blok C,Reguler,Backorder
PRD-19079,497,11.0,28.0,325000,Tidak,Blok A,premium ,Aman
PRD-16869,452,41.0,10.0,426000,Tidak,Blok C,REGULER,Aman
PRD-72085,34,30.0,5.0,495000,Ya,Blok C,premium ,Backorder
PRD-39092,229,4.0,4.0,276000,Tidak,Blok A,premium ,Aman
PRD-85706,496,22.0,,147000,Tidak,Blok B, reguler ,Aman
PRD-82750,274,35.0,11.0,418000,Tidak,Blok A, reguler ,Backorder
PRD-97086,260,26.0,21.0,215000,Tidak,Blok A,REGULER,Backorder
PRD-74140,54,3.0,28.0,465000,Tidak,Blok C,Reguler,Menipis
PRD-86586,102,16.0,25.0,313000,Tidak,Blok A, reguler ,Menipis
PRD-95435,379,13.0,4.0,455000,Ya,Blok A, reguler ,Aman
PRD-72539,468,46.0,5.0,453000,Tidak,Blok C,REGULER,Aman
PRD-66942,6,19.0,5.0,195000,Ya,Blok C,Premium,Menipis
PRD-58825,471,5.0,4.0,98000,Ya,Blok C, reguler ,Aman
PRD-25977,284,7.0,3.0,480000,Tidak,Blok C,premium ,Menipis
PRD-89943,423,6.0,10.0,244000,Tidak,Blok C,Reguler,Aman
PRD-42675,406,35.0,13.0,353000,Ya,Blok B,Reguler,Menipis
PRD-80111,215,45.0,5.0,278000,Ya,Blok B,REGULER,Backorder
PRD-74068,216,37.0,20.0,287000,Ya,Blok B,premium ,Backorder
PRD-59223,211,13.0,999.0,78000,Tidak,Blok C,premium ,Menipis
PRD-20258,465,35.0,4.0,382000,Tidak,Blok A,Premium,Backorder
PRD-56300,217,11.0,,441000,Tidak,Blok B,Reguler,Backorder
PRD-71716,69,30.0,2.0,77000,Tidak,Blok A, reguler ,Aman
PRD-35032,130,6.0,10.0,157000,Ya,Blok A,premium ,Aman
PRD-43365,173,8.0,25.0,271000,Ya,Blok A,REGULER,Backorder
PRD-95782,188,3.0,22.0,336000,Tidak,Blok B,REGULER,Aman
PRD-24274,290,44.0,8.0,416000,Tidak,Blok A, reguler ,Aman
PRD-86095,220,22.0,4.0,343000,Tidak,Blok A,Premium,Aman
PRD-13320,203,40.0,20.0,262000,Tidak,Blok B, reguler ,Menipis
PRD-16044,492,11.0,19.0,176000,Tidak,Blok C,REGULER,Aman
PRD-58928,345,24.0,26.0,283000,Tidak,Blok B,premium ,Backorder
PRD-98090,85,17.0,8.0,18000,Tidak,Blok A,Premium,Backorder
PRD-15695,241,13.0,28.0,82000,Tidak,Blok A,Premium,Backorder
PRD-36014,47,2.0,20.0,199000,Tidak,Blok A,premium ,Aman
PRD-97483,455,,24.0,74000,Tidak,Blok A,Premium,Menipis
PRD-30293,245,29.0,5.0,243000,Tidak,Blok A,premium ,Menipis
PRD-49328,74,21.0,15.0,335000,Tidak,Blok B, reguler ,Backorder
PRD-65312,360,31.0,19.0,447000,Tidak,Blok A, reguler ,Backorder
PRD-71451,83,17.0,27.0,433000,Tidak,Blok B,premium ,Backorder
PRD-50209,206,37.0,24.0,211000,Tidak,Blok A,Premium,Backorder
PRD-97404,304,25.0,18.0,218000,Tidak,Blok A,premium ,Aman
PRD-10806,325,29.0,22.0,234000,Tidak,Blok A,premium ,Backorder
PRD-92050,369,17.0,28.0,240000,Tidak,Blok A,REGULER,Backorder
PRD-38754,448,8.0,15.0,303000,Tidak,Blok B, reguler ,Aman
PRD-13972,143,46.0,23.0,36000,Ya,Blok C,REGULER,Menipis
PRD-54135,231,20.0,24.0,326000,Tidak,Blok B,REGULER,Backorder
PRD-37213,131,49.0,9.0,314000,Tidak,Blok A,REGULER,Backorder
PRD-92569,96,27.0,2.0,418000,Tidak,Blok A,Reguler,Backorder
PRD-47251,56,3.0,27.0,117000,Ya,Blok B,Premium,Aman
PRD-41629,401,11.0,18.0,226000,Tidak,Blok B,Premium,Menipis
PRD-49081,240,27.0,15.0,45000,Ya,Blok B, reguler ,Backorder
PRD-71114,289,,21.0,163000,Ya,Blok C,Premium,Backorder
PRD-22175,86,21.0,12.0,34000,Tidak,Blok B,Reguler,Backorder
PRD-36553,400,45.0,8.0,245000,Ya,Blok C, reguler ,Menipis
PRD-60445,211,48.0,25.0,335000,Tidak,Blok B,REGULER,Backorder
PRD-60500,324,27.0,8.0,329000,Tidak,Blok A,Premium,Aman
PRD-93661,402,32.0,,183000,Ya,Blok C,premium ,Aman
PRD-46081,253,2.0,999.0,299000,Tidak,Blok C,REGULER,Aman
PRD-25352,470,28.0,16.0,137000,Ya,Blok A,REGULER,Menipis
PRD-29595,82,9.0,23.0,113000,Ya,Blok A,Reguler,Backorder
PRD-59832,194,25.0,8.0,116000,Tidak,Blok B,Premium,Menipis
PRD-66979,304,48.0,25.0,375000,Tidak,Blok C,REGULER,Backorder
PRD-40106,439,46.0,13.0,312000,Tidak,Blok C,premium ,Backorder
PRD-90440,241,,,226000,Tidak,Blok B,Premium,Backorder
PRD-76897,170,48.0,15.0,213000,Tidak,Blok C,Premium,Backorder
PRD-36649,94,38.0,28.0,448000,Ya,Blok A,REGULER,Backorder
PRD-95999,277,39.0,5.0,446000,Ya,Blok C,Premium,Backorder
PRD-85481,97,3.0,4.0,130000,Tidak,Blok C,Premium,Aman
PRD-30968,157,38.0,3.0,338000,Tidak,Blok C,premium ,Aman
PRD-20211,14,34.0,13.0,115000,Tidak,Blok B,Premium,Backorder
PRD-98662,219,4.0,2.0,158000,Tidak,Blok A, reguler ,Aman
PRD-17265,440,19.0,5.0,158000,Tidak,Blok C,REGULER,Aman
PRD-32852,115,15.0,7.0,159000,Tidak,Blok B, reguler ,Menipis
PRD-25791,261,46.0,15.0,310000,Tidak,Blok A,Reguler,Backorder
PRD-15057,369,40.0,27.0,269000,Tidak,Blok A,REGULER,Menipis
PRD-82355,480,49.0,28.0,44000,Ya,Blok C,Premium,Backorder
PRD-75510,344,6.0,8.0,155000,Tidak,Blok B,Reguler,Aman
PRD-97134,478,3.0,24.0,485000,Tidak,Blok A,REGULER,Aman
PRD-65243,98,15.0,16.0,323000,Tidak,Blok C,Reguler,Backorder
PRD-85432,307,27.0,5.0,373000,Tidak,Blok B,REGULER,Aman
PRD-50736,468,30.0,6.0,356000,Tidak,Blok B,Premium,Aman
PRD-26738,258,46.0,27.0,333000,Tidak,Blok C,REGULER,Backorder
PRD-47904,112,12.0,14.0,323000,Tidak,Blok C,REGULER,Aman
PRD-99876,79,44.0,6.0,274000,Tidak,Blok B,Premium,Backorder
PRD-54482,219,37.0,4.0,118000,Tidak,Blok C,Reguler,Backorder
PRD-81196,344,28.0,12.0,461000,Tidak,Blok B,Reguler,Aman
PRD-80469,190,21.0,5.0,436000,Tidak,Blok A,premium ,Backorder
PRD-89866,415,21.0,24.0,298000,Tidak,Blok A, reguler ,Backorder
PRD-45777,222,28.0,,231000,Ya,Blok C,REGULER,Aman
PRD-25449,374,7.0,7.0,363000,Tidak,Blok C,premium ,Aman
PRD-80102,195,26.0,2.0,433000,Tidak,Blok B, reguler ,Aman
PRD-69305,466,8.0,14.0,142000,Tidak,Blok B, reguler ,Aman
PRD-64399,75,23.0,6.0,288000,Ya,Blok B,Reguler,Menipis
PRD-19395,369,38.0,6.0,111000,Tidak,Blok B, reguler ,Aman
PRD-92203,333,1.0,27.0,416000,Tidak,Blok B,REGULER,Aman
PRD-11881,482,7.0,17.0,314000,Ya,Blok C,REGULER,Aman
PRD-72248,133,46.0,2.0,306000,Tidak,Blok B, reguler ,Aman
PRD-15926,36,8.0,28.0,104000,Tidak,Blok C, reguler ,Aman
PRD-53262,454,38.0,2.0,216000,Tidak,Blok A,premium ,Aman
PRD-40676,439,29.0,10.0,269000,Tidak,Blok B, reguler ,Menipis
PRD-48523,354,42.0,26.0,425000,Ya,Blok A,premium ,Menipis
PRD-48578,228,49.0,26.0,95000,Ya,Blok B,premium ,Backorder
PRD-71049,443,6.0,29.0,499000,Tidak,Blok A,premium ,Aman
PRD-27116,12,8.0,3.0,365000,Tidak,Blok C,premium ,Menipis
PRD-22300,103,11.0,27.0,474000,Ya,Blok C, reguler ,Backorder
PRD-37420,141,33.0,8.0,464000,Tidak,Blok A,premium ,Aman
PRD-95119,162,20.0,,420000,Tidak,Blok B,Premium,Backorder
PRD-80427,136,4.0,17.0,471000,Ya,Blok B, reguler ,Aman
PRD-11552,415,10.0,14.0,385000,Ya,Blok B,REGULER,Aman
PRD-80453,19,40.0,,424000,Tidak,Blok A,REGULER,Menipis
PRD-60903,439,12.0,10.0,468000,Tidak,Blok B,Reguler,Aman
PRD-31059,447,32.0,4.0,18000,Tidak,Blok C,premium ,Aman
PRD-81918,470,14.0,16.0,151000,Ya,Blok B,REGULER,Aman
PRD-69711,360,19.0,18.0,471000,Tidak,Blok B,Reguler,Menipis
PRD-25588,78,15.0,26.0,409000,Tidak,Blok B,Premium,Menipis
PRD-17213,339,36.0,23.0,20000,Tidak,Blok C,premium ,Menipis
PRD-90691,178,21.0,19.0,95000,Ya,Blok B, reguler ,Backorder
PRD-49220,459,16.0,9.0,290000,Tidak,Blok C, reguler ,Aman
PRD-50581,427,,8.0,461000,Tidak,Blok A, reguler ,Aman
PRD-27929,375,7.0,3.0,250000,Ya,Blok B, reguler ,Aman
PRD-25043,156,16.0,,388000,Ya,Blok A,Reguler,Menipis
PRD-81091,127,29.0,5.0,49000,Tidak,Blok C,Reguler,Menipis
PRD-50633,471,37.0,27.0,216000,Tidak,Blok B,REGULER,Backorder
PRD-32113,226,36.0,26.0,489000,Ya,Blok C,REGULER,Backorder
PRD-18848,227,7.0,6.0,315000,Tidak,Blok B,REGULER,Aman
PRD-54331,155,4.0,25.0,480000,Tidak,Blok C, reguler ,Aman
PRD-44695,380,16.0,5.0,183000,Tidak,Blok A,Reguler,Aman
PRD-40746,144,32.0,9.0,450000,Tidak,Blok B,premium ,Backorder
PRD-47311,348,21.0,22.0,419000,Tidak,Blok A, reguler ,Backorder
PRD-91481,273,13.0,17.0,336000,Tidak,Blok C,REGULER,Backorder
PRD-99654,249,2.0,14.0,136000,Tidak,Blok C,REGULER,Aman
PRD-18770,456,36.0,7.0,288000,Ya,Blok C, reguler ,Aman
PRD-29086,427,22.0,3.0,113000,Tidak,Blok B,REGULER,Aman
PRD-32990,237,41.0,19.0,238000,Ya,Blok B,premium ,Backorder
PRD-34395,460,14.0,10.0,190000,Ya,Blok C,Premium,Aman
PRD-17493,305,4.0,12.0,417000,Tidak,Blok A,REGULER,Aman
PRD-58355,330,37.0,9.0,132000,Tidak,Blok A,REGULER,Aman
PRD-31518,490,45.0,6.0,131000,Ya,Blok C,Reguler,Menipis
PRD-96597,324,,27.0,98000,Ya,Blok C, reguler ,Backorder
PRD-32369,86,9.0,21.0,386000,Tidak,Blok A,Reguler,Backorder
PRD-91007,269,38.0,999.0,75000,Tidak,Blok B,Reguler,Backorder
PRD-66087,379,11.0,9.0,322000,Ya,Blok A, reguler ,Aman
PRD-33165,385,32.0,29.0,437000,Tidak,Blok A,premium ,Backorder
PRD-67153,490,9.0,999.0,181000,Tidak,Blok A,Premium,Menipis
PRD-83588,356,5.0,15.0,463000,Ya,Blok C,Premium,Aman
PRD-52462,404,34.0,15.0,484000,Tidak,Blok A,Premium,Menipis
PRD-41655,125,12.0,29.0,27000,Tidak,Blok B, reguler ,Backorder
PRD-44518,471,14.0,10.0,405000,Tidak,Blok C,premium ,Aman
PRD-25048,449,43.0,11.0,275000,Tidak,Blok A,Premium,Aman
PRD-38693,187,7.0,28.0,122000,Tidak,Blok A,Premium,Aman
PRD-85504,203,6.0,2.0,122000,Tidak,Blok C,Reguler,Aman
PRD-96148,110,12.0,22.0,216000,Ya,Blok A,premium ,Backorder
PRD-42543,219,17.0,14.0,158000,Tidak,Blok B,premium ,Menipis
PRD-27942,70,14.0,21.0,63000,Tidak,Blok A,REGULER,Backorder
PRD-96669,213,43.0,8.0,486000,Tidak,Blok A, reguler ,Menipis
PRD-99037,265,37.0,24.0,228000,Tidak,Blok B, reguler ,Backorder
PRD-19387,277,29.0,17.0,271000,Ya,Blok A,Reguler,Backorder
PRD-44206,316,2.0,21.0,475000,Tidak,Blok B,Premium,Aman
PRD-52495,80,34.0,25.0,61000,Tidak,Blok C,Reguler,Backorder
PRD-15062,396,34.0,10.0,311000,Tidak,Blok C,Premium,Backorder
PRD-59646,246,25.0,29.0,357000,Ya,Blok C,REGULER,Backorder
PRD-74089,129,2.0,11.0,262000,Tidak,Blok A, reguler ,Aman
PRD-92249,8,12.0,999.0,166000,Tidak,Blok A,Reguler,Backorder
PRD-19221,440,35.0,11.0,398000,Tidak,Blok B,REGULER,Backorder
PRD-14956,304,38.0,5.0,199000,Ya,Blok C,Reguler,Backorder
PRD-93700,100,39.0,15.0,72000,Ya,Blok A, reguler ,Backorder
PRD-92062,360,28.0,18.0,188000,Ya,Blok B,REGULER,Backorder
PRD-96103,378,48.0,22.0,117000,Tidak,Blok B,premium ,Backorder
PRD-44731,308,18.0,21.0,87000,Tidak,Blok C,Reguler,Backorder
PRD-46303,295,38.0,,372000,Tidak,Blok C,premium ,Backorder
PRD-90636,18,7.0,9.0,416000,Tidak,Blok B, reguler ,Backorder
PRD-49950,365,21.0,24.0,361000,Tidak,Blok A,premium ,Backorder
PRD-51476,155,19.0,2.0,244000,Tidak,Blok C,Reguler,Menipis
PRD-85828,333,7.0,6.0,96000,Tidak,Blok B,REGULER,Aman
PRD-46839,278,15.0,6.0,416000,Ya,Blok A, reguler ,Aman
PRD-26571,236,43.0,26.0,425000,Tidak,Blok A,Reguler,Backorder
PRD-16743,330,29.0,8.0,128000,Tidak,Blok B,REGULER,Menipis
PRD-47425,198,37.0,24.0,345000,Ya,Blok C,REGULER,Menipis
PRD-83686,492,23.0,8.0,178000,Tidak,Blok C,premium ,Aman
PRD-29340,67,10.0,20.0,232000,Tidak,Blok C,REGULER,Backorder
PRD-57064,259,,10.0,491000,Ya,Blok A,premium ,Aman
PRD-78184,461,37.0,22.0,456000,Tidak,Blok B, reguler ,Menipis
PRD-29569,254,37.0,18.0,261000,Tidak,Blok A, reguler ,Backorder
PRD-66921,302,27.0,28.0,388000,Tidak,Blok A,REGULER,Menipis
PRD-36299,321,19.0,16.0,228000,Tidak,Blok A,Premium,Menipis
PRD-45710,470,25.0,17.0,447000,Tidak,Blok C,premium ,Menipis
PRD-81833,337,43.0,4.0,130000,Ya,Blok C,REGULER,Menipis
PRD-32443,385,5.0,8.0,415000,Ya,Blok A, reguler ,Aman
PRD-58639,104,28.0,28.0,114000,Tidak,Blok A,Premium,Backorder
PRD-16560,6,3.0,9.0,326000,Ya,Blok B,premium ,Menipis
PRD-54239,6,6.0,999.0,212000,Tidak,Blok A,Premium,Backorder
PRD-29423,77,42.0,11.0,77000,Tidak,Blok B,REGULER,Backorder
PRD-91462,120,33.0,4.0,58000,Ya,Blok A, reguler ,Aman
PRD-70654,202,33.0,2.0,119000,Tidak,Blok C,premium ,Menipis
PRD-11942,84,40.0,10.0,151000,Ya,Blok B,Premium,Backorder
PRD-56975,133,35.0,17.0,473000,Tidak,Blok B,Premium,Menipis
PRD-82420,300,38.0,24.0,34000,Tidak,Blok A,premium ,Backorder
PRD-21937,202,35.0,28.0,251000,Ya,Blok C,premium ,Backorder
PRD-21516,186,6.0,14.0,424000,Tidak,Blok B,premium ,Aman
PRD-93613,379,,7.0,220000,Tidak,Blok B,Premium,Aman
PRD-34945,220,10.0,5.0,88000,Tidak,Blok C,premium ,Aman
PRD-89286,218,34.0,26.0,15000,Tidak,Blok A,Premium,Menipis
PRD-10917,223,,3.0,293000,Tidak,Blok A,REGULER,Menipis
PRD-12169,116,42.0,15.0,317000,Tidak,Blok C,premium ,Backorder
PRD-93391,441,27.0,27.0,387000,Ya,Blok B,Premium,Backorder
PRD-55712,144,,21.0,375000,Tidak,Blok A, reguler ,Backorder
PRD-56099,9,4.0,17.0,466000,Tidak,Blok C,Premium,Backorder
PRD-23580,43,45.0,5.0,449000,Ya,Blok C,premium ,Menipis
PRD-83414,467,5.0,7.0,165000,Ya,Blok B, reguler ,Aman
PRD-94117,367,24.0,25.0,145000,Tidak,Blok C,REGULER,Backorder
PRD-73014,353,39.0,7.0,65000,Ya,Blok C, reguler ,Backorder
PRD-53678,224,19.0,10.0,274000,Tidak,Blok B,REGULER,Menipis
PRD-14138,330,21.0,24.0,213000,Ya,Blok A,premium ,Backorder
PRD-89671,25,43.0,10.0,376000,Ya,Blok C, reguler ,Backorder
PRD-65398,397,39.0,8.0,147000,Tidak,Blok C,REGULER,Backorder
PRD-32597,239,12.0,7.0,114000,Tidak,Blok A,Reguler,Aman
PRD-17446,472,30.0,20.0,209000,Tidak,Blok A,premium ,Backorder
PRD-63915,295,10.0,4.0,191000,Tidak,Blok C,REGULER,Aman
PRD-99682,111,13.0,19.0,134000,Tidak,Blok B,premium ,Menipis
PRD-45292,2,39.0,27.0,373000,Ya,Blok C,Reguler,Backorder
PRD-92503,12,14.0,7.0,322000,Tidak,Blok B,REGULER,Backorder
PRD-96840,278,47.0,6.0,20000,Tidak,Blok A,REGULER,Menipis
PRD-68382,190,17.0,7.0,471000,Ya,Blok B,premium ,Aman
PRD-51458,222,25.0,14.0,16000,Tidak,Blok C,Premium,Aman
PRD-39493,245,16.0,10.0,376000,Tidak,Blok B,Premium,Aman
PRD-73449,118,46.0,4.0,209000,Tidak,Blok A,Reguler,Menipis
PRD-18720,319,1.0,,314000,Tidak,Blok C,Premium,Aman
PRD-38690,387,35.0,2.0,172000,Tidak,Blok C,premium ,Menipis
PRD-55084,306,30.0,26.0,395000,Tidak,Blok B, reguler ,Backorder
PRD-66138,241,3.0,28.0,416000,Tidak,Blok C,REGULER,Menipis
PRD-51971,196,18.0,2.0,391000,Tidak,Blok B,Reguler,Aman
PRD-48187,71,2.0,25.0,279000,Tidak,Blok B, reguler ,Aman
PRD-71991,179,24.0,11.0,416000,Tidak,Blok B,REGULER,Menipis
PRD-23975,142,43.0,5.0,317000,Ya,Blok A, reguler ,Menipis
PRD-58617,170,37.0,24.0,448000,Tidak,Blok B,premium ,Backorder
PRD-93886,134,14.0,6.0,142000,Ya,Blok C,Reguler,Aman
PRD-72919,252,46.0,26.0,113000,Ya,Blok A,premium ,Backorder
PRD-89991,479,38.0,11.0,54000,Tidak,Blok A,Reguler,Menipis
PRD-98657,319,24.0,17.0,143000,Tidak,Blok C,REGULER,Backorder
PRD-21249,114,31.0,,212000,Tidak,Blok C,premium ,Backorder
PRD-55704,206,48.0,3.0,470000,Ya,Blok C,Premium,Aman
PRD-99787,360,13.0,29.0,61000,Tidak,Blok A,Premium,Backorder
PRD-82518,144,13.0,15.0,475000,Tidak,Blok B, reguler ,Backorder
PRD-31223,258,7.0,20.0,293000,Tidak,Blok A, reguler ,Aman
PRD-36035,389,44.0,25.0,420000,Tidak,Blok A, reguler ,Backorder
PRD-42624,381,38.0,13.0,233000,Tidak,Blok B, reguler ,Backorder
PRD-17239,103,9.0,6.0,358000,Tidak,Blok A,Reguler,Aman
PRD-89012,113,22.0,999.0,212000,Tidak,Blok B,REGULER,Backorder
PRD-86311,38,13.0,4.0,69000,Tidak,Blok B,Reguler,Aman
PRD-44051,14,5.0,6.0,160000,Tidak,Blok A,Premium,Aman
PRD-36849,159,38.0,24.0,326000,Tidak,Blok B, reguler ,Backorder
PRD-48735,208,40.0,2.0,96000,Tidak,Blok C,Premium,Aman
PRD-83297,328,28.0,7.0,14000,Tidak,Blok B,REGULER,Backorder
PRD-39894,360,32.0,,65000,Tidak,Blok B, reguler ,Backorder
PRD-46609,151,13.0,9.0,422000,Tidak,Blok B, reguler ,Backorder
PRD-76381,181,,2.0,230000,Tidak,Blok A,REGULER,Menipis
PRD-70824,111,36.0,21.0,375000,Ya,Blok B, reguler ,Backorder
PRD-58692,489,2.0,22.0,150000,Tidak,Blok A, reguler ,Aman
PRD-93588,135,47.0,5.0,159000,Tidak,Blok C, reguler ,Backorder
PRD-44381,460,18.0,13.0,255000,Tidak,Blok B,premium ,Aman
PRD-58166,484,41.0,20.0,119000,Ya,Blok C,Premium,Backorder
PRD-20336,44,7.0,15.0,311000,Tidak,Blok C,premium ,Menipis
PRD-35378,266,20.0,4.0,272000,Tidak,Blok C,REGULER,Menipis
PRD-34398,484,29.0,19.0,53000,Tidak,Blok B,REGULER,Aman
PRD-90373,274,18.0,26.0,176000,Tidak,Blok B,Premium,Backorder
PRD-25563,448,36.0,22.0,161000,Tidak,Blok C,Reguler,Backorder
PRD-86253,199,11.0,4.0,194000,Ya,Blok C,Premium,Aman
PRD-19265,7,12.0,23.0,169000,Tidak,Blok B,Reguler,Menipis
PRD-70096,290,5.0,25.0,412000,Tidak,Blok A,Premium,Aman
PRD-39863,159,4.0,27.0,177000,Tidak,Blok B,premium ,Aman
PRD-65276,349,49.0,25.0,467000,Tidak,Blok B, reguler ,Menipis
PRD-22855,41,24.0,10.0,453000,Ya,Blok B,REGULER,Menipis
PRD-64400,259,20.0,13.0,348000,Tidak,Blok C,premium ,Menipis
PRD-97980,282,5.0,23.0,206000,Tidak,Blok A,REGULER,Aman
PRD-55242,492,23.0,3.0,200000,Ya,Blok C,REGULER,Aman
PRD-21485,259,10.0,27.0,291000,Ya,Blok A,REGULER,Menipis
PRD-89305,167,11.0,15.0,203000,Tidak,Blok B,Premium,Menipis
PRD-59376,439,31.0,3.0,243000,Tidak,Blok C, reguler ,Aman
PRD-33952,61,38.0,3.0,337000,Tidak,Blok C, reguler ,Backorder
PRD-89676,480,8.0,4.0,170000,Ya,Blok B,premium ,Aman
PRD-59080,221,29.0,3.0,470000,Tidak,Blok C,REGULER,Aman
PRD-54064,101,33.0,13.0,155000,Ya,Blok B, reguler ,Backorder
PRD-72781,499,8.0,22.0,184000,Tidak,Blok B,premium ,Aman
PRD-89434,461,17.0,19.0,430000,Tidak,Blok C,Premium,Aman
PRD-25916,77,32.0,8.0,260000,Ya,Blok A,premium ,Backorder
PRD-37798,15,12.0,12.0,37000,Tidak,Blok A,premium ,Backorder
PRD-36432,255,33.0,,276000,Tidak,Blok C,Premium,Backorder
PRD-58380,466,36.0,29.0,450000,Ya,Blok A,premium ,Backorder
PRD-11894,350,2.0,24.0,133000,Ya,Blok C,premium ,Aman
PRD-37738,72,24.0,16.0,334000,Tidak,Blok C,REGULER,Backorder
PRD-73079,23,34.0,23.0,221000,Tidak,Blok B, reguler ,Backorder
PRD-27069,154,28.0,9.0,43000,Ya,Blok A,Reguler,Menipis
PRD-49759,148,6.0,,230000,Ya,Blok B,Premium,Menipis
PRD-37258,100,48.0,17.0,350000,Ya,Blok B,premium ,Backorder
PRD-13729,43,45.0,28.0,328000,Tidak,Blok C,Reguler,Backorder
PRD-22665,402,10.0,5.0,153000,Tidak,Blok B, reguler ,Aman
PRD-49443,301,28.0,9.0,101000,Tidak,Blok C,REGULER,Backorder
PRD-78754,111,18.0,10.0,482000,Ya,Blok B,Premium,Aman
PRD-75087,351,22.0,13.0,259000,Tidak,Blok A, reguler ,Aman
PRD-94880,132,1.0,26.0,399000,Ya,Blok A,REGULER,Aman
PRD-29510,439,15.0,12.0,11000,Tidak,Blok A,Premium,Aman
PRD-81726,177,41.0,12.0,391000,Tidak,Blok C,premium ,Backorder
PRD-91867,481,42.0,12.0,67000,Ya,Blok C,Reguler,Menipis
PRD-92844,80,12.0,14.0,260000,Tidak,Blok B,Premium,Backorder
PRD-59831,275,27.0,16.0,311000,Tidak,Blok C, reguler ,Backorder
PRD-24588,9,36.0,25.0,346000,Ya,Blok A, reguler ,Menipis
PRD-46444,171,26.0,12.0,437000,Tidak,Blok C,REGULER,Backorder
PRD-15347,275,36.0,22.0,268000,Tidak,Blok A, reguler ,Backorder
PRD-47710,231,23.0,25.0,240000,Ya,Blok B,Premium,Backorder
PRD-58517,186,41.0,16.0,294000,Ya,Blok B,premium ,Backorder
PRD-69643,183,46.0,10.0,275000,Ya,Blok B, reguler ,Backorder
PRD-15079,316,7.0,12.0,498000,Tidak,Blok A,Reguler,Aman
PRD-65059,481,1.0,21.0,405000,Tidak,Blok B,premium ,Aman
PRD-88258,204,24.0,23.0,33000,Tidak,Blok C,REGULER,Menipis
PRD-32601,380,3.0,15.0,333000,Tidak,Blok A,REGULER,Aman
PRD-72646,368,44.0,20.0,216000,Ya,Blok B,premium ,Backorder
PRD-28325,441,13.0,20.0,465000,Tidak,Blok B, reguler ,Aman
PRD-96907,264,26.0,18.0,63000,Ya,Blok C,Reguler,Aman
PRD-69676,411,34.0,27.0,388000,Tidak,Blok A, reguler ,Backorder
PRD-96394,133,21.0,14.0,269000,Ya,Blok C,premium ,Backorder
PRD-16929,98,,14.0,34000,Tidak,Blok B, reguler ,Backorder
PRD-32948,61,11.0,8.0,323000,Ya,Blok B,Reguler,Menipis
PRD-66655,60,25.0,12.0,98000,Tidak,Blok A,Reguler,Backorder
PRD-80603,245,1.0,8.0,345000,Ya,Blok B,premium ,Aman
PRD-25549,397,32.0,19.0,306000,Tidak,Blok B,Reguler,Menipis
PRD-64892,113,1.0,5.0,308000,Tidak,Blok C,Reguler,Aman
PRD-75350,29,1.0,13.0,269000,Ya,Blok A,premium ,Aman
PRD-37241,361,15.0,4.0,279000,Tidak,Blok C,REGULER,Aman
PRD-60539,51,,19.0,52000,Ya,Blok A,REGULER,Backorder
PRD-16130,253,22.0,3.0,148000,Ya,Blok B, reguler ,Backorder
PRD-46408,206,22.0,3.0,263000,Tidak,Blok B,Reguler,Aman
PRD-42430,489,5.0,999.0,172000,Tidak,Blok B, reguler ,Menipis
PRD-91244,104,34.0,24.0,126000,Tidak,Blok B,Reguler,Backorder
PRD-47606,226,29.0,9.0,355000,Tidak,Blok A,REGULER,Menipis
PRD-31689,198,,3.0,78000,Ya,Blok C,REGULER,Menipis
PRD-16765,84,26.0,2.0,300000,Tidak,Blok C,Premium,Backorder
PRD-20634,282,37.0,17.0,92000,Ya,Blok C,Premium,Backorder
PRD-87463,434,29.0,4.0,131000,Tidak,Blok B,premium ,Aman
PRD-72821,231,38.0,21.0,161000,Tidak,Blok A, reguler ,Backorder
PRD-49886,49,,17.0,148000,Tidak,Blok B, reguler ,Backorder
PRD-56624,339,40.0,999.0,139000,Tidak,Blok C,Premium,Aman
PRD-69258,364,1.0,13.0,280000,Ya,Blok C,premium ,Aman
PRD-30637,416,48.0,10.0,329000,Ya,Blok B,premium ,Backorder
PRD-24122,104,12.0,15.0,15000,Tidak,Blok C,Premium,Menipis
PRD-94785,25,22.0,25.0,44000,Tidak,Blok B,Reguler,Aman
PRD-42371,141,16.0,4.0,372000,Tidak,Blok A, reguler ,Menipis
PRD-88194,303,36.0,14.0,215000,Tidak,Blok A,Premium,Aman
PRD-12708,399,29.0,13.0,481000,Ya,Blok A,premium ,Backorder
PRD-26865,201,27.0,20.0,317000,Tidak,Blok C,Reguler,Backorder
PRD-67660,53,7.0,8.0,103000,Tidak,Blok A,Reguler,Backorder
PRD-12693,73,16.0,19.0,346000,Tidak,Blok B,Premium,Backorder
PRD-34820,391,3.0,26.0,246000,Tidak,Blok C,Premium,Aman
PRD-40755,435,4.0,29.0,189000,Tidak,Blok C,Reguler,Aman
PRD-29259,21,45.0,16.0,239000,Ya,Blok B, reguler ,Backorder
PRD-94003,395,,19.0,230000,Ya,Blok A,premium ,Backorder
PRD-37370,58,13.0,12.0,152000,Ya,Blok C,REGULER,Backorder
PRD-33930,492,24.0,26.0,81000,Tidak,Blok A,premium ,Backorder
PRD-73087,394,6.0,23.0,65000,Tidak,Blok B,Premium,Aman
PRD-19847,116,39.0,21.0,419000,Tidak,Blok B,Premium,Backorder
PRD-11700,428,10.0,21.0,15000,Tidak,Blok A,Premium,Aman
PRD-47528,445,39.0,999.0,399000,Tidak,Blok B,REGULER,Aman
PRD-86448,245,18.0,999.0,428000,Tidak,Blok C,premium ,Menipis
PRD-87502,377,9.0,21.0,258000,Tidak,Blok B,Reguler,Aman
PRD-28263,33,45.0,24.0,194000,Ya,Blok A, reguler ,Backorder
PRD-11779,266,1.0,20.0,330000,Tidak,Blok A,Reguler,Aman
PRD-27878,201,13.0,24.0,366000,Tidak,Blok A,premium ,Aman
PRD-50581,342,7.0,8.0,337000,Tidak,Blok B,premium ,Aman
PRD-49963,33,11.0,25.0,311000,Tidak,Blok B,Reguler,Backorder
PRD-13621,112,,10.0,208000,Tidak,Blok A,Reguler,Backorder
PRD-86428,475,,24.0,264000,Tidak,Blok C,Reguler,Backorder
PRD-73397,357,40.0,12.0,459000,Tidak,Blok A,Reguler,Aman
PRD-61631,245,17.0,29.0,56000,Tidak,Blok B,Reguler,Backorder
PRD-95896,374,23.0,24.0,331000,Tidak,Blok C, reguler ,Backorder
PRD-52816,66,,11.0,95000,Tidak,Blok B, reguler ,Backorder
PRD-58704,301,7.0,9.0,479000,Tidak,Blok C, reguler ,Aman
PRD-28971,231,48.0,24.0,108000,Tidak,Blok C,REGULER,Backorder
PRD-58364,359,22.0,4.0,416000,Ya,Blok A,Premium,Aman
PRD-88413,76,23.0,9.0,379000,Tidak,Blok A,Premium,Backorder
PRD-99388,52,14.0,20.0,496000,Ya,Blok B,REGULER,Aman
PRD-98092,61,41.0,27.0,358000,Tidak,Blok C,premium ,Backorder
PRD-94518,295,5.0,16.0,88000,Tidak,Blok C,premium ,Aman
PRD-90388,402,12.0,6.0,43000,Tidak,Blok A,REGULER,Aman
PRD-64045,145,42.0,11.0,377000,Tidak,Blok A,Premium,Aman
PRD-81326,344,41.0,3.0,443000,Tidak,Blok A, reguler ,Aman
PRD-73731,128,17.0,22.0,247000,Tidak,Blok C,premium ,Backorder
PRD-73763,398,40.0,27.0,494000,Tidak,Blok A, reguler ,Backorder
PRD-29773,232,36.0,11.0,283000,Ya,Blok A, reguler ,Backorder
PRD-42430,67,45.0,26.0,139000,Tidak,Blok C,REGULER,Menipis
PRD-32738,465,40.0,12.0,135000,Tidak,Blok A, reguler ,Menipis
PRD-51831,308,18.0,999.0,421000,Tidak,Blok B,Premium,Menipis
PRD-37201,468,24.0,10.0,22000,Tidak,Blok C,premium ,Aman
PRD-85485,333,16.0,8.0,329000,Tidak,Blok A, reguler ,Menipis
PRD-64219,177,16.0,5.0,356000,Tidak,Blok C,Premium,Aman
PRD-42152,29,13.0,29.0,129000,Tidak,Blok B,Premium,Backorder
PRD-43332,106,39.0,8.0,380000,Tidak,Blok B, reguler ,Backorder
PRD-34442,249,23.0,19.0,464000,Tidak,Blok B, reguler ,Backorder
PRD-20283,412,,999.0,161000,Tidak,Blok C,premium ,Aman
PRD-53723,17,4.0,6.0,383000,Tidak,Blok C,premium ,Menipis
PRD-48211,479,11.0,16.0,89000,Ya,Blok A,Reguler,Aman
PRD-91734,86,40.0,19.0,266000,Tidak,Blok B,Reguler,Backorder
PRD-86367,313,15.0,25.0,44000,Tidak,Blok C,premium ,Backorder
PRD-85301,162,6.0,20.0,457000,Tidak,Blok B,Premium,Aman
PRD-33377,258,2.0,17.0,172000,Tidak,Blok A,Premium,Aman
PRD-73079,265,30.0,4.0,69000,Tidak,Blok B,Premium,Menipis
PRD-49743,389,43.0,17.0,136000,Tidak,Blok A,Reguler,Backorder
PRD-47380,214,28.0,19.0,266000,Tidak,Blok B,premium ,Backorder
PRD-73083,442,32.0,21.0,374000,Tidak,Blok A,premium ,Backorder
PRD-12871,462,,26.0,36000,Tidak,Blok B,premium ,Backorder
PRD-19268,419,43.0,6.0,235000,Tidak,Blok A,premium ,Aman
PRD-25037,172,23.0,11.0,158000,Tidak,Blok A,Reguler,Backorder
PRD-39825,47,45.0,19.0,206000,Tidak,Blok A,Premium,Backorder
PRD-33816,261,26.0,26.0,129000,Tidak,Blok A,REGULER,Backorder
PRD-46307,418,19.0,20.0,85000,Ya,Blok A,Premium,Menipis
PRD-14001,447,8.0,7.0,338000,Tidak,Blok C,premium ,Menipis
PRD-10336,46,,28.0,164000,Ya,Blok C,REGULER,Backorder
PRD-48799,142,2.0,16.0,362000,Tidak,Blok C, reguler ,Aman
PRD-72559,351,36.0,11.0,234000,Tidak,Blok A,Premium,Aman
PRD-36155,240,36.0,6.0,114000,Tidak,Blok B,REGULER,Menipis
PRD-66792,92,19.0,27.0,293000,Tidak,Blok C,premium ,Backorder
PRD-71305,254,35.0,22.0,372000,Ya,Blok C,Premium,Backorder
PRD-35658,479,27.0,20.0,387000,Tidak,Blok B,Premium,Menipis
PRD-72901,76,49.0,28.0,435000,Tidak,Blok C,premium ,Backorder
PRD-89459,221,33.0,7.0,417000,Tidak,Blok C,premium ,Aman
PRD-42567,248,36.0,19.0,332000,Tidak,Blok A,Reguler,Backorder
PRD-95962,45,29.0,3.0,272000,Tidak,Blok A,REGULER,Menipis
PRD-20129,440,35.0,9.0,322000,Ya,Blok A,REGULER,Menipis
PRD-90618,105,48.0,19.0,459000,Ya,Blok A,Reguler,Backorder
PRD-91417,20,29.0,12.0,140000,Tidak,Blok B,Reguler,Backorder
PRD-78222,231,38.0,9.0,37000,Ya,Blok C, reguler ,Menipis
PRD-83843,233,41.0,19.0,449000,Ya,Blok A,REGULER,Backorder
PRD-18007,18,27.0,13.0,200000,Tidak,Blok C,premium ,Backorder
PRD-21087,168,31.0,8.0,179000,Ya,Blok A,premium ,Aman
PRD-21179,302,37.0,2.0,352000,Tidak,Blok A,REGULER,Aman
PRD-13729,294,29.0,9.0,280000,Tidak,Blok B,Reguler,Menipis
PRD-58280,127,28.0,12.0,419000,Tidak,Blok C,REGULER,Menipis
PRD-52056,21,9.0,29.0,189000,Tidak,Blok B,Premium,Menipis
PRD-24011,25,3.0,10.0,419000,Ya,Blok A,Reguler,Aman
PRD-17345,464,37.0,29.0,209000,Tidak,Blok A, reguler ,Backorder
PRD-27157,142,44.0,26.0,90000,Tidak,Blok B,REGULER,Backorder
PRD-33150,279,8.0,999.0,177000,Tidak,Blok B,REGULER,Menipis
PRD-81927,301,15.0,8.0,387000,Tidak,Blok C,Reguler,Aman
PRD-57096,178,47.0,27.0,435000,Tidak,Blok B,REGULER,Aman
PRD-85257,211,22.0,2.0,278000,Tidak,Blok C,REGULER,Aman
PRD-96779,358,7.0,3.0,85000,Tidak,Blok B, reguler ,Aman
PRD-59272,181,30.0,2.0,102000,Tidak,Blok A,premium ,Menipis
PRD-70839,252,7.0,23.0,65000,Tidak,Blok A,premium ,Menipis
PRD-71779,63,45.0,27.0,362000,Ya,Blok C, reguler ,Menipis
PRD-15782,431,11.0,25.0,239000,Tidak,Blok A,REGULER,Aman
PRD-47019,256,28.0,23.0,34000,Ya,Blok A,premium ,Aman
PRD-76446,217,13.0,12.0,75000,Tidak,Blok A,Premium,Aman
PRD-17927,319,,22.0,190000,Tidak,Blok B, reguler ,Aman
PRD-67857,492,8.0,9.0,157000,Tidak,Blok B,REGULER,Aman
PRD-88824,378,6.0,22.0,235000,Tidak,Blok C,Premium,Aman
PRD-15594,146,5.0,26.0,85000,Tidak,Blok C,REGULER,Backorder
PRD-75883,213,8.0,27.0,385000,Ya,Blok A,premium ,Backorder
PRD-85863,277,27.0,6.0,342000,Tidak,Blok C,Reguler,Backorder
PRD-34003,462,3.0,14.0,195000,Tidak,Blok B,Premium,Aman
PRD-97566,376,49.0,27.0,494000,Tidak,Blok C,premium ,Menipis
PRD-49159,17,43.0,22.0,28000,Tidak,Blok C,REGULER,Backorder
PRD-68255,368,41.0,10.0,125000,Tidak,Blok A,Reguler,Menipis
PRD-64698,314,49.0,16.0,310000,Tidak,Blok C,Reguler,Backorder
PRD-97985,492,19.0,28.0,487000,Tidak,Blok C, reguler ,Backorder
PRD-17239,14,26.0,26.0,474000,Ya,Blok A,Premium,Backorder
PRD-17896,317,,25.0,321000,Tidak,Blok A,Premium,Aman
PRD-28174,392,38.0,18.0,202000,Tidak,Blok A,REGULER,Backorder
PRD-93457,431,11.0,21.0,228000,Ya,Blok A,Reguler,Aman
PRD-72784,174,28.0,25.0,324000,Tidak,Blok C,REGULER,Backorder
PRD-49534,102,8.0,19.0,270000,Ya,Blok C, reguler ,Backorder
PRD-42926,127,37.0,17.0,424000,Tidak,Blok A,Reguler,Backorder
PRD-72592,37,5.0,999.0,367000,Ya,Blok A,premium ,Backorder
PRD-67745,240,35.0,19.0,246000,Ya,Blok B,Reguler,Backorder
PRD-32796,160,,22.0,360000,Tidak,Blok B,Premium,Backorder
PRD-47338,491,16.0,19.0,381000,Ya,Blok C,premium ,Menipis
PRD-95530,247,11.0,27.0,369000,Tidak,Blok A,premium ,Backorder
PRD-54760,444,7.0,19.0,85000,Tidak,Blok C,REGULER,Aman
PRD-16829,422,15.0,2.0,95000,Tidak,Blok C,REGULER,Aman
PRD-89364,362,26.0,8.0,12000,Tidak,Blok B, reguler ,Aman
PRD-36654,181,23.0,25.0,161000,Ya,Blok A,Reguler,Backorder
PRD-24995,59,15.0,10.0,284000,Tidak,Blok C, reguler ,Menipis
PRD-91060,11,27.0,26.0,41000,Ya,Blok A,Premium,Backorder
PRD-38333,134,9.0,25.0,339000,Ya,Blok B,REGULER,Backorder
PRD-16464,166,11.0,22.0,328000,Tidak,Blok A,Reguler,Menipis
PRD-32463,260,5.0,12.0,227000,Tidak,Blok B,Premium,Aman
PRD-69546,158,10.0,10.0,172000,Tidak,Blok B,Premium,Aman
PRD-64330,200,5.0,17.0,390000,Tidak,Blok C,Premium,Aman
PRD-76314,412,18.0,,157000,Tidak,Blok A, reguler ,Menipis
PRD-76917,459,,23.0,73000,Tidak,Blok A,premium ,Backorder
PRD-64672,339,40.0,,191000,Ya,Blok B,REGULER,Backorder
PRD-90122,240,30.0,5.0,142000,Tidak,Blok B,Reguler,Backorder
PRD-30156,356,13.0,21.0,11000,Ya,Blok A, reguler ,Aman
PRD-63442,436,45.0,16.0,373000,Ya,Blok C,Premium,Menipis
PRD-20816,341,,5.0,476000,Tidak,Blok B, reguler ,Aman
PRD-95957,305,44.0,15.0,222000,Ya,Blok C, reguler ,Backorder
PRD-43313,391,26.0,11.0,394000,Ya,Blok C,Reguler,Aman
PRD-69123,179,17.0,25.0,481000,Tidak,Blok A, reguler ,Backorder
PRD-31686,198,18.0,22.0,71000,Ya,Blok C,Reguler,Backorder
PRD-10868,236,25.0,24.0,191000,Tidak,Blok C, reguler ,Backorder
PRD-50563,132,40.0,17.0,350000,Ya,Blok C, reguler ,Backorder
PRD-18415,164,19.0,27.0,299000,Tidak,Blok C,Premium,Menipis
PRD-36442,230,25.0,20.0,476000,Tidak,Blok A,REGULER,Menipis
PRD-70652,173,45.0,8.0,82000,Tidak,Blok A,Reguler,Aman
PRD-40659,197,32.0,27.0,33000,Tidak,Blok C, reguler ,Backorder
PRD-72744,103,4.0,4.0,372000,Tidak,Blok A,Reguler,Aman
PRD-50115,11,21.0,24.0,192000,Ya,Blok C,REGULER,Backorder
PRD-59115,89,23.0,21.0,34000,Ya,Blok B,Premium,Backorder
PRD-22688,93,36.0,22.0,178000,Ya,Blok B,Premium,Backorder
PRD-97029,87,20.0,13.0,235000,Ya,Blok B, reguler ,Menipis
PRD-92476,250,5.0,28.0,181000,Tidak,Blok B, reguler ,Aman
PRD-39516,107,35.0,28.0,239000,Ya,Blok C,Reguler,Aman
PRD-13591,399,46.0,29.0,75000,Tidak,Blok A,premium ,Backorder
PRD-76798,390,47.0,2.0,67000,Tidak,Blok C,Reguler,Aman
PRD-98721,287,11.0,24.0,434000,Tidak,Blok C,Premium,Aman
PRD-78312,303,31.0,22.0,246000,Tidak,Blok A,REGULER,Backorder
PRD-23234,373,49.0,16.0,348000,Tidak,Blok B, reguler ,Backorder
PRD-45326,472,19.0,3.0,320000,Ya,Blok A, reguler ,Menipis
PRD-58791,439,7.0,2.0,455000,Ya,Blok B,REGULER,Aman
PRD-82499,27,27.0,27.0,324000,Tidak,Blok A,Premium,Backorder
PRD-72823,466,44.0,26.0,235000,Tidak,Blok A,Reguler,Backorder
PRD-42779,83,14.0,21.0,354000,Tidak,Blok B,premium ,Aman
PRD-13404,484,42.0,20.0,370000,Tidak,Blok B,Premium,Menipis
PRD-78306,108,9.0,17.0,111000,Ya,Blok B,premium ,Backorder
PRD-14861,374,47.0,3.0,224000,Ya,Blok C,REGULER,Aman
PRD-30491,222,33.0,9.0,90000,Tidak,Blok A,REGULER,Menipis
PRD-99062,428,5.0,5.0,219000,Tidak,Blok A,Reguler,Aman
PRD-32337,194,,21.0,384000,Ya,Blok A,REGULER,Backorder
PRD-88655,211,6.0,24.0,28000,Ya,Blok C,premium ,Menipis
PRD-76040,146,23.0,2.0,52000,Tidak,Blok B,premium ,Backorder
PRD-11306,222,2.0,8.0,358000,Tidak,Blok B,Premium,Aman
PRD-41331,82,20.0,13.0,286000,Tidak,Blok B,REGULER,Menipis
PRD-87870,333,26.0,28.0,161000,Ya,Blok B,premium ,Backorder
PRD-33241,30,19.0,15.0,176000,Tidak,Blok A,premium ,Backorder
PRD-36049,316,46.0,16.0,195000,Tidak,Blok A, reguler ,Backorder
PRD-39430,22,39.0,4.0,60000,Tidak,Blok C,Reguler,Menipis
PRD-96593,298,20.0,17.0,452000,Tidak,Blok B,REGULER,Backorder
PRD-46993,333,12.0,17.0,110000,Tidak,Blok C,REGULER,Aman
PRD-69254,27,29.0,9.0,251000,Tidak,Blok B,Premium,Backorder
PRD-12786,322,24.0,14.0,173000,Tidak,Blok B,premium ,Aman
PRD-93297,253,33.0,16.0,56000,Tidak,Blok A, reguler ,Backorder
PRD-11622,186,25.0,7.0,195000,Tidak,Blok A,Reguler,Aman
PRD-27543,433,9.0,20.0,87000,Tidak,Blok A,premium ,Menipis
PRD-26943,462,,12.0,261000,Ya,Blok C, reguler ,Menipis
PRD-13691,301,10.0,27.0,272000,Tidak,Blok B,REGULER,Aman
PRD-24568,189,4.0,12.0,192000,Tidak,Blok C,REGULER,Aman
PRD-87400,264,7.0,8.0,105000,Tidak,Blok C,REGULER,Aman
PRD-39991,32,38.0,2.0,442000,Tidak,Blok A,Reguler,Backorder
PRD-69871,176,18.0,23.0,199000,Ya,Blok A,REGULER,Backorder
PRD-17392,431,33.0,18.0,159000,Ya,Blok C,Reguler,Backorder
PRD-46404,98,13.0,5.0,335000,Ya,Blok B,Premium,Backorder
PRD-78126,118,23.0,23.0,479000,Tidak,Blok B,Reguler,Backorder
PRD-70624,266,18.0,26.0,166000,Tidak,Blok B,premium ,Menipis
PRD-31927,214,37.0,19.0,197000,Tidak,Blok C,Premium,Backorder
PRD-84878,273,36.0,28.0,130000,Tidak,Blok B,Premium,Backorder
PRD-61801,419,45.0,10.0,487000,Tidak,Blok B,REGULER,Menipis
PRD-91199,213,41.0,4.0,265000,Tidak,Blok A,Premium,Aman
PRD-16643,446,9.0,27.0,499000,Tidak,Blok C,Premium,Aman
PRD-26994,316,40.0,2.0,372000,Tidak,Blok B,premium ,Aman
PRD-28624,397,4.0,22.0,256000,Tidak,Blok A,Premium,Aman
PRD-39381,56,6.0,8.0,28000,Tidak,Blok C,Reguler,Menipis
PRD-26676,111,2.0,18.0,22000,Ya,Blok A,Reguler,Aman
PRD-29346,4,27.0,9.0,222000,Ya,Blok B,Reguler,Backorder
PRD-23699,76,18.0,29.0,367000,Tidak,Blok C,Premium,Backorder
PRD-80538,389,30.0,23.0,147000,Tidak,Blok A, reguler ,Backorder
PRD-48467,319,2.0,26.0,416000,Ya,Blok A,Reguler,Aman
PRD-72532,296,12.0,999.0,409000,Ya,Blok B,REGULER,Aman
PRD-10671,359,6.0,21.0,357000,Tidak,Blok B,Premium,Aman
PRD-56458,240,3.0,,234000,Tidak,Blok A, reguler ,Aman
PRD-24385,383,6.0,5.0,398000,Tidak,Blok B, reguler ,Aman
PRD-31684,75,13.0,18.0,369000,Tidak,Blok C,REGULER,Backorder
PRD-81838,185,30.0,9.0,280000,Tidak,Blok B, reguler ,Backorder
PRD-46860,82,1.0,,10000,Tidak,Blok C,Reguler,Aman
PRD-37195,322,31.0,18.0,72000,Ya,Blok B,REGULER,Menipis
PRD-78811,60,34.0,13.0,366000,Tidak,Blok A,Premium,Backorder
PRD-42305,109,42.0,11.0,83000,Tidak,Blok A, reguler ,Backorder
PRD-21695,6,34.0,27.0,72000,Tidak,Blok B,premium ,Backorder
PRD-47157,362,23.0,15.0,273000,Ya,Blok B,REGULER,Menipis
PRD-20528,349,47.0,21.0,237000,Ya,Blok A,REGULER,Backorder
PRD-38164,296,16.0,,149000,Tidak,Blok A, reguler ,Aman
PRD-78535,112,36.0,20.0,85000,Ya,Blok C,Reguler,Backorder
PRD-92994,47,27.0,3.0,53000,Ya,Blok B,REGULER,Menipis
PRD-68241,107,26.0,10.0,218000,Ya,Blok B, reguler ,Backorder
PRD-53949,498,15.0,8.0,111000,Ya,Blok A, reguler ,Backorder
PRD-37399,102,37.0,11.0,165000,Ya,Blok A,REGULER,Menipis
PRD-69405,141,45.0,20.0,179000,Ya,Blok B, reguler ,Backorder
PRD-85082,167,2.0,18.0,494000,Tidak,Blok C,REGULER,Aman
PRD-88004,349,46.0,5.0,244000,Tidak,Blok B,Premium,Menipis
PRD-19516,436,28.0,18.0,67000,Tidak,Blok A,premium ,Backorder
PRD-40682,265,30.0,14.0,124000,Ya,Blok C,Premium,Aman
PRD-33382,111,44.0,23.0,54000,Tidak,Blok C,REGULER,Menipis
PRD-63664,15,14.0,2.0,117000,Ya,Blok B,premium ,Aman
PRD-92104,111,29.0,9.0,414000,Tidak,Blok C,REGULER,Backorder
PRD-13981,45,35.0,22.0,237000,Tidak,Blok A, reguler ,Backorder
PRD-61030,431,46.0,5.0,231000,Tidak,Blok C,premium ,Aman
PRD-88116,13,38.0,20.0,92000,Tidak,Blok A,Reguler,Backorder
PRD-27152,448,25.0,29.0,254000,Tidak,Blok B, reguler ,Backorder
PRD-25295,375,6.0,28.0,102000,Tidak,Blok C, reguler ,Aman
PRD-21174,42,48.0,13.0,405000,Tidak,Blok B, reguler ,Backorder
PRD-72211,54,13.0,13.0,90000,Tidak,Blok C,Premium,Backorder
PRD-96437,115,6.0,5.0,178000,Tidak,Blok C,Reguler,Aman
PRD-97062,312,,27.0,206000,Tidak,Blok B,Reguler,Backorder
PRD-68481,329,42.0,6.0,470000,Tidak,Blok A,Premium,Aman
PRD-36467,306,11.0,11.0,184000,Ya,Blok A, reguler ,Aman
PRD-13736,460,10.0,9.0,343000,Tidak,Blok B,REGULER,Aman
PRD-57340,464,35.0,17.0,248000,Tidak,Blok A,premium ,Menipis
PRD-59268,38,14.0,16.0,284000,Tidak,Blok C,premium ,Backorder
PRD-43837,213,44.0,11.0,35000,Tidak,Blok A,premium ,Menipis
PRD-49553,317,35.0,7.0,177000,Tidak,Blok B,Reguler,Menipis
PRD-46547,99,15.0,17.0,487000,Tidak,Blok C, reguler ,Backorder
PRD-60192,355,36.0,23.0,153000,Tidak,Blok B,premium ,Backorder
PRD-16644,117,31.0,29.0,427000,Tidak,Blok A,premium ,Backorder
PRD-69156,376,33.0,16.0,295000,Tidak,Blok A, reguler ,Menipis
PRD-86515,130,15.0,25.0,319000,Ya,Blok A, reguler ,Backorder
PRD-71584,193,17.0,16.0,217000,Tidak,Blok B,REGULER,Backorder
PRD-87066,346,46.0,21.0,177000,Ya,Blok A,Premium,Backorder
PRD-50943,358,38.0,27.0,43000,Tidak,Blok B,Reguler,Backorder
PRD-58756,169,44.0,6.0,333000,Tidak,Blok A,REGULER,Backorder
PRD-96130,149,6.0,15.0,298000,Tidak,Blok C,Reguler,Aman
PRD-67514,311,15.0,17.0,226000,Tidak,Blok C,REGULER,Aman
PRD-15974,102,21.0,16.0,199000,Ya,Blok C,premium ,Menipis
PRD-84991,216,31.0,5.0,239000,Tidak,Blok B, reguler ,Aman
PRD-33911,144,7.0,4.0,378000,Tidak,Blok A,Reguler,Backorder
PRD-57703,152,11.0,28.0,465000,Tidak,Blok A,REGULER,Backorder
PRD-89397,210,34.0,10.0,266000,Tidak,Blok B,Reguler,Backorder
PRD-96540,271,39.0,12.0,53000,Tidak,Blok A,Premium,Menipis
PRD-69174,179,20.0,3.0,321000,Tidak,Blok A,REGULER,Aman
PRD-31673,117,18.0,15.0,44000,Ya,Blok C,premium ,Backorder
PRD-92674,396,41.0,25.0,429000,Tidak,Blok C, reguler ,Backorder
PRD-53822,84,,18.0,437000,Tidak,Blok A, reguler ,Aman
PRD-58781,379,31.0,24.0,156000,Tidak,Blok C,premium ,Backorder
PRD-99301,95,27.0,17.0,95000,Ya,Blok B,premium ,Backorder
PRD-74791,204,42.0,29.0,394000,Tidak,Blok C,Reguler,Backorder
PRD-30963,346,29.0,8.0,165000,Ya,Blok B,Premium,Aman
PRD-56412,384,2.0,,53000,Tidak,Blok C,premium ,Aman
PRD-39877,393,15.0,22.0,467000,Tidak,Blok B,premium ,Menipis
PRD-26459,206,18.0,22.0,257000,Tidak,Blok B,Premium,Menipis
PRD-21221,58,35.0,13.0,36000,Tidak,Blok B,Reguler,Backorder
PRD-82572,76,23.0,27.0,47000,Ya,Blok A,Reguler,Aman
PRD-43776,128,8.0,7.0,182000,Ya,Blok C,premium ,Menipis
PRD-83740,460,31.0,18.0,114000,Ya,Blok C,premium ,Menipis
PRD-15283,169,45.0,8.0,83000,Tidak,Blok B,REGULER,Menipis
PRD-47211,169,27.0,18.0,414000,Ya,Blok B, reguler ,Backorder
PRD-12631,136,18.0,12.0,483000,Ya,Blok B,REGULER,Backorder
PRD-58563,396,39.0,,71000,Tidak,Blok C, reguler ,Aman
PRD-99941,165,13.0,7.0,157000,Tidak,Blok C,REGULER,Aman
PRD-67602,181,30.0,17.0,427000,Tidak,Blok B,Reguler,Backorder
PRD-82010,113,32.0,25.0,290000,Tidak,Blok C,REGULER,Backorder
PRD-64021,385,23.0,7.0,466000,Tidak,Blok C,Reguler,Menipis
PRD-65309,436,16.0,3.0,270000,Tidak,Blok C,Premium,Aman
PRD-13443,419,35.0,24.0,443000,Ya,Blok C,Premium,Menipis
PRD-98209,309,18.0,24.0,176000,Tidak,Blok C,Reguler,Backorder
PRD-70180,329,31.0,22.0,417000,Tidak,Blok C,REGULER,Backorder
PRD-38365,180,41.0,11.0,101000,Ya,Blok C,REGULER,Backorder
PRD-87425,313,14.0,20.0,149000,Tidak,Blok C,premium ,Menipis
PRD-22109,258,44.0,13.0,427000,Tidak,Blok C,premium ,Backorder
PRD-95457,88,13.0,2.0,308000,Ya,Blok C,Reguler,Backorder
PRD-32616,290,19.0,9.0,494000,Tidak,Blok B, reguler ,Aman
PRD-82015,361,43.0,15.0,26000,Tidak,Blok C,REGULER,Backorder
PRD-69622,187,43.0,24.0,24000,Tidak,Blok C, reguler ,Backorder
PRD-41024,45,17.0,23.0,47000,Ya,Blok C, reguler ,Menipis
PRD-33331,370,44.0,17.0,429000,Ya,Blok A,Premium,Backorder
PRD-62204,276,47.0,9.0,188000,Tidak,Blok C,Reguler,Backorder
PRD-34398,31,4.0,28.0,322000,Ya,Blok A,Reguler,Backorder
PRD-82328,125,15.0,20.0,423000,Tidak,Blok C,Reguler,Backorder
PRD-80190,78,1.0,4.0,213000,Ya,Blok A, reguler ,Aman
PRD-26724,21,13.0,9.0,242000,Tidak,Blok C,Reguler,Backorder
PRD-86276,16,42.0,18.0,242000,Tidak,Blok A,premium ,Menipis
PRD-79123,82,11.0,5.0,167000,Tidak,Blok A,premium ,Menipis
PRD-29552,372,36.0,12.0,156000,Ya,Blok B,REGULER,Aman
PRD-87714,288,17.0,26.0,299000,Ya,Blok A,Premium,Menipis
PRD-50718,475,3.0,22.0,135000,Tidak,Blok A, reguler ,Aman
PRD-83822,269,7.0,11.0,481000,Ya,Blok A,Reguler,Aman
PRD-99080,424,31.0,29.0,102000,Tidak,Blok A,REGULER,Menipis
PRD-39986,480,7.0,12.0,132000,Ya,Blok B,REGULER,Aman
PRD-61660,188,47.0,19.0,302000,Tidak,Blok B,Reguler,Backorder
PRD-33488,213,32.0,7.0,322000,Ya,Blok B, reguler ,Menipis
PRD-13088,475,12.0,999.0,16000,Tidak,Blok B,premium ,Backorder
PRD-64353,201,45.0,8.0,248000,Tidak,Blok C,premium ,Backorder
PRD-15375,394,29.0,7.0,485000,Tidak,Blok A,Premium,Menipis
PRD-42933,452,33.0,12.0,370000,Tidak,Blok A, reguler ,Menipis
PRD-89526,192,14.0,8.0,286000,Tidak,Blok C,REGULER,Aman
PRD-29659,383,39.0,19.0,72000,Tidak,Blok A,premium ,Backorder
PRD-22041,429,29.0,22.0,244000,Tidak,Blok B,Reguler,Menipis
PRD-89239,274,19.0,18.0,441000,Ya,Blok B, reguler ,Backorder
PRD-67679,77,34.0,27.0,313000,Tidak,Blok B,premium ,Menipis
PRD-81947,334,8.0,23.0,145000,Ya,Blok C, reguler ,Menipis
PRD-55783,288,5.0,,461000,Tidak,Blok C,premium ,Aman
PRD-22289,86,22.0,16.0,205000,Ya,Blok C,Premium,Aman
PRD-96130,405,38.0,23.0,326000,Ya,Blok B,Premium,Menipis
PRD-46737,480,38.0,12.0,142000,Tidak,Blok A,Reguler,Aman
PRD-69252,244,10.0,11.0,124000,Ya,Blok B, reguler ,Aman
PRD-69648,264,44.0,15.0,20000,Tidak,Blok A,REGULER,Backorder
PRD-73870,84,22.0,21.0,473000,Tidak,Blok B,premium ,Backorder
PRD-52624,235,1.0,3.0,203000,Tidak,Blok A,Premium,Aman
PRD-86872,155,13.0,23.0,204000,Tidak,Blok B,premium ,Menipis
PRD-29116,220,16.0,12.0,249000,Tidak,Blok C, reguler ,Menipis
PRD-96328,426,17.0,2.0,303000,Tidak,Blok B,Reguler,Aman
PRD-82525,49,38.0,21.0,496000,Tidak,Blok B,premium ,Backorder
PRD-83530,326,40.0,2.0,267000,Tidak,Blok C,Premium,Menipis
PRD-39187,289,12.0,14.0,376000,Tidak,Blok C,Reguler,Aman
PRD-40285,136,12.0,999.0,123000,Tidak,Blok C,premium ,Menipis
PRD-84095,290,,2.0,491000,Ya,Blok A, reguler ,Aman
PRD-33704,277,25.0,,140000,Ya,Blok A, reguler ,Menipis
PRD-38024,363,15.0,25.0,406000,Ya,Blok A,premium ,Backorder
PRD-43130,200,10.0,21.0,153000,Tidak,Blok C, reguler ,Backorder
PRD-15698,391,47.0,,241000,Tidak,Blok A,Premium,Menipis
PRD-71035,47,2.0,26.0,273000,Tidak,Blok A,REGULER,Menipis
PRD-78322,197,45.0,23.0,78000,Tidak,Blok B,REGULER,Backorder
PRD-23890,362,12.0,4.0,489000,Tidak,Blok B,premium ,Backorder
PRD-85587,345,5.0,9.0,54000,Tidak,Blok A,Premium,Aman
PRD-37689,30,5.0,12.0,376000,Tidak,Blok C,Premium,Backorder
PRD-65745,221,35.0,29.0,276000,Tidak,Blok B,premium ,Backorder
PRD-45098,362,19.0,15.0,345000,Tidak,Blok B, reguler ,Aman
PRD-23782,379,31.0,9.0,352000,Tidak,Blok A,Reguler,Menipis
PRD-67797,142,,17.0,59000,Tidak,Blok A,premium ,Menipis
PRD-53988,384,39.0,19.0,476000,Ya,Blok B,Premium,Backorder
PRD-60106,493,36.0,3.0,497000,Ya,Blok A,REGULER,Aman
PRD-90731,361,5.0,16.0,328000,Ya,Blok B,Premium,Aman
PRD-24859,351,6.0,8.0,55000,Tidak,Blok C,Premium,Aman
PRD-39793,34,18.0,27.0,439000,Tidak,Blok B,Premium,Menipis
PRD-19984,339,30.0,13.0,461000,Tidak,Blok C,premium ,Backorder
PRD-28449,276,40.0,10.0,356000,Tidak,Blok A,REGULER,Backorder
PRD-59892,407,10.0,999.0,453000,Tidak,Blok A, reguler ,Aman
PRD-12459,156,39.0,10.0,347000,Ya,Blok B, reguler ,Backorder
PRD-12219,134,25.0,17.0,226000,Tidak,Blok A,Premium,Backorder
PRD-59570,145,39.0,25.0,274000,Ya,Blok C,premium ,Backorder
PRD-75747,488,2.0,22.0,109000,Ya,Blok C,Premium,Aman
PRD-27796,304,45.0,20.0,264000,Ya,Blok A,REGULER,Menipis
PRD-94761,433,7.0,6.0,53000,Tidak,Blok A,REGULER,Aman
PRD-51203,427,31.0,19.0,252000,Tidak,Blok A, reguler ,Menipis
PRD-67769,57,39.0,,469000,Ya,Blok B, reguler ,Backorder
PRD-68608,337,38.0,29.0,30000,Tidak,Blok A,Reguler,Backorder
PRD-61638,203,28.0,13.0,228000,Tidak,Blok C,Reguler,Backorder
PRD-49532,331,22.0,20.0,336000,Tidak,Blok A,premium ,Menipis
PRD-95550,388,38.0,11.0,180000,Ya,Blok C,premium ,Menipis
PRD-78244,214,2.0,7.0,387000,Tidak,Blok C, reguler ,Aman
PRD-87089,152,38.0,25.0,273000,Ya,Blok B,premium ,Backorder
PRD-58515,328,46.0,18.0,212000,Tidak,Blok C,REGULER,Backorder
PRD-75886,166,1.0,15.0,354000,Tidak,Blok B,Reguler,Aman
PRD-56418,224,10.0,3.0,469000,Tidak,Blok C,Reguler,Menipis
PRD-87852,432,37.0,17.0,497000,Tidak,Blok B,REGULER,Menipis
PRD-26108,447,13.0,20.0,126000,Tidak,Blok C,Premium,Aman
PRD-43541,12,1.0,28.0,294000,Ya,Blok B,Reguler,Backorder
PRD-39328,322,8.0,21.0,299000,Tidak,Blok C,Reguler,Aman
PRD-45285,351,7.0,27.0,161000,Ya,Blok C,Premium,Menipis
PRD-80515,233,32.0,,228000,Ya,Blok A, reguler ,Aman
PRD-97054,311,,20.0,382000,Ya,Blok B,Reguler,Menipis
PRD-92001,351,3.0,23.0,265000,Tidak,Blok B,Reguler,Aman
PRD-31869,475,44.0,4.0,392000,Ya,Blok A,REGULER,Aman
PRD-27529,197,2.0,13.0,45000,Tidak,Blok B, reguler ,Aman
PRD-15482,422,8.0,17.0,194000,Tidak,Blok C,Reguler,Menipis
PRD-15255,111,40.0,27.0,365000,Ya,Blok C,REGULER,Backorder
PRD-74824,271,1.0,22.0,310000,Tidak,Blok B,Premium,Aman
PRD-62328,0,16.0,13.0,144000,Tidak,Blok A,Reguler,Backorder
PRD-17750,497,20.0,27.0,354000,Tidak,Blok A,REGULER,Menipis
PRD-53351,375,36.0,6.0,335000,Tidak,Blok A,Premium,Aman
PRD-30654,459,29.0,12.0,48000,Tidak,Blok B,premium ,Backorder
PRD-95525,420,42.0,11.0,490000,Ya,Blok A, reguler ,Menipis
PRD-93692,73,37.0,14.0,87000,Ya,Blok C,premium ,Backorder
PRD-50843,218,5.0,21.0,430000,Ya,Blok B,Premium,Aman
PRD-47958,15,,11.0,288000,Tidak,Blok B,Premium,Backorder
PRD-71260,180,30.0,16.0,209000,Tidak,Blok B,premium ,Backorder
PRD-45529,489,21.0,7.0,333000,Tidak,Blok B,Reguler,Aman
PRD-51949,95,15.0,22.0,69000,Ya,Blok B,premium ,Backorder
PRD-58003,445,22.0,,391000,Tidak,Blok C, reguler ,Backorder
PRD-63444,5,3.0,15.0,98000,Ya,Blok C,REGULER,Backorder
PRD-12523,422,33.0,999.0,88000,Tidak,Blok A, reguler ,Aman
PRD-20057,144,,14.0,368000,Tidak,Blok C,Premium,Backorder
PRD-42322,157,1.0,4.0,400000,Tidak,Blok C,Premium,Menipis
PRD-56144,224,49.0,10.0,18000,Tidak,Blok B,premium ,Backorder
PRD-83169,134,49.0,28.0,143000,Tidak,Blok A,Reguler,Backorder
PRD-49422,298,,14.0,95000,Ya,Blok A,Premium,Menipis
PRD-11778,234,11.0,11.0,476000,Ya,Blok B, reguler ,Backorder
PRD-85675,486,9.0,9.0,278000,Ya,Blok A,Reguler,Aman
PRD-89788,317,23.0,13.0,238000,Ya,Blok A,REGULER,Aman
PRD-39124,412,24.0,29.0,77000,Tidak,Blok A,Reguler,Menipis
PRD-66633,152,49.0,11.0,90000,Tidak,Blok A,premium ,Backorder
PRD-61514,152,17.0,17.0,73000,Tidak,Blok B,Reguler,Backorder
PRD-21268,41,28.0,9.0,478000,Ya,Blok C,Premium,Backorder
PRD-94977,446,41.0,23.0,149000,Tidak,Blok B,Reguler,Backorder
PRD-43892,11,26.0,3.0,279000,Tidak,Blok B,REGULER,Aman
PRD-86439,494,27.0,24.0,57000,Tidak,Blok C,premium ,Aman
PRD-47805,368,46.0,23.0,82000,Tidak,Blok B,Premium,Backorder
PRD-94284,119,7.0,12.0,104000,Tidak,Blok C,Premium,Menipis
PRD-87924,152,15.0,24.0,274000,Tidak,Blok A,premium ,Menipis
PRD-60044,306,1.0,21.0,124000,Tidak,Blok C,Premium,Aman
PRD-20310,231,24.0,22.0,363000,Tidak,Blok B,REGULER,Backorder
PRD-69330,5,31.0,20.0,488000,Tidak,Blok B,Reguler,Backorder
PRD-36393,446,29.0,9.0,61000,Tidak,Blok C,REGULER,Menipis
PRD-82089,213,8.0,6.0,465000,Tidak,Blok C, reguler ,Aman
PRD-62243,165,11.0,28.0,399000,Ya,Blok B,Reguler,Backorder
PRD-66947,450,36.0,6.0,271000,Ya,Blok A,Reguler,Menipis
PRD-49519,240,46.0,8.0,71000,Ya,Blok C,REGULER,Backorder
PRD-11375,91,40.0,7.0,203000,Tidak,Blok B,premium ,Menipis
PRD-35122,126,24.0,27.0,139000,Ya,Blok B, reguler ,Backorder
PRD-49613,441,47.0,12.0,369000,Tidak,Blok C,Reguler,Aman
PRD-91253,203,27.0,18.0,393000,Ya,Blok B,Premium,Backorder
PRD-69560,358,48.0,3.0,24000,Tidak,Blok B,REGULER,Aman
PRD-74323,203,10.0,25.0,51000,Ya,Blok C,premium ,Backorder
PRD-38287,393,31.0,27.0,436000,Tidak,Blok A, reguler ,Backorder
PRD-36627,19,28.0,17.0,95000,Ya,Blok B,Reguler,Backorder
PRD-20725,486,6.0,22.0,398000,Ya,Blok A,Premium,Aman
PRD-74857,162,24.0,22.0,324000,Ya,Blok B,Premium,Backorder
PRD-92641,297,37.0,16.0,110000,Tidak,Blok A,REGULER,Backorder
PRD-56902,71,22.0,7.0,415000,Tidak,Blok A,premium ,Backorder
PRD-25540,329,43.0,17.0,234000,Ya,Blok C,Reguler,Backorder
PRD-16852,144,19.0,24.0,399000,Tidak,Blok A,Reguler,Aman
PRD-98016,175,36.0,16.0,369000,Tidak,Blok C, reguler ,Backorder
PRD-78666,341,15.0,10.0,474000,Tidak,Blok A,Reguler,Aman
PRD-60861,337,15.0,9.0,382000,Ya,Blok C,REGULER,Aman
PRD-92636,115,49.0,29.0,404000,Tidak,Blok A,REGULER,Backorder
PRD-49734,464,36.0,27.0,78000,Tidak,Blok C,Reguler,Backorder
PRD-44636,112,21.0,3.0,276000,Tidak,Blok C,REGULER,Menipis
PRD-28907,396,28.0,25.0,46000,Ya,Blok A,Reguler,Backorder
PRD-38141,51,39.0,21.0,171000,Tidak,Blok C, reguler ,Backorder
PRD-83477,58,35.0,26.0,69000,Tidak,Blok C,Reguler,Backorder
PRD-12049,493,16.0,29.0,59000,Ya,Blok A,REGULER,Backorder
PRD-85350,343,27.0,8.0,360000,Ya,Blok B,REGULER,Menipis
PRD-71465,215,12.0,8.0,497000,Ya,Blok B,Premium,Aman
PRD-41153,367,38.0,27.0,140000,Ya,Blok C,Premium,Backorder
PRD-16764,346,12.0,24.0,375000,Tidak,Blok A,REGULER,Aman
PRD-10340,128,25.0,29.0,143000,Ya,Blok C,Premium,Backorder
PRD-93976,131,12.0,999.0,278000,Ya,Blok A,Reguler,Backorder
PRD-75480,202,31.0,7.0,191000,Tidak,Blok B,REGULER,Menipis
PRD-36567,26,41.0,13.0,20000,Ya,Blok A,Premium,Backorder
PRD-73965,84,16.0,6.0,105000,Tidak,Blok C,REGULER,Menipis
PRD-38804,66,25.0,21.0,96000,Tidak,Blok C,Premium,Backorder
PRD-63363,422,29.0,15.0,71000,Tidak,Blok C,Premium,Menipis
PRD-18749,456,29.0,11.0,135000,Tidak,Blok A,premium ,Menipis
PRD-34815,130,43.0,999.0,393000,Ya,Blok B,REGULER,Menipis
PRD-79460,248,36.0,20.0,14000,Tidak,Blok C,REGULER,Backorder
PRD-51247,20,14.0,5.0,297000,Ya,Blok B, reguler ,Menipis
PRD-42556,308,23.0,9.0,23000,Tidak,Blok A,Premium,Aman
PRD-98340,463,46.0,22.0,311000,Ya,Blok B, reguler ,Backorder
PRD-56098,426,21.0,14.0,148000,Ya,Blok A,Premium,Menipis
PRD-38807,13,8.0,22.0,257000,Tidak,Blok B,Reguler,Backorder
PRD-58901,204,27.0,27.0,369000,Ya,Blok B,Premium,Backorder
PRD-59695,419,35.0,21.0,419000,Ya,Blok C,Premium,Backorder
PRD-22460,228,45.0,20.0,304000,Ya,Blok B,REGULER,Backorder
PRD-65619,5,36.0,17.0,236000,Tidak,Blok C,premium ,Menipis
PRD-67149,244,21.0,8.0,350000,Tidak,Blok C,REGULER,Aman
PRD-38013,477,25.0,16.0,349000,Tidak,Blok C,Reguler,Aman
PRD-31996,205,33.0,23.0,278000,Ya,Blok C, reguler ,Backorder
PRD-72699,114,38.0,19.0,164000,Ya,Blok B,Reguler,Backorder
PRD-84069,53,22.0,5.0,194000,Tidak,Blok C,Premium,Menipis
PRD-27198,132,34.0,9.0,484000,Tidak,Blok B,REGULER,Menipis
PRD-89148,105,34.0,22.0,183000,Tidak,Blok C,premium ,Backorder
PRD-19967,120,29.0,22.0,25000,Ya,Blok B,REGULER,Backorder
PRD-57655,30,22.0,3.0,173000,Tidak,Blok A,premium ,Backorder
PRD-56041,286,41.0,7.0,324000,Ya,Blok C,premium ,Menipis
PRD-32620,151,21.0,5.0,188000,Ya,Blok B,Premium,Aman
PRD-10765,448,43.0,12.0,45000,Tidak,Blok A,Reguler,Backorder
PRD-29873,311,33.0,21.0,455000,Tidak,Blok B,Reguler,Backorder
PRD-65797,355,16.0,20.0,241000,Tidak,Blok B, reguler ,Backorder
PRD-40911,216,9.0,14.0,337000,Tidak,Blok C,REGULER,Aman
PRD-66250,143,26.0,5.0,95000,Ya,Blok C,Premium,Menipis
PRD-91163,416,5.0,4.0,77000,Ya,Blok A,premium ,Aman
PRD-97276,129,18.0,6.0,484000,Tidak,Blok C,Premium,Aman
PRD-62326,231,39.0,24.0,446000,Tidak,Blok A,Reguler,Backorder
PRD-52407,7,20.0,4.0,390000,Ya,Blok C,REGULER,Menipis
PRD-26702,346,28.0,24.0,36000,Ya,Blok B,Reguler,Backorder
PRD-80572,424,29.0,22.0,101000,Tidak,Blok A,Premium,Backorder
PRD-26142,417,7.0,21.0,216000,Tidak,Blok C,Reguler,Aman
PRD-89096,433,36.0,27.0,472000,Ya,Blok C,REGULER,Backorder
PRD-68596,323,11.0,16.0,65000,Tidak,Blok A,Reguler,Aman
PRD-34504,387,23.0,,426000,Ya,Blok B,Premium,Backorder
PRD-15126,249,45.0,10.0,22000,Tidak,Blok B,REGULER,Menipis
PRD-99521,188,26.0,17.0,441000,Tidak,Blok B,premium ,Backorder
PRD-23231,288,46.0,15.0,487000,Tidak,Blok A,Reguler,Backorder
PRD-70942,249,6.0,9.0,438000,Ya,Blok B,Premium,Backorder
PRD-87154,6,2.0,10.0,62000,Tidak,Blok C, reguler ,Backorder
PRD-93310,135,23.0,6.0,101000,Tidak,Blok C,premium ,Backorder
PRD-58817,461,28.0,,238000,Tidak,Blok C,premium ,Aman
PRD-39978,264,33.0,7.0,486000,Tidak,Blok B,REGULER,Backorder
PRD-11849,278,23.0,14.0,311000,Ya,Blok C,REGULER,Backorder
PRD-18597,307,23.0,2.0,46000,Ya,Blok C,REGULER,Aman
PRD-24271,462,5.0,11.0,171000,Ya,Blok A,premium ,Aman
PRD-11986,274,28.0,25.0,349000,Tidak,Blok A,premium ,Backorder
PRD-38931,252,21.0,23.0,23000,Tidak,Blok A,REGULER,Backorder
PRD-79639,359,48.0,,83000,Tidak,Blok B,REGULER,Menipis
PRD-76677,487,,18.0,310000,Tidak,Blok B,premium ,Backorder
PRD-21760,420,,25.0,335000,Tidak,Blok C,premium ,Backorder
PRD-20655,67,37.0,26.0,107000,Ya,Blok C,Premium,Aman
PRD-96497,239,24.0,10.0,191000,Tidak,Blok B,premium ,Backorder
PRD-77215,49,39.0,27.0,365000,Tidak,Blok C,REGULER,Backorder
PRD-35192,322,11.0,3.0,80000,Tidak,Blok C,Reguler,Menipis
PRD-15408,438,17.0,12.0,446000,Ya,Blok A,Premium,Aman
PRD-66356,97,46.0,20.0,20000,Tidak,Blok C,Reguler,Backorder
PRD-22661,133,38.0,999.0,491000,Ya,Blok B,Premium,Backorder
PRD-33620,84,24.0,20.0,148000,Ya,Blok B, reguler ,Backorder
PRD-92093,88,,19.0,143000,Tidak,Blok A, reguler ,Backorder
PRD-16458,204,46.0,28.0,491000,Tidak,Blok A,Premium,Aman
PRD-93291,412,32.0,27.0,135000,Tidak,Blok A,Reguler,Backorder
PRD-76333,296,31.0,26.0,109000,Ya,Blok B,premium ,Backorder
PRD-47879,329,31.0,23.0,422000,Tidak,Blok B, reguler ,Backorder
PRD-80910,162,48.0,17.0,176000,Tidak,Blok A,Reguler,Backorder
PRD-50391,487,19.0,20.0,167000,Tidak,Blok C,Reguler,Aman
PRD-27883,399,25.0,27.0,37000,Ya,Blok A, reguler ,Menipis
PRD-84155,260,46.0,5.0,495000,Tidak,Blok C,premium ,Menipis
PRD-85791,27,41.0,9.0,174000,Ya,Blok B,Premium,Backorder
PRD-58456,231,48.0,,219000,Tidak,Blok A,Premium,Aman
PRD-36754,257,14.0,29.0,369000,Tidak,Blok A, reguler ,Backorder
PRD-10490,372,42.0,3.0,133000,Tidak,Blok C,Reguler,Menipis
PRD-11353,234,39.0,27.0,469000,Tidak,Blok A,Reguler,Menipis
PRD-98993,469,37.0,19.0,273000,Ya,Blok C, reguler ,Backorder
PRD-38561,178,4.0,2.0,343000,Tidak,Blok B,Premium,Aman
PRD-75727,210,7.0,15.0,156000,Tidak,Blok B, reguler ,Aman
PRD-64341,144,28.0,15.0,78000,Tidak,Blok A,Premium,Backorder
PRD-86943,321,38.0,14.0,67000,Tidak,Blok B,REGULER,Backorder
PRD-16968,276,9.0,22.0,200000,Tidak,Blok A,premium ,Aman
PRD-93456,105,1.0,999.0,163000,Tidak,Blok A,premium ,Aman
PRD-66232,418,13.0,9.0,150000,Tidak,Blok B,Reguler,Aman
PRD-37452,240,23.0,17.0,231000,Tidak,Blok C,Premium,Backorder
PRD-56197,270,,4.0,287000,Tidak,Blok C,Reguler,Aman
PRD-80663,353,16.0,7.0,214000,Tidak,Blok C,Premium,Aman
PRD-74925,50,14.0,28.0,379000,Ya,Blok B, reguler ,Backorder
PRD-32669,13,37.0,4.0,276000,Tidak,Blok B, reguler ,Aman
PRD-51830,406,14.0,16.0,203000,Ya,Blok A,Reguler,Aman
PRD-58231,227,37.0,19.0,366000,Tidak,Blok A,premium ,Backorder
PRD-94361,108,28.0,13.0,247000,Tidak,Blok B,REGULER,Backorder
PRD-31625,390,14.0,18.0,63000,Tidak,Blok C,REGULER,Aman
PRD-98242,185,25.0,,324000,Tidak,Blok A,Reguler,Aman
PRD-80476,465,26.0,22.0,428000,Ya,Blok A,Reguler,Menipis
PRD-83166,193,47.0,18.0,294000,Ya,Blok B,REGULER,Backorder
PRD-56881,151,19.0,16.0,12000,Tidak,Blok C,Premium,Backorder
PRD-13092,208,48.0,,47000,Ya,Blok C,Premium,Menipis
PRD-88840,384,,28.0,456000,Ya,Blok C,premium ,Aman
PRD-15539,8,27.0,14.0,223000,Tidak,Blok B, reguler ,Backorder
PRD-28961,243,17.0,14.0,442000,Tidak,Blok C,premium ,Menipis
PRD-76736,220,13.0,28.0,475000,Tidak,Blok C, reguler ,Backorder
PRD-88553,242,35.0,4.0,116000,Tidak,Blok B,REGULER,Menipis
PRD-65401,208,36.0,2.0,266000,Tidak,Blok C,Premium,Menipis
PRD-44332,280,26.0,6.0,223000,Tidak,Blok A,REGULER,Menipis
PRD-85766,492,19.0,9.0,202000,Ya,Blok C,Reguler,Aman
PRD-55046,163,,,487000,Ya,Blok A,REGULER,Menipis
PRD-56540,33,44.0,10.0,322000,Ya,Blok B,Reguler,Backorder
PRD-47650,343,37.0,22.0,259000,Tidak,Blok A,Reguler,Menipis
PRD-63678,436,38.0,13.0,331000,Tidak,Blok C, reguler ,Backorder
PRD-45825,216,41.0,16.0,379000,Tidak,Blok A, reguler ,Backorder
PRD-42934,273,22.0,6.0,380000,Tidak,Blok C,Premium,Aman
PRD-45135,160,35.0,16.0,182000,Tidak,Blok B,Premium,Backorder
PRD-47317,498,23.0,21.0,201000,Tidak,Blok C,REGULER,Backorder
PRD-57037,370,40.0,,425000,Ya,Blok B,Reguler,Backorder
PRD-45774,433,38.0,23.0,26000,Tidak,Blok B,Reguler,Menipis
PRD-68560,277,42.0,27.0,53000,Tidak,Blok B,Reguler,Backorder
PRD-77231,398,5.0,29.0,121000,Tidak,Blok B,REGULER,Backorder
PRD-20534,350,7.0,6.0,213000,Tidak,Blok C,premium ,Aman
PRD-89698,302,25.0,17.0,72000,Ya,Blok B,REGULER,Backorder
PRD-46976,37,37.0,29.0,439000,Tidak,Blok B,premium ,Backorder
PRD-23201,19,16.0,3.0,128000,Ya,Blok C,Premium,Backorder
PRD-28951,189,10.0,23.0,212000,Tidak,Blok B,premium ,Backorder
PRD-30538,24,15.0,24.0,148000,Ya,Blok B,Reguler,Backorder
PRD-17597,381,19.0,15.0,279000,Ya,Blok C,premium ,Aman
PRD-80588,373,40.0,14.0,410000,Ya,Blok C,REGULER,Backorder
PRD-59840,469,8.0,24.0,88000,Ya,Blok B,Reguler,Aman
PRD-93820,200,39.0,13.0,37000,Tidak,Blok A,premium ,Aman
PRD-42069,215,13.0,22.0,44000,Tidak,Blok B,REGULER,Backorder
PRD-35917,172,38.0,27.0,228000,Tidak,Blok B,Premium,Backorder
PRD-76320,226,15.0,21.0,168000,Tidak,Blok B, reguler ,Backorder
PRD-16960,446,46.0,12.0,192000,Tidak,Blok C,Reguler,Backorder
PRD-57636,403,10.0,26.0,282000,Tidak,Blok C,premium ,Aman
PRD-73226,47,17.0,23.0,163000,Tidak,Blok B,premium ,Backorder
PRD-64028,391,7.0,16.0,38000,Tidak,Blok C,premium ,Aman
PRD-51606,248,4.0,8.0,158000,Tidak,Blok C,REGULER,Aman
PRD-30176,201,44.0,27.0,405000,Tidak,Blok C,premium ,Backorder
PRD-11582,173,17.0,8.0,487000,Tidak,Blok B,Premium,Backorder
PRD-98678,120,4.0,20.0,156000,Tidak,Blok A,Premium,Aman
PRD-13748,270,11.0,5.0,308000,Ya,Blok B,Premium,Aman
PRD-73172,125,43.0,,322000,Tidak,Blok C, reguler ,Backorder
PRD-84090,5,24.0,29.0,228000,Tidak,Blok C, reguler ,Aman
PRD-54816,40,12.0,21.0,489000,Tidak,Blok C,premium ,Backorder
PRD-73922,119,12.0,6.0,158000,Ya,Blok C,REGULER,Aman
PRD-27482,290,,27.0,214000,Ya,Blok A,Premium,Aman
PRD-67775,404,40.0,14.0,418000,Tidak,Blok B,premium ,Backorder
PRD-67557,440,40.0,28.0,154000,Tidak,Blok B,Premium,Menipis
PRD-55591,318,16.0,8.0,47000,Tidak,Blok B,REGULER,Menipis
PRD-21653,48,40.0,20.0,492000,Tidak,Blok C,Premium,Menipis
PRD-58785,27,28.0,10.0,439000,Ya,Blok A,Reguler,Menipis
PRD-26482,252,8.0,14.0,485000,Ya,Blok A,premium ,Aman
PRD-52429,79,41.0,,358000,Ya,Blok A,Premium,Backorder
PRD-53625,105,34.0,23.0,262000,Tidak,Blok B,premium ,Backorder
PRD-97904,138,29.0,13.0,45000,Ya,Blok A, reguler ,Backorder
PRD-62227,278,28.0,11.0,492000,Ya,Blok C,Reguler,Backorder
PRD-11225,291,2.0,11.0,406000,Ya,Blok B, reguler ,Aman
PRD-25160,91,21.0,,481000,Tidak,Blok C, reguler ,Backorder
PRD-68226,172,39.0,15.0,221000,Tidak,Blok B, reguler ,Backorder
PRD-60621,335,13.0,18.0,403000,Tidak,Blok A,Reguler,Aman
PRD-71416,306,23.0,15.0,486000,Tidak,Blok A,Reguler,Backorder
PRD-69213,320,26.0,14.0,106000,Tidak,Blok B,REGULER,Backorder
PRD-27669,209,39.0,27.0,281000,Tidak,Blok C,Premium,Backorder
PRD-44416,399,25.0,28.0,262000,Tidak,Blok B,Reguler,Backorder
PRD-50701,366,1.0,22.0,331000,Ya,Blok B,premium ,Aman
PRD-38044,218,10.0,17.0,282000,Ya,Blok A,premium ,Aman
PRD-88581,162,25.0,18.0,254000,Tidak,Blok B,Reguler,Menipis
PRD-91214,293,19.0,12.0,238000,Tidak,Blok A,Premium,Backorder
PRD-63002,381,,22.0,32000,Tidak,Blok B,Premium,Backorder
PRD-76617,348,13.0,24.0,115000,Ya,Blok C,Premium,Menipis
PRD-32250,71,40.0,4.0,171000,Ya,Blok A,premium ,Menipis
PRD-96202,297,48.0,12.0,282000,Tidak,Blok A,Reguler,Menipis
PRD-45618,305,22.0,12.0,275000,Ya,Blok C,REGULER,Menipis
PRD-76677,368,,13.0,434000,Tidak,Blok C,REGULER,Aman
PRD-63687,135,29.0,24.0,474000,Tidak,Blok A,Premium,Backorder
PRD-56648,177,29.0,8.0,164000,Tidak,Blok C,Premium,Aman
PRD-27046,417,19.0,26.0,442000,Tidak,Blok B,Reguler,Backorder
PRD-22828,499,36.0,28.0,379000,Tidak,Blok A,REGULER,Backorder
PRD-99160,374,31.0,20.0,45000,Tidak,Blok B,premium ,Backorder
PRD-15239,115,44.0,18.0,450000,Tidak,Blok A,Reguler,Backorder
PRD-11626,340,49.0,17.0,316000,Tidak,Blok A, reguler ,Menipis
PRD-48492,379,32.0,20.0,355000,Ya,Blok A,premium ,Backorder
PRD-15392,179,3.0,26.0,111000,Tidak,Blok C,REGULER,Aman
PRD-32547,287,46.0,14.0,91000,Tidak,Blok B,premium ,Backorder
PRD-84779,421,12.0,27.0,374000,Ya,Blok C, reguler ,Aman
PRD-89104,290,31.0,26.0,30000,Ya,Blok A,Reguler,Backorder
PRD-33499,277,46.0,23.0,65000,Tidak,Blok C,Reguler,Menipis
PRD-54813,471,45.0,16.0,499000,Tidak,Blok A,REGULER,Backorder
PRD-38439,424,5.0,999.0,252000,Ya,Blok A, reguler ,Aman
PRD-70481,108,27.0,11.0,92000,Tidak,Blok A,Reguler,Backorder
PRD-21033,436,43.0,29.0,55000,Tidak,Blok C,REGULER,Backorder
PRD-36128,436,26.0,,230000,Tidak,Blok B,Premium,Menipis
PRD-81494,154,16.0,2.0,188000,Tidak,Blok C,Premium,Aman
PRD-37388,465,49.0,21.0,118000,Ya,Blok A,REGULER,Backorder
PRD-67221,206,11.0,3.0,348000,Tidak,Blok A,premium ,Aman
PRD-24690,393,34.0,22.0,367000,Tidak,Blok A,Reguler,Menipis
PRD-57517,395,6.0,3.0,276000,Tidak,Blok B,Reguler,Aman
PRD-97945,31,40.0,2.0,325000,Tidak,Blok C,Premium,Aman
PRD-28706,327,48.0,2.0,105000,Tidak,Blok C, reguler ,Aman
PRD-44017,299,13.0,2.0,297000,Tidak,Blok B,Premium,Aman
PRD-55028,168,2.0,22.0,88000,Ya,Blok A,premium ,Aman
PRD-16333,89,44.0,28.0,146000,Ya,Blok B,REGULER,Backorder
PRD-90268,129,27.0,24.0,198000,Ya,Blok C,premium ,Backorder
PRD-30566,358,23.0,7.0,20000,Tidak,Blok A,REGULER,Menipis
PRD-10287,183,21.0,25.0,29000,Tidak,Blok A,Premium,Backorder
PRD-91780,65,35.0,999.0,266000,Ya,Blok C,Reguler,Backorder
PRD-96148,355,,18.0,267000,Tidak,Blok A,Reguler,Backorder
PRD-30827,400,31.0,18.0,439000,Ya,Blok C,Premium,Menipis
PRD-50875,41,26.0,7.0,492000,Ya,Blok A, reguler ,Aman
PRD-10427,413,,19.0,55000,Tidak,Blok C,Reguler,Backorder
PRD-30897,153,27.0,14.0,396000,Tidak,Blok B, reguler ,Backorder
PRD-71313,448,12.0,21.0,488000,Tidak,Blok A,REGULER,Aman
PRD-26619,134,34.0,14.0,99000,Tidak,Blok B,premium ,Backorder
PRD-73042,489,45.0,26.0,141000,Tidak,Blok A,premium ,Backorder
PRD-45547,451,40.0,16.0,438000,Ya,Blok B,Premium,Backorder
PRD-58665,138,,,189000,Tidak,Blok A,Premium,Backorder
PRD-59067,105,18.0,21.0,96000,Tidak,Blok B,REGULER,Menipis
PRD-60939,273,39.0,23.0,64000,Ya,Blok C,REGULER,Menipis
PRD-59966,238,10.0,5.0,109000,Ya,Blok B,premium ,Aman
PRD-65182,150,42.0,2.0,30000,Tidak,Blok B,Reguler,Aman
PRD-23689,94,4.0,4.0,202000,Tidak,Blok A, reguler ,Aman
PRD-18252,224,24.0,14.0,315000,Tidak,Blok A,Reguler,Backorder
PRD-41127,326,9.0,,355000,Tidak,Blok A,premium ,Aman
PRD-44642,421,16.0,7.0,20000,Tidak,Blok B, reguler ,Menipis
PRD-57663,174,23.0,21.0,23000,Ya,Blok C,premium ,Backorder
PRD-32263,329,49.0,25.0,431000,Tidak,Blok C,REGULER,Backorder
PRD-66574,134,21.0,4.0,314000,Ya,Blok A,premium ,Menipis
PRD-80981,309,5.0,11.0,117000,Tidak,Blok C,Reguler,Aman
PRD-64921,52,15.0,4.0,131000,Tidak,Blok B,Reguler,Backorder
PRD-20073,438,44.0,8.0,17000,Tidak,Blok A,Reguler,Aman
PRD-16476,2,19.0,20.0,278000,Ya,Blok B,Reguler,Backorder
PRD-35816,296,42.0,4.0,13000,Ya,Blok C,REGULER,Aman
PRD-80354,262,14.0,6.0,431000,Tidak,Blok A,Premium,Aman
PRD-75206,373,48.0,17.0,334000,Tidak,Blok C,REGULER,Backorder
PRD-58506,145,19.0,18.0,464000,Tidak,Blok A, reguler ,Menipis
PRD-69412,17,34.0,23.0,175000,Ya,Blok A,premium ,Menipis
PRD-13407,280,8.0,24.0,203000,Tidak,Blok C, reguler ,Aman
PRD-94631,229,24.0,6.0,411000,Tidak,Blok A,Premium,Aman
PRD-39192,64,22.0,13.0,456000,Ya,Blok B, reguler ,Backorder
PRD-52623,480,45.0,6.0,145000,Tidak,Blok C,Premium,Menipis
PRD-22207,391,18.0,19.0,282000,Ya,Blok A, reguler ,Aman
PRD-69300,297,40.0,16.0,113000,Tidak,Blok A,REGULER,Backorder
PRD-72493,352,6.0,8.0,411000,Tidak,Blok A,REGULER,Aman
PRD-56959,206,30.0,29.0,356000,Tidak,Blok B, reguler ,Backorder
PRD-44911,177,11.0,23.0,354000,Ya,Blok A, reguler ,Backorder
PRD-35046,189,43.0,14.0,132000,Ya,Blok C,REGULER,Backorder
PRD-30977,42,30.0,8.0,347000,Ya,Blok A,Reguler,Backorder
PRD-30131,54,45.0,18.0,443000,Tidak,Blok A,premium ,Backorder
PRD-95945,205,10.0,16.0,153000,Tidak,Blok B,REGULER,Aman
PRD-71431,293,38.0,15.0,289000,Ya,Blok A,REGULER,Backorder
PRD-20447,164,39.0,21.0,225000,Ya,Blok B,REGULER,Backorder
PRD-69792,20,43.0,21.0,54000,Tidak,Blok C,Premium,Menipis
PRD-67727,389,22.0,20.0,214000,Tidak,Blok A, reguler ,Menipis
PRD-15829,29,46.0,16.0,222000,Tidak,Blok B, reguler ,Backorder
PRD-86621,233,30.0,24.0,455000,Tidak,Blok B,Premium,Menipis
PRD-62732,307,43.0,28.0,381000,Tidak,Blok A, reguler ,Backorder
PRD-91006,40,43.0,9.0,253000,Tidak,Blok B,premium ,Backorder
PRD-66063,174,32.0,7.0,10000,Ya,Blok A, reguler ,Aman
PRD-29623,244,11.0,25.0,437000,Tidak,Blok C,REGULER,Menipis
PRD-80910,278,17.0,4.0,281000,Ya,Blok B, reguler ,Aman
PRD-58442,488,49.0,999.0,359000,Tidak,Blok C,Premium,Aman
PRD-78232,29,49.0,8.0,407000,Tidak,Blok C,Reguler,Backorder
PRD-91754,345,22.0,6.0,174000,Tidak,Blok C,REGULER,Menipis
PRD-17788,411,3.0,5.0,264000,Tidak,Blok B,REGULER,Aman
PRD-10442,29,15.0,23.0,426000,Tidak,Blok A,REGULER,Backorder
PRD-31542,104,44.0,19.0,280000,Tidak,Blok A, reguler ,Backorder
PRD-87988,5,23.0,2.0,330000,Tidak,Blok B, reguler ,Aman
PRD-25739,46,17.0,20.0,435000,Ya,Blok A, reguler ,Backorder
PRD-66805,203,44.0,999.0,334000,Tidak,Blok C,REGULER,Menipis
PRD-32072,18,27.0,26.0,74000,Ya,Blok C,REGULER,Backorder
PRD-92074,177,32.0,21.0,271000,Tidak,Blok C,Reguler,Menipis
PRD-17349,147,37.0,10.0,451000,Tidak,Blok B, reguler ,Backorder
PRD-50100,125,32.0,19.0,56000,Ya,Blok C,Reguler,Backorder
PRD-40951,328,37.0,21.0,163000,Tidak,Blok C, reguler ,Backorder
PRD-32867,51,20.0,26.0,121000,Tidak,Blok A,premium ,Backorder
PRD-84094,251,47.0,7.0,125000,Tidak,Blok B,Premium,Aman
PRD-26806,334,45.0,25.0,264000,Tidak,Blok B,REGULER,Backorder
PRD-56999,364,19.0,11.0,303000,Tidak,Blok A,Premium,Aman
PRD-74280,370,42.0,21.0,424000,Tidak,Blok A,premium ,Backorder
PRD-54523,277,31.0,7.0,203000,Tidak,Blok B,premium ,Aman
PRD-37424,341,20.0,15.0,420000,Tidak,Blok A,Reguler,Menipis
PRD-23418,113,18.0,2.0,413000,Tidak,Blok A,premium ,Aman
PRD-35963,469,28.0,9.0,95000,Ya,Blok A,premium ,Aman
PRD-28033,361,22.0,10.0,97000,Tidak,Blok C,Reguler,Aman
PRD-81088,377,22.0,18.0,461000,Tidak,Blok B, reguler ,Backorder
PRD-69768,180,46.0,28.0,460000,Tidak,Blok A,Reguler,Aman
PRD-43910,194,8.0,26.0,383000,Tidak,Blok C,REGULER,Backorder
PRD-87188,232,21.0,20.0,112000,Ya,Blok A,REGULER,Backorder
PRD-96760,314,7.0,25.0,33000,Tidak,Blok B, reguler ,Aman
PRD-44816,237,8.0,,458000,Tidak,Blok C,premium ,Aman
PRD-19269,488,46.0,14.0,286000,Ya,Blok A,Reguler,Menipis
PRD-36026,497,35.0,17.0,127000,Ya,Blok B,Reguler,Backorder
PRD-65248,290,29.0,4.0,247000,Tidak,Blok B,premium ,Menipis
PRD-98296,388,34.0,10.0,366000,Ya,Blok C,premium ,Menipis
PRD-59961,119,47.0,999.0,72000,Tidak,Blok C, reguler ,Backorder
PRD-76922,63,29.0,29.0,169000,Tidak,Blok C, reguler ,Backorder
PRD-66179,44,27.0,12.0,385000,Tidak,Blok B, reguler ,Backorder
PRD-50205,425,29.0,8.0,272000,Tidak,Blok A,premium ,Menipis
PRD-12591,457,33.0,24.0,269000,Tidak,Blok A,Premium,Backorder
PRD-42747,466,30.0,4.0,244000,Ya,Blok B, reguler ,Menipis
PRD-84666,427,20.0,21.0,108000,Tidak,Blok A,premium ,Menipis
PRD-86118,306,11.0,5.0,128000,Tidak,Blok B,Reguler,Aman
PRD-90428,417,30.0,24.0,413000,Tidak,Blok B, reguler ,Backorder
PRD-47579,323,37.0,3.0,249000,Ya,Blok C,premium ,Aman
PRD-36470,115,35.0,8.0,238000,Tidak,Blok A,Premium,Backorder
PRD-63555,277,,18.0,230000,Tidak,Blok A,Premium,Menipis
PRD-33290,278,40.0,7.0,259000,Ya,Blok A, reguler ,Backorder
PRD-66381,354,39.0,24.0,400000,Tidak,Blok A,Premium,Backorder
PRD-48051,127,,9.0,312000,Ya,Blok A, reguler ,Backorder
PRD-54610,327,13.0,5.0,353000,Ya,Blok B, reguler ,Aman
PRD-55000,398,20.0,13.0,232000,Tidak,Blok A,REGULER,Aman
PRD-99317,163,16.0,4.0,32000,Tidak,Blok C,REGULER,Menipis
PRD-35426,362,8.0,28.0,136000,Tidak,Blok C,premium ,Aman
PRD-15580,404,48.0,18.0,271000,Ya,Blok A,Reguler,Backorder
PRD-88948,239,38.0,26.0,200000,Ya,Blok C,Premium,Backorder
PRD-15209,250,27.0,11.0,309000,Tidak,Blok C,REGULER,Backorder
PRD-14042,79,3.0,13.0,54000,Tidak,Blok C, reguler ,Menipis
PRD-60131,121,25.0,5.0,29000,Ya,Blok C,Premium,Aman
PRD-93732,208,37.0,28.0,355000,Tidak,Blok B,REGULER,Backorder
PRD-50998,393,47.0,15.0,179000,Tidak,Blok B,premium ,Menipis
PRD-18876,456,41.0,3.0,116000,Ya,Blok C, reguler ,Aman
PRD-60185,34,,7.0,92000,Ya,Blok C,Reguler,Aman
PRD-66882,291,18.0,18.0,184000,Tidak,Blok B,Premium,Menipis
PRD-39265,287,20.0,6.0,99000,Tidak,Blok C,Reguler,Menipis
PRD-13688,214,9.0,11.0,285000,Ya,Blok A, reguler ,Aman
PRD-42599,261,10.0,13.0,477000,Tidak,Blok B,premium ,Aman
PRD-87842,293,35.0,25.0,464000,Tidak,Blok B,premium ,Backorder
PRD-47952,437,9.0,999.0,46000,Ya,Blok C,REGULER,Aman
PRD-34054,68,10.0,4.0,122000,Tidak,Blok B,REGULER,Menipis
PRD-82274,133,43.0,20.0,494000,Tidak,Blok B,Reguler,Backorder
PRD-80979,309,13.0,28.0,18000,Tidak,Blok B,REGULER,Menipis
PRD-46321,262,42.0,27.0,344000,Tidak,Blok A,REGULER,Menipis
PRD-20578,52,22.0,25.0,492000,Tidak,Blok C,REGULER,Backorder
PRD-93194,393,8.0,18.0,228000,Tidak,Blok B,REGULER,Aman
PRD-48565,286,,17.0,255000,Tidak,Blok B,Reguler,Backorder
PRD-61444,278,2.0,24.0,308000,Tidak,Blok B,Premium,Backorder
PRD-23395,161,17.0,17.0,192000,Tidak,Blok A,REGULER,Menipis
PRD-99520,22,4.0,10.0,184000,Tidak,Blok C,premium ,Backorder
PRD-65591,44,6.0,22.0,212000,Tidak,Blok C,Reguler,Backorder
PRD-10559,94,13.0,24.0,88000,Tidak,Blok A,REGULER,Backorder
PRD-22999,444,37.0,8.0,366000,Tidak,Blok C,premium ,Aman
PRD-86772,495,,9.0,218000,Tidak,Blok C,Reguler,Aman
PRD-88971,92,14.0,15.0,120000,Tidak,Blok C,premium ,Backorder
PRD-21190,222,36.0,14.0,71000,Tidak,Blok C,Premium,Menipis
PRD-10055,95,8.0,2.0,423000,Tidak,Blok A,premium ,Aman
PRD-45268,136,32.0,16.0,327000,Tidak,Blok C,Premium,Backorder
PRD-71087,18,48.0,26.0,82000,Tidak,Blok C,premium ,Backorder
PRD-98009,342,2.0,5.0,287000,Tidak,Blok C, reguler ,Aman
PRD-80966,433,46.0,27.0,95000,Ya,Blok B,Reguler,Backorder
PRD-31173,347,49.0,13.0,230000,Tidak,Blok A,Premium,Backorder
PRD-99622,199,17.0,9.0,194000,Tidak,Blok B,premium ,Backorder
PRD-49194,443,8.0,22.0,186000,Tidak,Blok A,REGULER,Aman
PRD-90623,41,39.0,15.0,266000,Ya,Blok C, reguler ,Backorder
PRD-99297,28,37.0,12.0,71000,Tidak,Blok B, reguler ,Backorder
PRD-14746,443,48.0,14.0,68000,Ya,Blok B,Premium,Backorder
PRD-80305,189,42.0,9.0,345000,Tidak,Blok B,Premium,Aman
PRD-45053,121,5.0,28.0,418000,Tidak,Blok B,Premium,Backorder
PRD-59422,274,38.0,18.0,266000,Tidak,Blok B,REGULER,Menipis
PRD-87465,144,41.0,4.0,367000,Tidak,Blok C, reguler ,Menipis
PRD-37526,409,,26.0,276000,Ya,Blok B,premium ,Backorder
PRD-96143,192,14.0,27.0,336000,Ya,Blok C,REGULER,Backorder
PRD-50088,158,24.0,15.0,128000,Tidak,Blok A,Reguler,Backorder
PRD-86260,115,10.0,13.0,413000,Tidak,Blok B,premium ,Menipis
PRD-78104,435,15.0,24.0,134000,Tidak,Blok B,Premium,Aman
PRD-86396,431,,4.0,190000,Tidak,Blok A,REGULER,Aman
PRD-55717,165,37.0,16.0,10000,Tidak,Blok C,premium ,Backorder
PRD-96879,107,26.0,11.0,357000,Tidak,Blok B,premium ,Menipis
PRD-71756,378,37.0,6.0,259000,Tidak,Blok B,premium ,Menipis
PRD-33483,442,28.0,6.0,145000,Ya,Blok B,REGULER,Aman
PRD-35095,202,44.0,20.0,415000,Tidak,Blok A,Premium,Backorder
PRD-11283,29,10.0,11.0,430000,Ya,Blok A, reguler ,Backorder
PRD-39320,207,47.0,27.0,250000,Tidak,Blok C,REGULER,Backorder
PRD-25379,281,1.0,29.0,332000,Ya,Blok A,Reguler,Aman
PRD-38926,261,34.0,16.0,222000,Ya,Blok C,Reguler,Backorder
PRD-57498,226,28.0,6.0,214000,Ya,Blok A,Premium,Menipis
PRD-36400,311,36.0,29.0,242000,Tidak,Blok C,Reguler,Backorder
PRD-76985,196,12.0,6.0,164000,Tidak,Blok A,premium ,Aman
PRD-29159,279,15.0,9.0,260000,Tidak,Blok A,REGULER,Aman
PRD-88065,231,4.0,20.0,173000,Tidak,Blok A,premium ,Menipis
PRD-21111,58,29.0,15.0,109000,Tidak,Blok B,REGULER,Menipis
PRD-15445,125,3.0,10.0,420000,Tidak,Blok B,premium ,Aman
PRD-25932,437,18.0,25.0,159000,Tidak,Blok A,REGULER,Menipis
PRD-42265,427,47.0,6.0,342000,Tidak,Blok C, reguler ,Aman
PRD-32412,296,44.0,12.0,256000,Tidak,Blok B,REGULER,Backorder
PRD-77712,91,47.0,21.0,101000,Tidak,Blok C,premium ,Backorder
PRD-83277,268,13.0,2.0,362000,Tidak,Blok A,Premium,Aman
PRD-53925,482,49.0,27.0,404000,Tidak,Blok B,premium ,Menipis
PRD-35491,466,24.0,18.0,238000,Tidak,Blok C,Premium,Menipis
PRD-96724,371,8.0,25.0,223000,Tidak,Blok A,premium ,Aman
PRD-27508,128,47.0,12.0,324000,Tidak,Blok C, reguler ,Backorder
PRD-68741,14,42.0,7.0,35000,Tidak,Blok A,Premium,Backorder
PRD-85268,419,43.0,10.0,337000,Ya,Blok B,REGULER,Backorder
PRD-84157,313,4.0,14.0,306000,Ya,Blok C,premium ,Aman
PRD-50644,297,31.0,21.0,208000,Ya,Blok A,premium ,Backorder
PRD-52598,336,20.0,9.0,182000,Tidak,Blok A,premium ,Menipis
PRD-80423,494,13.0,17.0,190000,Tidak,Blok A, reguler ,Aman
PRD-83150,79,21.0,6.0,151000,Ya,Blok B,Premium,Menipis
PRD-50544,470,20.0,3.0,344000,Ya,Blok C,premium ,Aman
PRD-55592,168,33.0,5.0,344000,Tidak,Blok A,Reguler,Aman
PRD-27459,19,13.0,24.0,65000,Tidak,Blok B,Reguler,Backorder
PRD-93071,71,25.0,2.0,117000,Ya,Blok A,premium ,Aman
PRD-94381,26,37.0,2.0,481000,Tidak,Blok C,Premium,Menipis
PRD-18120,226,29.0,5.0,419000,Tidak,Blok A,Reguler,Aman
PRD-18176,100,40.0,23.0,66000,Ya,Blok C,Reguler,Backorder
PRD-77904,143,39.0,6.0,472000,Ya,Blok B,REGULER,Backorder
PRD-66326,302,12.0,11.0,174000,Ya,Blok B,Premium,Aman
PRD-53016,310,29.0,7.0,411000,Tidak,Blok A, reguler ,Aman
PRD-46901,367,27.0,5.0,444000,Tidak,Blok A,Premium,Aman
PRD-88182,159,36.0,13.0,385000,Ya,Blok C,REGULER,Backorder
PRD-56553,169,31.0,999.0,251000,Tidak,Blok B, reguler ,Menipis
PRD-65069,179,24.0,14.0,71000,Tidak,Blok A, reguler ,Backorder
PRD-60975,166,45.0,7.0,224000,Ya,Blok A,premium ,Backorder
PRD-38164,380,26.0,24.0,141000,Tidak,Blok A,Reguler,Aman
PRD-31473,244,44.0,23.0,19000,Ya,Blok B,premium ,Backorder
PRD-46735,156,13.0,9.0,437000,Tidak,Blok B,Premium,Backorder
PRD-45454,389,43.0,999.0,225000,Tidak,Blok B,Reguler,Aman
PRD-71407,303,40.0,5.0,287000,Tidak,Blok B,REGULER,Backorder
PRD-82766,89,48.0,25.0,235000,Ya,Blok B,premium ,Backorder
PRD-89810,499,24.0,9.0,156000,Ya,Blok C,REGULER,Aman
PRD-53585,177,25.0,23.0,92000,Tidak,Blok B, reguler ,Backorder
PRD-42642,72,3.0,,320000,Ya,Blok C,REGULER,Menipis
PRD-37027,413,15.0,7.0,193000,Ya,Blok B,Premium,Aman
PRD-57591,302,29.0,18.0,29000,Ya,Blok B,Premium,Menipis
PRD-94291,176,7.0,21.0,39000,Tidak,Blok A,REGULER,Menipis
PRD-25313,7,36.0,24.0,445000,Tidak,Blok B,Premium,Backorder
PRD-76844,212,33.0,9.0,316000,Tidak,Blok B,Premium,Aman
PRD-71692,37,43.0,16.0,422000,Tidak,Blok A,REGULER,Backorder
PRD-55924,358,33.0,25.0,226000,Tidak,Blok A, reguler ,Backorder
PRD-70194,74,16.0,17.0,187000,Tidak,Blok C,Premium,Backorder
PRD-71576,111,32.0,15.0,54000,Tidak,Blok A,premium ,Backorder
PRD-56728,65,44.0,14.0,448000,Tidak,Blok C, reguler ,Menipis
PRD-29385,253,46.0,27.0,425000,Tidak,Blok A,premium ,Backorder
PRD-18906,38,44.0,27.0,12000,Tidak,Blok B, reguler ,Menipis
PRD-53484,112,33.0,14.0,446000,Tidak,Blok B,REGULER,Backorder
PRD-54247,455,28.0,4.0,291000,Ya,Blok B,REGULER,Aman
PRD-25960,242,49.0,4.0,257000,Tidak,Blok A, reguler ,Aman
PRD-69567,5,27.0,14.0,70000,Tidak,Blok C,Reguler,Backorder
PRD-71596,213,27.0,18.0,381000,Tidak,Blok B,Reguler,Backorder
PRD-76077,273,7.0,23.0,57000,Tidak,Blok C,Reguler,Aman
PRD-78450,356,29.0,28.0,76000,Tidak,Blok A,Reguler,Backorder
PRD-45256,338,20.0,29.0,493000,Tidak,Blok B,REGULER,Backorder
PRD-21442,279,20.0,17.0,143000,Tidak,Blok A,Premium,Backorder
PRD-43971,239,8.0,7.0,439000,Tidak,Blok B,premium ,Aman
PRD-19290,367,9.0,3.0,444000,Tidak,Blok A,REGULER,Aman
PRD-28141,119,13.0,2.0,202000,Tidak,Blok A,premium ,Aman
PRD-15141,376,35.0,29.0,26000,Ya,Blok C,premium ,Backorder
PRD-20451,154,44.0,14.0,250000,Tidak,Blok A,premium ,Menipis
PRD-41821,330,19.0,9.0,453000,Tidak,Blok B,REGULER,Aman
PRD-55276,301,26.0,12.0,399000,Ya,Blok B,Premium,Backorder
PRD-89287,41,40.0,18.0,220000,Ya,Blok B,REGULER,Backorder
PRD-30365,476,17.0,3.0,491000,Tidak,Blok B,Reguler,Aman
PRD-77221,213,32.0,28.0,417000,Tidak,Blok A, reguler ,Backorder
PRD-50738,466,32.0,20.0,194000,Tidak,Blok B, reguler ,Menipis
PRD-55679,413,40.0,14.0,202000,Ya,Blok C,Premium,Backorder
PRD-59811,368,40.0,15.0,387000,Tidak,Blok C,REGULER,Menipis
PRD-42994,384,24.0,25.0,374000,Tidak,Blok A,premium ,Backorder
PRD-51785,355,15.0,3.0,413000,Tidak,Blok C, reguler ,Aman
PRD-15947,39,47.0,14.0,437000,Tidak,Blok A,premium ,Backorder
PRD-56854,426,13.0,21.0,73000,Tidak,Blok A,REGULER,Aman
PRD-86539,346,39.0,3.0,182000,Tidak,Blok A,REGULER,Aman
PRD-62151,163,38.0,15.0,136000,Tidak,Blok B,REGULER,Backorder
PRD-60719,413,36.0,29.0,448000,Tidak,Blok C,premium ,Backorder
PRD-36489,298,41.0,11.0,250000,Tidak,Blok A,Premium,Backorder
PRD-76458,434,34.0,12.0,349000,Ya,Blok C, reguler ,Backorder
PRD-97201,308,24.0,13.0,127000,Tidak,Blok C,Premium,Aman
PRD-96402,23,,18.0,89000,Ya,Blok A,premium ,Backorder
PRD-23718,129,35.0,4.0,228000,Ya,Blok C,Reguler,Backorder
PRD-71681,337,13.0,11.0,197000,Tidak,Blok B,Reguler,Aman
PRD-89693,44,9.0,25.0,496000,Ya,Blok B,REGULER,Backorder
PRD-86240,157,24.0,15.0,124000,Tidak,Blok A,Premium,Menipis
PRD-20922,16,41.0,2.0,393000,Tidak,Blok B,Reguler,Menipis
PRD-23541,281,,25.0,428000,Tidak,Blok B,Premium,Backorder
PRD-65030,203,21.0,20.0,250000,Tidak,Blok A,premium ,Backorder
PRD-72257,484,21.0,13.0,435000,Ya,Blok C,premium ,Aman
PRD-11007,15,30.0,8.0,115000,Ya,Blok A,premium ,Backorder
PRD-55689,52,10.0,28.0,472000,Tidak,Blok C,REGULER,Backorder
PRD-98416,393,29.0,28.0,68000,Tidak,Blok A,premium ,Backorder
PRD-24716,292,41.0,27.0,489000,Tidak,Blok B,premium ,Backorder
PRD-71824,472,,8.0,346000,Tidak,Blok B, reguler ,Menipis
PRD-54589,319,49.0,13.0,276000,Tidak,Blok A,Reguler,Menipis
PRD-93707,442,27.0,3.0,52000,Ya,Blok C,premium ,Aman
PRD-61616,476,21.0,4.0,457000,Tidak,Blok A,Premium,Aman
PRD-15636,203,19.0,11.0,355000,Tidak,Blok C, reguler ,Aman
PRD-29426,312,46.0,2.0,199000,Ya,Blok A,premium ,Menipis
PRD-29177,14,46.0,3.0,366000,Ya,Blok C,Premium,Backorder
PRD-62098,314,4.0,14.0,406000,Tidak,Blok B,premium ,Menipis
PRD-85838,96,29.0,12.0,58000,Tidak,Blok A,Premium,Backorder
PRD-33386,299,,19.0,390000,Tidak,Blok C,Premium,Aman
PRD-92524,290,24.0,21.0,75000,Tidak,Blok C,REGULER,Backorder
PRD-60331,445,35.0,13.0,62000,Tidak,Blok A,REGULER,Aman
PRD-83631,261,29.0,24.0,378000,Ya,Blok A,premium ,Backorder
PRD-20400,302,20.0,13.0,328000,Tidak,Blok B,Premium,Menipis
PRD-47763,478,28.0,5.0,304000,Tidak,Blok A,REGULER,Aman
PRD-68502,35,32.0,4.0,81000,Tidak,Blok A,Premium,Menipis
PRD-56486,349,30.0,23.0,320000,Tidak,Blok A,Premium,Backorder
PRD-69165,339,37.0,14.0,81000,Tidak,Blok C,REGULER,Menipis
PRD-97127,158,36.0,20.0,183000,Ya,Blok A, reguler ,Backorder
PRD-36984,230,34.0,18.0,441000,Ya,Blok B,Reguler,Menipis
PRD-75545,57,8.0,29.0,482000,Tidak,Blok B,REGULER,Backorder
PRD-50297,348,40.0,18.0,454000,Tidak,Blok B, reguler ,Menipis
PRD-77391,491,20.0,29.0,353000,Tidak,Blok B,Premium,Aman
PRD-29558,174,45.0,29.0,82000,Ya,Blok B,REGULER,Menipis
PRD-95155,199,16.0,24.0,108000,Tidak,Blok A,Reguler,Backorder
PRD-21545,201,9.0,8.0,407000,Ya,Blok B, reguler ,Aman
PRD-78258,227,24.0,10.0,27000,Ya,Blok A,premium ,Backorder
PRD-68560,260,27.0,9.0,148000,Tidak,Blok A,Reguler,Backorder
PRD-74110,430,10.0,26.0,78000,Tidak,Blok A, reguler ,Aman
PRD-61990,440,23.0,11.0,118000,Ya,Blok C, reguler ,Aman
PRD-10634,131,14.0,28.0,64000,Tidak,Blok C,Premium,Backorder
PRD-51034,97,24.0,11.0,445000,Tidak,Blok C, reguler ,Menipis
PRD-42327,263,34.0,3.0,347000,Tidak,Blok C,Reguler,Menipis
PRD-99833,240,25.0,11.0,369000,Tidak,Blok B, reguler ,Menipis
PRD-66030,271,38.0,17.0,474000,Tidak,Blok A, reguler ,Backorder
PRD-16970,361,23.0,28.0,450000,Ya,Blok A,REGULER,Backorder
PRD-39583,95,14.0,27.0,122000,Ya,Blok A,premium ,Menipis
PRD-56511,133,44.0,22.0,308000,Tidak,Blok C,Reguler,Menipis
PRD-38876,354,40.0,26.0,277000,Tidak,Blok A,premium ,Backorder
PRD-70004,14,16.0,20.0,320000,Tidak,Blok A,premium ,Backorder
PRD-25141,38,14.0,8.0,338000,Tidak,Blok C,REGULER,Menipis
PRD-71606,441,13.0,,12000,Ya,Blok B, reguler ,Aman
PRD-22975,264,34.0,22.0,57000,Ya,Blok C, reguler ,Menipis
PRD-27693,137,44.0,27.0,77000,Ya,Blok A, reguler ,Backorder
PRD-65661,140,5.0,25.0,295000,Tidak,Blok B,premium ,Aman
PRD-40015,367,47.0,22.0,171000,Ya,Blok A,REGULER,Aman
PRD-69399,162,7.0,4.0,247000,Tidak,Blok A,Reguler,Aman
PRD-98294,82,15.0,28.0,476000,Ya,Blok C, reguler ,Backorder
PRD-96153,155,30.0,24.0,180000,Tidak,Blok A,Premium,Backorder
PRD-50667,60,13.0,23.0,275000,Tidak,Blok B,REGULER,Backorder
PRD-38924,457,39.0,,398000,Ya,Blok C,REGULER,Backorder
PRD-59737,5,1.0,26.0,162000,Tidak,Blok B,premium ,Backorder
PRD-97318,18,7.0,5.0,132000,Tidak,Blok A,Reguler,Aman
PRD-15232,103,39.0,9.0,411000,Tidak,Blok C, reguler ,Backorder
PRD-65514,124,40.0,28.0,339000,Tidak,Blok C,Reguler,Backorder
PRD-95663,128,12.0,14.0,429000,Tidak,Blok A,Reguler,Backorder
PRD-95988,444,47.0,17.0,161000,Ya,Blok B,REGULER,Backorder
PRD-78232,481,28.0,28.0,448000,Tidak,Blok A,REGULER,Backorder
PRD-11403,251,9.0,21.0,83000,Tidak,Blok B,premium ,Aman
PRD-86853,399,19.0,17.0,45000,Ya,Blok B, reguler ,Aman
PRD-75364,416,4.0,9.0,148000,Tidak,Blok A, reguler ,Aman
PRD-36183,178,6.0,26.0,442000,Tidak,Blok B,Premium,Backorder
PRD-47661,318,46.0,17.0,135000,Tidak,Blok B,Premium,Backorder
PRD-19404,159,10.0,13.0,126000,Tidak,Blok A, reguler ,Menipis
PRD-28608,441,44.0,29.0,402000,Tidak,Blok B, reguler ,Backorder
PRD-32689,499,45.0,23.0,87000,Tidak,Blok A,Reguler,Backorder
PRD-37360,338,39.0,27.0,15000,Tidak,Blok A, reguler ,Menipis
PRD-37579,254,29.0,7.0,79000,Tidak,Blok B,premium ,Menipis
PRD-71707,356,30.0,20.0,356000,Tidak,Blok A,Premium,Aman
PRD-80441,482,5.0,11.0,353000,Tidak,Blok A,Reguler,Aman
PRD-62774,37,45.0,6.0,166000,Ya,Blok C, reguler ,Menipis
PRD-92357,120,40.0,16.0,264000,Ya,Blok A,premium ,Menipis
PRD-85209,318,48.0,25.0,148000,Tidak,Blok A,Reguler,Backorder
PRD-88858,413,34.0,8.0,298000,Tidak,Blok C,Premium,Backorder
PRD-85318,247,42.0,11.0,150000,Tidak,Blok B,Reguler,Backorder
PRD-68243,121,43.0,24.0,281000,Ya,Blok A,Premium,Backorder
PRD-63900,165,21.0,19.0,164000,Tidak,Blok B, reguler ,Menipis
PRD-76852,311,16.0,,366000,Tidak,Blok A,Premium,Aman
PRD-38511,347,28.0,9.0,169000,Ya,Blok A,Reguler,Menipis
PRD-55971,244,24.0,28.0,331000,Tidak,Blok B,Reguler,Aman
PRD-19422,163,45.0,14.0,355000,Tidak,Blok A,REGULER,Menipis
PRD-29023,63,,27.0,410000,Tidak,Blok A,Premium,Backorder
PRD-77889,89,33.0,2.0,483000,Tidak,Blok C,Premium,Aman
PRD-15606,76,39.0,8.0,297000,Tidak,Blok C,premium ,Menipis
PRD-21231,480,38.0,27.0,122000,Ya,Blok C,Premium,Backorder
PRD-89134,483,49.0,25.0,406000,Tidak,Blok A,REGULER,Backorder
PRD-33238,252,10.0,15.0,60000,Ya,Blok B,REGULER,Aman
PRD-18787,333,16.0,18.0,361000,Tidak,Blok A,REGULER,Aman
PRD-73197,131,3.0,26.0,268000,Tidak,Blok B, reguler ,Aman
PRD-66491,495,15.0,22.0,147000,Tidak,Blok C, reguler ,Aman
PRD-46538,365,15.0,25.0,197000,Ya,Blok A,Premium,Aman
PRD-85761,105,19.0,16.0,195000,Tidak,Blok C,REGULER,Menipis
PRD-13754,280,38.0,11.0,199000,Tidak,Blok B,Premium,Menipis
PRD-89507,243,,16.0,172000,Tidak,Blok A, reguler ,Aman
PRD-79211,395,34.0,12.0,235000,Tidak,Blok A, reguler ,Menipis
PRD-35537,188,,11.0,233000,Tidak,Blok A,REGULER,Backorder
PRD-26709,127,41.0,27.0,88000,Tidak,Blok C, reguler ,Menipis
PRD-27709,319,28.0,4.0,272000,Tidak,Blok B,REGULER,Aman
PRD-46035,178,,24.0,361000,Ya,Blok A,REGULER,Backorder
PRD-34272,58,2.0,15.0,183000,Tidak,Blok A,REGULER,Menipis
PRD-60182,141,44.0,,388000,Tidak,Blok B,REGULER,Backorder
PRD-73115,59,40.0,26.0,62000,Tidak,Blok C,premium ,Aman
PRD-36411,257,6.0,8.0,179000,Ya,Blok C,Reguler,Aman
PRD-49574,48,39.0,999.0,163000,Ya,Blok C,premium ,Backorder
PRD-36639,366,1.0,26.0,157000,Tidak,Blok B, reguler ,Aman
PRD-76467,26,16.0,14.0,435000,Tidak,Blok B,Premium,Menipis
PRD-25467,373,45.0,29.0,351000,Tidak,Blok B,premium ,Backorder
PRD-80474,28,4.0,17.0,188000,Tidak,Blok C,premium ,Backorder
PRD-54518,80,22.0,15.0,49000,Tidak,Blok A,REGULER,Menipis
PRD-17684,67,34.0,24.0,494000,Tidak,Blok B, reguler ,Backorder
PRD-84637,66,12.0,21.0,345000,Ya,Blok A, reguler ,Backorder
PRD-33419,349,24.0,3.0,442000,Ya,Blok B, reguler ,Menipis
PRD-62329,458,43.0,9.0,488000,Ya,Blok C,Reguler,Aman
PRD-35825,378,38.0,27.0,410000,Tidak,Blok A,REGULER,Backorder
PRD-77278,49,2.0,5.0,210000,Tidak,Blok C,Premium,Aman
PRD-56023,3,,9.0,286000,Tidak,Blok B, reguler ,Menipis
PRD-32394,445,44.0,4.0,209000,Tidak,Blok B,premium ,Menipis
PRD-72987,311,1.0,15.0,314000,Tidak,Blok B,Reguler,Menipis
PRD-40908,292,38.0,6.0,176000,Tidak,Blok C,premium ,Aman
PRD-93564,400,5.0,26.0,283000,Tidak,Blok C,REGULER,Aman
PRD-27959,352,20.0,5.0,419000,Ya,Blok A,Reguler,Menipis
PRD-41401,202,15.0,18.0,106000,Tidak,Blok A, reguler ,Menipis
PRD-80880,486,3.0,29.0,146000,Tidak,Blok C,premium ,Aman
PRD-45169,296,19.0,9.0,434000,Tidak,Blok C,REGULER,Aman
PRD-68830,294,3.0,6.0,336000,Ya,Blok A,premium ,Aman
PRD-19943,282,9.0,14.0,482000,Ya,Blok A, reguler ,Aman
PRD-56193,339,35.0,4.0,485000,Tidak,Blok C,REGULER,Backorder
PRD-64691,329,14.0,7.0,336000,Ya,Blok B,Reguler,Aman
PRD-24849,294,45.0,21.0,116000,Tidak,Blok C,REGULER,Backorder
PRD-80690,95,39.0,28.0,490000,Ya,Blok B,Premium,Backorder
PRD-58867,278,24.0,12.0,96000,Tidak,Blok B,premium ,Menipis
PRD-97948,491,2.0,29.0,431000,Tidak,Blok C,Reguler,Menipis
PRD-54789,55,2.0,15.0,343000,Tidak,Blok A,REGULER,Aman
PRD-29154,165,48.0,,291000,Tidak,Blok B,premium ,Backorder
PRD-41368,343,6.0,10.0,348000,Ya,Blok C,Reguler,Aman
PRD-53309,18,31.0,25.0,115000,Tidak,Blok A, reguler ,Backorder
PRD-60636,282,31.0,15.0,240000,Ya,Blok A,Premium,Backorder
PRD-73620,384,19.0,21.0,440000,Tidak,Blok A,Reguler,Aman
PRD-75129,376,28.0,19.0,274000,Tidak,Blok A,Premium,Backorder
PRD-25577,303,23.0,10.0,295000,Tidak,Blok B, reguler ,Backorder
PRD-38132,462,23.0,15.0,304000,Tidak,Blok C,Reguler,Menipis
PRD-52197,494,19.0,3.0,479000,Tidak,Blok A,REGULER,Aman
PRD-25408,160,49.0,19.0,154000,Ya,Blok B,REGULER,Backorder
PRD-40933,89,4.0,29.0,362000,Tidak,Blok B,REGULER,Backorder
PRD-78619,379,3.0,13.0,179000,Tidak,Blok C,premium ,Menipis
PRD-46923,457,35.0,4.0,131000,Tidak,Blok B,REGULER,Aman
PRD-63473,152,35.0,25.0,412000,Tidak,Blok A,premium ,Backorder
PRD-22237,49,31.0,29.0,394000,Tidak,Blok B,Premium,Backorder
PRD-30504,333,11.0,23.0,299000,Tidak,Blok A,premium ,Aman
PRD-75212,14,19.0,14.0,141000,Ya,Blok B,Premium,Backorder
PRD-85414,319,43.0,19.0,113000,Tidak,Blok B,Premium,Menipis
PRD-86719,27,2.0,15.0,110000,Tidak,Blok B, reguler ,Backorder
PRD-69191,109,27.0,22.0,70000,Tidak,Blok B, reguler ,Backorder
PRD-40930,208,,21.0,469000,Tidak,Blok C,Premium,Menipis
PRD-66053,30,22.0,6.0,472000,Tidak,Blok C,premium ,Backorder
PRD-30719,454,,9.0,315000,Tidak,Blok A,Premium,Menipis
PRD-54706,448,3.0,3.0,454000,Tidak,Blok A, reguler ,Aman
PRD-73752,31,21.0,9.0,63000,Ya,Blok C,REGULER,Backorder
PRD-57014,367,46.0,15.0,316000,Tidak,Blok A,Premium,Menipis
PRD-26645,414,17.0,16.0,197000,Tidak,Blok B,Premium,Aman
PRD-45820,372,14.0,5.0,275000,Ya,Blok B,Reguler,Aman
PRD-64122,423,40.0,28.0,214000,Ya,Blok B,Reguler,Backorder
PRD-66017,70,9.0,10.0,301000,Tidak,Blok A,REGULER,Menipis
PRD-69030,393,44.0,20.0,181000,Ya,Blok C, reguler ,Menipis
PRD-54976,38,30.0,18.0,455000,Tidak,Blok B,REGULER,Backorder
PRD-49464,495,1.0,11.0,375000,Ya,Blok C, reguler ,Aman
PRD-95382,413,45.0,24.0,494000,Tidak,Blok C,Reguler,Backorder
PRD-51321,281,15.0,6.0,350000,Ya,Blok B,Reguler,Aman
PRD-43092,21,10.0,28.0,474000,Tidak,Blok B,Reguler,Backorder
PRD-31675,283,48.0,7.0,150000,Tidak,Blok A, reguler ,Menipis
PRD-71142,56,48.0,26.0,13000,Tidak,Blok B,premium ,Backorder
PRD-65479,469,35.0,16.0,494000,Tidak,Blok A,Premium,Menipis
PRD-65786,334,31.0,25.0,32000,Tidak,Blok A,Premium,Backorder
PRD-94360,222,48.0,2.0,152000,Tidak,Blok A,REGULER,Aman
PRD-12659,24,24.0,18.0,371000,Tidak,Blok B,Reguler,Menipis
PRD-97312,206,48.0,,205000,Tidak,Blok B,Reguler,Menipis
PRD-10660,6,9.0,3.0,138000,Ya,Blok A, reguler ,Menipis
PRD-89369,195,18.0,2.0,422000,Tidak,Blok A, reguler ,Menipis
PRD-34647,204,42.0,16.0,97000,Tidak,Blok B,Reguler,Menipis
PRD-88077,237,18.0,25.0,122000,Tidak,Blok B,Premium,Backorder
PRD-76706,393,14.0,25.0,305000,Tidak,Blok B,premium ,Menipis
PRD-27611,60,38.0,17.0,258000,Ya,Blok A,REGULER,Menipis
PRD-45863,366,38.0,25.0,271000,Tidak,Blok B,premium ,Backorder
PRD-18609,396,23.0,26.0,416000,Tidak,Blok C,Premium,Backorder
PRD-43043,73,19.0,26.0,146000,Ya,Blok C, reguler ,Backorder
PRD-91029,428,20.0,13.0,255000,Tidak,Blok A,REGULER,Menipis
PRD-97475,349,40.0,28.0,62000,Tidak,Blok A,Reguler,Backorder
PRD-93948,375,21.0,11.0,91000,Tidak,Blok C,Premium,Aman
PRD-77055,64,21.0,11.0,24000,Tidak,Blok C,Premium,Backorder
PRD-38992,284,,21.0,319000,Tidak,Blok A,Premium,Backorder
PRD-30541,469,13.0,8.0,482000,Tidak,Blok A,Reguler,Aman
PRD-13775,85,,29.0,262000,Tidak,Blok B,Reguler,Backorder
PRD-11924,437,25.0,17.0,69000,Tidak,Blok C,premium ,Menipis
PRD-47755,390,35.0,999.0,330000,Tidak,Blok B, reguler ,Menipis
PRD-76793,120,39.0,22.0,361000,Tidak,Blok B,REGULER,Backorder
PRD-45367,135,8.0,27.0,315000,Tidak,Blok C,REGULER,Backorder
PRD-37378,335,6.0,5.0,287000,Tidak,Blok C, reguler ,Aman
PRD-66541,117,4.0,7.0,160000,Ya,Blok A, reguler ,Aman
PRD-87149,305,33.0,29.0,72000,Tidak,Blok C, reguler ,Backorder
PRD-79896,205,,17.0,328000,Tidak,Blok C,Reguler,Aman
PRD-21805,3,47.0,3.0,239000,Tidak,Blok A,REGULER,Aman
PRD-38152,216,30.0,25.0,28000,Tidak,Blok C,REGULER,Backorder
PRD-26907,494,22.0,29.0,337000,Ya,Blok A,premium ,Aman
PRD-40651,499,42.0,20.0,255000,Tidak,Blok A,premium ,Backorder
PRD-44924,370,46.0,19.0,358000,Ya,Blok A,Reguler,Backorder
PRD-96310,322,20.0,20.0,287000,Tidak,Blok B,premium ,Aman
PRD-65264,49,21.0,15.0,86000,Ya,Blok A, reguler ,Backorder
PRD-12682,139,20.0,25.0,60000,Tidak,Blok A,REGULER,Backorder
PRD-92495,334,36.0,17.0,322000,Tidak,Blok B,REGULER,Menipis
PRD-27558,142,23.0,29.0,175000,Tidak,Blok C,Premium,Backorder
PRD-85452,85,36.0,13.0,87000,Tidak,Blok B, reguler ,Backorder
PRD-50757,168,1.0,29.0,252000,Tidak,Blok B,Premium,Aman
PRD-48494,255,13.0,24.0,12000,Tidak,Blok C,premium ,Backorder
PRD-40028,455,23.0,6.0,23000,Ya,Blok B,premium ,Aman
PRD-74286,195,1.0,8.0,46000,Tidak,Blok A, reguler ,Aman
PRD-38091,254,31.0,18.0,334000,Tidak,Blok C,Premium,Backorder
PRD-15021,270,22.0,25.0,336000,Tidak,Blok A,REGULER,Menipis
PRD-64786,481,,4.0,206000,Tidak,Blok B,REGULER,Aman
PRD-20024,195,1.0,24.0,112000,Tidak,Blok B,Reguler,Aman
PRD-35192,322,11.0,3.0,80000,Tidak,Blok C,Reguler,Menipis
PRD-49386,275,19.0,2.0,124000,Ya,Blok A,REGULER,Aman
PRD-46382,495,30.0,29.0,484000,Tidak,Blok A,REGULER,Backorder
PRD-24414,63,2.0,18.0,318000,Tidak,Blok C,Premium,Aman
PRD-35279,245,28.0,2.0,494000,Tidak,Blok B,premium ,Menipis
PRD-17176,303,12.0,18.0,449000,Tidak,Blok B,Reguler,Menipis
PRD-32634,144,31.0,27.0,49000,Ya,Blok C,REGULER,Backorder
PRD-17424,116,30.0,6.0,86000,Tidak,Blok A,Premium,Menipis
PRD-11313,137,14.0,4.0,73000,Tidak,Blok C,premium ,Menipis
PRD-42442,167,41.0,27.0,287000,Tidak,Blok C,Reguler,Backorder
PRD-75171,320,29.0,21.0,230000,Tidak,Blok C,REGULER,Backorder
PRD-66307,469,37.0,20.0,331000,Tidak,Blok B,premium ,Backorder
PRD-67874,41,,29.0,412000,Ya,Blok C,REGULER,Backorder
PRD-41285,363,24.0,29.0,107000,Tidak,Blok B,Premium,Backorder
PRD-28595,481,2.0,21.0,441000,Tidak,Blok B,premium ,Menipis
PRD-22329,215,17.0,20.0,154000,Tidak,Blok A,Reguler,Menipis
PRD-18308,418,2.0,16.0,128000,Ya,Blok A, reguler ,Aman
PRD-79967,218,23.0,21.0,253000,Ya,Blok C,premium ,Menipis
PRD-17674,442,47.0,3.0,382000,Tidak,Blok B, reguler ,Menipis
PRD-41910,284,44.0,28.0,488000,Ya,Blok A, reguler ,Backorder
PRD-26029,474,42.0,2.0,212000,Tidak,Blok B,premium ,Aman
PRD-72112,176,6.0,16.0,259000,Ya,Blok B,premium ,Aman
PRD-90210,161,29.0,23.0,105000,Tidak,Blok B,premium ,Backorder
PRD-63583,243,14.0,22.0,294000,Tidak,Blok C,premium ,Menipis
PRD-95774,86,37.0,29.0,316000,Tidak,Blok C,Premium,Backorder
PRD-68095,88,47.0,25.0,413000,Tidak,Blok A,Reguler,Backorder
PRD-77965,14,43.0,19.0,494000,Tidak,Blok C,Reguler,Aman
PRD-58115,123,16.0,28.0,250000,Tidak,Blok A,Premium,Backorder
PRD-71413,109,21.0,3.0,145000,Tidak,Blok A,premium ,Aman
PRD-61226,119,21.0,12.0,489000,Tidak,Blok C,premium ,Backorder
PRD-10671,18,38.0,12.0,378000,Tidak,Blok A,REGULER,Backorder
PRD-74484,427,14.0,17.0,122000,Tidak,Blok C,premium ,Aman
PRD-92681,13,24.0,24.0,362000,Tidak,Blok B,REGULER,Backorder
PRD-25305,383,11.0,3.0,48000,Tidak,Blok A,Reguler,Aman
PRD-22126,487,1.0,8.0,61000,Tidak,Blok B,REGULER,Aman
PRD-74309,44,32.0,13.0,376000,Tidak,Blok C,Premium,Backorder
PRD-67786,322,39.0,9.0,271000,Tidak,Blok A,Reguler,Menipis
PRD-93161,55,30.0,25.0,181000,Tidak,Blok C,Reguler,Backorder
PRD-47116,392,11.0,3.0,99000,Tidak,Blok B,Reguler,Aman
PRD-78860,289,42.0,11.0,297000,Tidak,Blok C, reguler ,Menipis
PRD-19359,122,11.0,27.0,406000,Tidak,Blok A,Premium,Backorder
PRD-86559,377,14.0,12.0,329000,Tidak,Blok A,REGULER,Aman
PRD-95149,476,49.0,25.0,275000,Tidak,Blok A,REGULER,Menipis
PRD-94748,314,36.0,2.0,93000,Tidak,Blok B,REGULER,Backorder
PRD-25401,493,25.0,999.0,15000,Ya,Blok A,REGULER,Backorder
PRD-73582,91,10.0,26.0,126000,Tidak,Blok B, reguler ,Backorder
PRD-86918,46,28.0,14.0,485000,Ya,Blok A, reguler ,Backorder
PRD-22112,275,23.0,16.0,345000,Tidak,Blok C,premium ,Backorder
PRD-83903,290,41.0,5.0,68000,Ya,Blok A,Reguler,Menipis
PRD-99084,199,27.0,19.0,414000,Ya,Blok C,REGULER,Backorder
PRD-53876,130,23.0,22.0,85000,Tidak,Blok C, reguler ,Backorder
PRD-16816,423,,16.0,102000,Ya,Blok B, reguler ,Aman
PRD-14820,160,31.0,,319000,Ya,Blok A,premium ,Backorder
PRD-28322,415,11.0,6.0,236000,Ya,Blok B,Reguler,Aman
PRD-90201,28,37.0,7.0,415000,Tidak,Blok C,Premium,Backorder
PRD-48231,365,42.0,22.0,310000,Ya,Blok C,Reguler,Backorder
PRD-81117,205,41.0,29.0,36000,Ya,Blok C,Reguler,Menipis
PRD-67190,288,44.0,26.0,357000,Tidak,Blok C,Reguler,Backorder
PRD-78706,463,19.0,3.0,13000,Tidak,Blok B,Reguler,Aman
PRD-70920,287,19.0,28.0,336000,Tidak,Blok B,Premium,Backorder
PRD-14255,302,2.0,26.0,250000,Tidak,Blok A,premium ,Aman
PRD-34226,28,21.0,10.0,334000,Tidak,Blok C,REGULER,Aman
PRD-88414,221,27.0,22.0,298000,Ya,Blok B,Premium,Backorder
PRD-95178,140,33.0,19.0,241000,Tidak,Blok B,Reguler,Backorder
PRD-67692,256,8.0,28.0,415000,Tidak,Blok C,Reguler,Aman
PRD-44008,276,,21.0,227000,Ya,Blok C,REGULER,Backorder
PRD-64989,40,5.0,27.0,259000,Tidak,Blok A,premium ,Backorder
PRD-90910,444,37.0,2.0,271000,Tidak,Blok B, reguler ,Aman
PRD-70261,44,5.0,2.0,315000,Ya,Blok B,REGULER,Menipis
PRD-36708,463,,11.0,89000,Tidak,Blok B,premium ,Aman
PRD-21154,289,44.0,12.0,461000,Tidak,Blok C,Reguler,Backorder
PRD-72623,11,12.0,21.0,13000,Tidak,Blok B,Premium,Backorder
PRD-92214,383,47.0,26.0,112000,Tidak,Blok C,Premium,Backorder
PRD-91556,4,26.0,2.0,486000,Tidak,Blok B, reguler ,Menipis
PRD-91218,483,29.0,22.0,105000,Tidak,Blok C,REGULER,Backorder
PRD-53254,390,20.0,12.0,230000,Ya,Blok B,REGULER,Aman
PRD-82045,361,13.0,25.0,198000,Tidak,Blok B,REGULER,Backorder
PRD-87442,439,45.0,28.0,174000,Tidak,Blok A, reguler ,Backorder
PRD-11502,357,,24.0,197000,Tidak,Blok C,REGULER,Aman
PRD-48102,338,1.0,17.0,312000,Tidak,Blok B,Reguler,Aman
PRD-41625,329,37.0,21.0,186000,Tidak,Blok A,Premium,Backorder
PRD-67804,476,39.0,24.0,493000,Tidak,Blok A, reguler ,Backorder
PRD-23543,465,23.0,13.0,263000,Tidak,Blok A,Premium,Aman
PRD-22419,42,6.0,24.0,224000,Tidak,Blok B, reguler ,Menipis
PRD-38690,197,9.0,999.0,43000,Ya,Blok B,premium ,Menipis
PRD-65230,97,15.0,29.0,447000,Tidak,Blok B, reguler ,Backorder
PRD-38180,231,31.0,4.0,467000,Ya,Blok C,Premium,Aman
PRD-81832,221,4.0,10.0,51000,Tidak,Blok B, reguler ,Aman
PRD-43037,218,33.0,5.0,38000,Tidak,Blok B,REGULER,Aman
PRD-13267,154,49.0,18.0,444000,Tidak,Blok C,Reguler,Backorder
PRD-96296,488,32.0,7.0,269000,Ya,Blok B, reguler ,Aman
PRD-53168,221,22.0,20.0,64000,Ya,Blok B, reguler ,Backorder
PRD-46648,327,,18.0,237000,Ya,Blok A,REGULER,Menipis
PRD-50934,316,40.0,21.0,421000,Tidak,Blok A, reguler ,Menipis
PRD-98177,304,36.0,27.0,348000,Tidak,Blok C,premium ,Backorder
PRD-27955,40,21.0,28.0,355000,Ya,Blok A, reguler ,Backorder
PRD-46963,443,25.0,17.0,455000,Tidak,Blok C,Premium,Menipis
PRD-48677,360,44.0,7.0,79000,Tidak,Blok C,REGULER,Aman
PRD-49071,385,,29.0,421000,Tidak,Blok B,REGULER,Menipis
PRD-80268,158,42.0,23.0,181000,Ya,Blok C, reguler ,Backorder
PRD-17887,40,1.0,10.0,412000,Tidak,Blok A, reguler ,Aman
PRD-42196,37,20.0,23.0,224000,Tidak,Blok C,Premium,Backorder
PRD-34976,224,14.0,14.0,320000,Tidak,Blok C,Reguler,Menipis
PRD-49107,325,10.0,10.0,342000,Tidak,Blok B,Premium,Aman
PRD-20975,287,25.0,23.0,195000,Tidak,Blok A, reguler ,Backorder
PRD-78519,435,49.0,999.0,131000,Tidak,Blok B,premium ,Menipis
PRD-87722,144,9.0,5.0,171000,Ya,Blok C,premium ,Menipis
PRD-68849,407,49.0,,272000,Tidak,Blok B,Reguler,Backorder
PRD-31312,389,8.0,24.0,36000,Tidak,Blok C,REGULER,Menipis
PRD-20220,474,16.0,19.0,17000,Tidak,Blok B, reguler ,Aman
PRD-49779,220,37.0,6.0,446000,Ya,Blok C,premium ,Menipis
PRD-63384,372,41.0,28.0,88000,Ya,Blok A,Premium,Backorder
PRD-35494,124,25.0,28.0,255000,Tidak,Blok C, reguler ,Aman
PRD-93178,396,14.0,17.0,92000,Tidak,Blok A,Premium,Backorder
PRD-66176,218,14.0,3.0,222000,Tidak,Blok C, reguler ,Menipis
PRD-64200,360,,18.0,100000,Tidak,Blok A,premium ,Backorder
PRD-62021,271,11.0,11.0,162000,Ya,Blok B, reguler ,Aman
PRD-40654,99,13.0,16.0,16000,Tidak,Blok A,premium ,Menipis
PRD-97908,22,9.0,29.0,398000,Tidak,Blok B,premium ,Backorder
PRD-75449,323,9.0,10.0,168000,Tidak,Blok B,Reguler,Aman
PRD-35705,223,12.0,8.0,275000,Tidak,Blok A, reguler ,Aman
PRD-74315,496,39.0,16.0,193000,Tidak,Blok C,REGULER,Menipis
PRD-37935,360,28.0,3.0,337000,Ya,Blok B, reguler ,Menipis
PRD-67811,297,31.0,10.0,63000,Tidak,Blok A,premium ,Aman
PRD-15258,42,17.0,12.0,129000,Ya,Blok A,REGULER,Backorder
PRD-67225,321,4.0,7.0,15000,Tidak,Blok B,premium ,Aman
PRD-93087,217,37.0,11.0,296000,Tidak,Blok A,premium ,Backorder
PRD-22879,30,11.0,9.0,428000,Tidak,Blok B,REGULER,Backorder
PRD-53856,402,,12.0,268000,Tidak,Blok B,premium ,Backorder
PRD-62181,198,35.0,14.0,244000,Tidak,Blok B,REGULER,Backorder
PRD-27241,273,11.0,8.0,329000,Tidak,Blok B,Reguler,Aman
PRD-72507,446,6.0,21.0,160000,Tidak,Blok C,Premium,Aman
PRD-43746,14,26.0,14.0,263000,Tidak,Blok A,premium ,Backorder
PRD-77684,367,41.0,16.0,129000,Ya,Blok C,Premium,Backorder
PRD-91384,468,40.0,18.0,84000,Tidak,Blok C,premium ,Menipis
PRD-12921,369,39.0,10.0,494000,Tidak,Blok B,premium ,Aman
PRD-27671,415,,17.0,493000,Tidak,Blok C,Premium,Backorder
PRD-18921,400,12.0,20.0,437000,Ya,Blok A,premium ,Aman
PRD-55833,84,36.0,16.0,198000,Ya,Blok B,premium ,Aman
PRD-92428,357,38.0,13.0,407000,Ya,Blok A,premium ,Menipis
PRD-71413,179,38.0,8.0,278000,Tidak,Blok B,Premium,Backorder
PRD-54772,346,32.0,14.0,324000,Tidak,Blok B, reguler ,Menipis
PRD-99571,62,3.0,14.0,23000,Tidak,Blok C,premium ,Aman
PRD-86221,138,17.0,10.0,410000,Ya,Blok B,Premium,Backorder
PRD-71001,334,26.0,14.0,418000,Tidak,Blok A,Premium,Backorder
PRD-16142,71,20.0,5.0,317000,Ya,Blok C, reguler ,Aman
PRD-32912,183,33.0,3.0,384000,Tidak,Blok B,premium ,Menipis
PRD-22380,493,31.0,17.0,332000,Tidak,Blok B, reguler ,Backorder
PRD-65692,442,15.0,7.0,197000,Ya,Blok B, reguler ,Aman
PRD-28030,172,34.0,19.0,357000,Tidak,Blok C,premium ,Backorder
PRD-96038,214,35.0,7.0,99000,Tidak,Blok C,Reguler,Menipis
PRD-64348,461,23.0,3.0,236000,Tidak,Blok C,premium ,Aman
PRD-15586,134,39.0,11.0,440000,Ya,Blok A,Premium,Backorder
PRD-83914,56,49.0,15.0,261000,Tidak,Blok A,Reguler,Menipis
PRD-83545,2,47.0,25.0,215000,Tidak,Blok C,premium ,Menipis
PRD-52311,59,28.0,2.0,167000,Ya,Blok C,REGULER,Backorder
PRD-88222,207,36.0,8.0,152000,Tidak,Blok B,Premium,Menipis
PRD-36372,78,3.0,17.0,227000,Ya,Blok C,REGULER,Aman
PRD-47626,325,15.0,23.0,163000,Tidak,Blok C,REGULER,Aman
PRD-15400,98,47.0,15.0,335000,Ya,Blok A,premium ,Backorder
PRD-92630,8,38.0,6.0,224000,Ya,Blok C,Reguler,Backorder
PRD-83165,494,24.0,22.0,442000,Ya,Blok C,premium ,Backorder
PRD-38948,186,36.0,24.0,323000,Ya,Blok C,Premium,Backorder
PRD-42443,324,41.0,19.0,31000,Ya,Blok C,Reguler,Backorder
PRD-83493,220,43.0,7.0,297000,Ya,Blok A, reguler ,Backorder
PRD-57068,314,22.0,7.0,61000,Tidak,Blok A,REGULER,Menipis
PRD-88424,391,42.0,21.0,349000,Tidak,Blok C,Premium,Backorder
PRD-67417,397,15.0,24.0,245000,Ya,Blok C, reguler ,Aman
PRD-49107,360,37.0,9.0,295000,Tidak,Blok C,REGULER,Menipis
PRD-34538,422,46.0,15.0,178000,Tidak,Blok B, reguler ,Menipis
PRD-37445,472,17.0,2.0,280000,Tidak,Blok C,Reguler,Aman
PRD-40935,268,45.0,14.0,311000,Tidak,Blok A,Premium,Backorder
PRD-41337,339,31.0,7.0,314000,Tidak,Blok C,REGULER,Backorder
PRD-61098,139,3.0,26.0,203000,Tidak,Blok A,premium ,Aman
PRD-14747,310,19.0,9.0,179000,Tidak,Blok B,REGULER,Menipis
PRD-19953,123,,7.0,10000,Ya,Blok C,Premium,Menipis
PRD-89674,160,12.0,18.0,485000,Tidak,Blok B,Premium,Menipis
PRD-27772,481,29.0,8.0,64000,Ya,Blok A,REGULER,Aman
PRD-77411,133,2.0,9.0,142000,Ya,Blok B,REGULER,Aman
PRD-37877,326,11.0,999.0,236000,Ya,Blok B, reguler ,Aman
PRD-90664,116,41.0,13.0,366000,Ya,Blok B, reguler ,Backorder
PRD-97955,351,40.0,4.0,85000,Tidak,Blok C,premium ,Aman
PRD-71078,209,28.0,17.0,433000,Tidak,Blok A, reguler ,Backorder
PRD-13849,19,31.0,17.0,68000,Ya,Blok C,REGULER,Backorder
PRD-53039,275,6.0,13.0,469000,Tidak,Blok C,REGULER,Aman
PRD-96923,203,23.0,25.0,81000,Ya,Blok A,Premium,Backorder
PRD-14324,296,43.0,2.0,250000,Tidak,Blok A,Premium,Backorder
PRD-55814,225,10.0,27.0,294000,Tidak,Blok B,REGULER,Backorder
PRD-45418,19,41.0,999.0,249000,Tidak,Blok A,REGULER,Backorder
PRD-91976,192,37.0,3.0,252000,Ya,Blok C,Premium,Aman
PRD-37499,336,40.0,6.0,281000,Tidak,Blok B,premium ,Menipis
PRD-54512,482,31.0,14.0,499000,Tidak,Blok A,Premium,Aman
PRD-67609,401,42.0,22.0,374000,Tidak,Blok C,Reguler,Backorder
PRD-44607,326,11.0,13.0,224000,Ya,Blok C, reguler ,Aman
PRD-63639,49,29.0,28.0,369000,Tidak,Blok A,Reguler,Backorder
PRD-78154,49,24.0,24.0,151000,Ya,Blok B,premium ,Backorder
PRD-40099,359,37.0,27.0,265000,Tidak,Blok A,premium ,Backorder
PRD-39300,219,5.0,16.0,260000,Tidak,Blok A, reguler ,Aman
PRD-93560,336,39.0,5.0,34000,Tidak,Blok C, reguler ,Aman
PRD-50600,147,,18.0,390000,Tidak,Blok A,Premium,Backorder
PRD-51081,215,39.0,12.0,166000,Ya,Blok A,Reguler,Menipis
PRD-47861,274,36.0,8.0,496000,Ya,Blok A,REGULER,Backorder
PRD-84656,318,4.0,8.0,286000,Ya,Blok B,Reguler,Backorder
PRD-54225,334,6.0,3.0,405000,Tidak,Blok A,Reguler,Aman
PRD-47052,351,3.0,8.0,266000,Tidak,Blok B,REGULER,Aman
PRD-89971,473,1.0,6.0,14000,Tidak,Blok B,REGULER,Aman
PRD-87064,387,17.0,4.0,289000,Ya,Blok B, reguler ,Aman
PRD-23493,273,40.0,13.0,61000,Ya,Blok B,Premium,Backorder
PRD-85054,421,11.0,15.0,346000,Tidak,Blok B,Premium,Backorder
PRD-29337,288,12.0,,241000,Tidak,Blok B,Reguler,Aman
PRD-36140,440,14.0,13.0,171000,Tidak,Blok B, reguler ,Aman
PRD-30981,334,38.0,9.0,262000,Tidak,Blok A,Reguler,Backorder
PRD-19587,468,44.0,26.0,191000,Tidak,Blok B,Premium,Menipis
PRD-88931,160,30.0,6.0,276000,Tidak,Blok A,Premium,Aman
PRD-45281,451,42.0,8.0,437000,Tidak,Blok C,premium ,Aman
PRD-66271,164,4.0,8.0,206000,Tidak,Blok A,premium ,Aman
PRD-25896,103,36.0,26.0,60000,Tidak,Blok B,REGULER,Backorder
PRD-10138,479,31.0,20.0,457000,Tidak,Blok B,REGULER,Menipis
PRD-44503,31,42.0,17.0,342000,Tidak,Blok A,premium ,Backorder
PRD-48044,227,17.0,,78000,Tidak,Blok C,Premium,Backorder
PRD-26292,50,44.0,20.0,68000,Ya,Blok A,Premium,Backorder
PRD-88097,374,8.0,4.0,66000,Ya,Blok A, reguler ,Aman
PRD-79184,301,3.0,7.0,446000,Tidak,Blok B,Reguler,Aman
PRD-11239,277,15.0,12.0,117000,Tidak,Blok B,Premium,Aman
PRD-35431,94,32.0,2.0,159000,Tidak,Blok C,premium ,Aman
PRD-72956,274,2.0,24.0,358000,Ya,Blok C,premium ,Aman
PRD-12243,33,24.0,21.0,89000,Ya,Blok B,REGULER,Backorder
PRD-71477,274,4.0,28.0,111000,Ya,Blok B,premium ,Aman
PRD-44594,280,39.0,6.0,302000,Ya,Blok A,premium ,Menipis
PRD-67124,94,44.0,13.0,479000,Tidak,Blok B,Premium,Aman
PRD-51243,82,4.0,3.0,317000,Tidak,Blok B, reguler ,Aman
PRD-94307,305,18.0,7.0,273000,Tidak,Blok B,Premium,Menipis
PRD-76788,495,7.0,23.0,139000,Tidak,Blok A,Premium,Aman
PRD-55838,115,44.0,23.0,194000,Tidak,Blok B,Premium,Backorder
PRD-18314,106,3.0,13.0,358000,Tidak,Blok C,REGULER,Aman
PRD-44484,436,24.0,7.0,234000,Ya,Blok A,Premium,Aman
PRD-83580,50,10.0,6.0,441000,Ya,Blok B,Reguler,Aman
PRD-17610,470,12.0,12.0,267000,Tidak,Blok C,premium ,Aman
PRD-41575,382,19.0,9.0,304000,Tidak,Blok B,premium ,Menipis
PRD-90738,299,,23.0,242000,Ya,Blok C,premium ,Backorder
PRD-71240,398,18.0,25.0,394000,Tidak,Blok B,Premium,Backorder
PRD-29748,58,37.0,13.0,269000,Ya,Blok A,REGULER,Backorder
PRD-64951,333,1.0,11.0,304000,Tidak,Blok A,Premium,Aman
PRD-20651,158,32.0,3.0,227000,Tidak,Blok B, reguler ,Backorder
PRD-18070,41,24.0,29.0,409000,Tidak,Blok B,premium ,Backorder
PRD-43387,202,22.0,3.0,249000,Tidak,Blok C, reguler ,Backorder
PRD-67207,388,34.0,999.0,224000,Ya,Blok B,Reguler,Backorder
PRD-80051,8,,7.0,373000,Tidak,Blok C,Premium,Backorder
PRD-32313,390,45.0,14.0,236000,Tidak,Blok A,premium ,Backorder
PRD-74356,349,47.0,27.0,29000,Tidak,Blok B,Reguler,Backorder
PRD-66344,465,3.0,29.0,257000,Ya,Blok A,Reguler,Menipis
PRD-28589,243,39.0,10.0,383000,Tidak,Blok B,Premium,Menipis
PRD-30884,272,39.0,25.0,53000,Ya,Blok B,Reguler,Backorder
PRD-29129,345,31.0,27.0,109000,Tidak,Blok A,Premium,Backorder
PRD-19168,107,45.0,26.0,103000,Tidak,Blok A,Reguler,Backorder
PRD-19466,388,29.0,13.0,105000,Tidak,Blok C,Reguler,Backorder
PRD-16304,144,34.0,23.0,20000,Tidak,Blok C,Reguler,Backorder
PRD-78607,113,1.0,14.0,412000,Tidak,Blok B, reguler ,Aman
PRD-53790,478,30.0,4.0,337000,Tidak,Blok B,premium ,Aman
PRD-28230,197,5.0,2.0,282000,Tidak,Blok A,REGULER,Aman
PRD-37829,434,45.0,13.0,105000,Tidak,Blok A,premium ,Menipis
PRD-36655,467,24.0,19.0,429000,Tidak,Blok A,Premium,Menipis
PRD-98691,87,20.0,21.0,465000,Tidak,Blok C,premium ,Backorder
PRD-97052,329,36.0,28.0,176000,Tidak,Blok B,Reguler,Backorder
PRD-75305,303,6.0,14.0,230000,Ya,Blok C,Reguler,Aman
PRD-22816,47,4.0,2.0,318000,Tidak,Blok B,Premium,Aman
PRD-81966,478,34.0,28.0,220000,Tidak,Blok C,premium ,Backorder
PRD-60258,323,46.0,6.0,30000,Tidak,Blok A,premium ,Backorder
PRD-14019,110,9.0,15.0,280000,Tidak,Blok B,premium ,Menipis
PRD-91552,445,25.0,,151000,Ya,Blok B,Reguler,Backorder
PRD-10854,274,45.0,7.0,49000,Ya,Blok B, reguler ,Backorder
PRD-55734,267,,13.0,446000,Ya,Blok B,REGULER,Aman
PRD-76125,302,28.0,5.0,60000,Ya,Blok B, reguler ,Menipis
PRD-74361,166,2.0,24.0,492000,Tidak,Blok B,Reguler,Aman
PRD-87711,203,44.0,12.0,410000,Ya,Blok B,premium ,Backorder
PRD-35762,40,46.0,11.0,341000,Ya,Blok C, reguler ,Backorder
PRD-77509,351,7.0,12.0,94000,Tidak,Blok B,REGULER,Menipis
PRD-20715,86,27.0,26.0,126000,Ya,Blok B,Premium,Backorder
PRD-78371,334,24.0,5.0,54000,Tidak,Blok A,Reguler,Aman
PRD-71063,183,44.0,20.0,152000,Ya,Blok A,premium ,Backorder
PRD-17114,238,28.0,3.0,297000,Ya,Blok B, reguler ,Aman
PRD-81975,426,43.0,9.0,272000,Tidak,Blok A,Reguler,Menipis
PRD-77364,9,13.0,10.0,366000,Ya,Blok C, reguler ,Backorder
PRD-39968,226,7.0,5.0,449000,Ya,Blok B, reguler ,Aman
PRD-75527,453,32.0,17.0,150000,Tidak,Blok A,REGULER,Menipis
PRD-34660,393,9.0,19.0,163000,Ya,Blok A, reguler ,Aman
PRD-26995,6,41.0,23.0,422000,Ya,Blok B, reguler ,Menipis
PRD-49752,121,44.0,19.0,431000,Ya,Blok C, reguler ,Backorder
PRD-91574,9,3.0,17.0,296000,Tidak,Blok B,REGULER,Backorder
PRD-38454,234,,9.0,80000,Tidak,Blok B, reguler ,Backorder
PRD-18110,399,45.0,18.0,125000,Tidak,Blok A,premium ,Backorder
PRD-11263,233,9.0,28.0,47000,Tidak,Blok C,Premium,Backorder
PRD-48000,295,19.0,2.0,54000,Tidak,Blok C,Premium,Aman
PRD-94416,182,21.0,10.0,300000,Ya,Blok C, reguler ,Backorder
PRD-10296,327,5.0,12.0,330000,Tidak,Blok A,Reguler,Aman
PRD-69372,346,27.0,22.0,271000,Ya,Blok B,REGULER,Backorder
PRD-22881,196,47.0,5.0,310000,Tidak,Blok C,REGULER,Backorder
PRD-19662,497,21.0,28.0,207000,Tidak,Blok B,REGULER,Backorder
PRD-14458,306,30.0,5.0,374000,Ya,Blok C,Reguler,Aman
PRD-12204,260,1.0,22.0,229000,Ya,Blok A,premium ,Aman
PRD-54724,62,2.0,15.0,185000,Tidak,Blok C,premium ,Backorder
PRD-83598,205,34.0,14.0,371000,Ya,Blok B,premium ,Backorder
PRD-17657,300,13.0,7.0,330000,Tidak,Blok C,premium ,Aman
PRD-14432,394,29.0,8.0,383000,Tidak,Blok A,Premium,Menipis
PRD-92384,250,34.0,17.0,308000,Tidak,Blok A,premium ,Aman
PRD-18244,441,1.0,24.0,60000,Tidak,Blok A, reguler ,Aman
PRD-62251,461,19.0,29.0,415000,Tidak,Blok B,REGULER,Aman
PRD-67505,226,7.0,3.0,157000,Tidak,Blok B,REGULER,Menipis
PRD-22963,233,38.0,2.0,294000,Ya,Blok A,REGULER,Aman
PRD-40788,358,40.0,8.0,171000,Tidak,Blok C,premium ,Backorder
PRD-29520,496,44.0,10.0,97000,Ya,Blok C,Reguler,Backorder
PRD-26835,437,5.0,15.0,276000,Ya,Blok C, reguler ,Aman
PRD-14621,406,17.0,6.0,68000,Tidak,Blok C,Premium,Aman
PRD-60993,40,19.0,2.0,341000,Ya,Blok A,premium ,Aman
PRD-92279,449,11.0,16.0,234000,Ya,Blok C,Premium,Aman
PRD-56754,50,,11.0,223000,Ya,Blok A,Reguler,Backorder
PRD-25021,260,6.0,19.0,232000,Tidak,Blok C,premium ,Menipis
PRD-33284,335,4.0,15.0,340000,Ya,Blok B,REGULER,Aman
PRD-69993,433,17.0,25.0,312000,Tidak,Blok B,Premium,Aman
PRD-88279,234,11.0,22.0,72000,Ya,Blok C,premium ,Menipis
PRD-42254,77,34.0,17.0,436000,Ya,Blok A,REGULER,Menipis
PRD-60460,38,31.0,13.0,434000,Ya,Blok B,Premium,Backorder
PRD-33248,79,2.0,18.0,53000,Tidak,Blok A,Premium,Aman
PRD-68595,380,37.0,11.0,434000,Tidak,Blok B, reguler ,Aman
PRD-63551,236,32.0,2.0,387000,Tidak,Blok B, reguler ,Menipis
PRD-40049,119,6.0,28.0,14000,Tidak,Blok B,Premium,Backorder
PRD-85752,193,26.0,28.0,441000,Tidak,Blok C,REGULER,Backorder
PRD-92800,241,34.0,24.0,273000,Tidak,Blok A,premium ,Backorder
PRD-11115,49,7.0,24.0,40000,Ya,Blok B,premium ,Menipis
PRD-73171,391,45.0,26.0,302000,Tidak,Blok B,Premium,Backorder
PRD-18438,432,24.0,5.0,287000,Tidak,Blok C,REGULER,Aman
PRD-18484,94,3.0,5.0,406000,Ya,Blok C,Premium,Aman
PRD-32398,133,8.0,5.0,139000,Tidak,Blok C, reguler ,Aman
PRD-44493,185,35.0,10.0,193000,Tidak,Blok C,premium ,Menipis
PRD-70973,422,6.0,29.0,482000,Tidak,Blok B,REGULER,Aman
PRD-92238,183,20.0,19.0,472000,Tidak,Blok A,premium ,Backorder
PRD-31839,384,13.0,10.0,77000,Ya,Blok C,REGULER,Aman
PRD-57947,105,40.0,17.0,391000,Tidak,Blok C,REGULER,Backorder
PRD-81128,122,12.0,14.0,466000,Ya,Blok B,REGULER,Backorder
PRD-10384,299,13.0,12.0,84000,Tidak,Blok A,REGULER,Aman
PRD-23760,443,29.0,24.0,63000,Tidak,Blok A,premium ,Backorder
PRD-98110,98,19.0,28.0,422000,Ya,Blok C,REGULER,Menipis
PRD-95844,125,25.0,17.0,220000,Ya,Blok A,premium ,Backorder
PRD-96673,428,10.0,19.0,380000,Tidak,Blok A,premium ,Aman
PRD-77444,17,6.0,11.0,199000,Ya,Blok A,Reguler,Backorder
PRD-95376,174,35.0,8.0,314000,Tidak,Blok B,Reguler,Menipis
PRD-70142,208,9.0,3.0,142000,Tidak,Blok C,Premium,Aman
PRD-59156,436,13.0,6.0,315000,Tidak,Blok B, reguler ,Menipis
PRD-64633,489,19.0,9.0,63000,Tidak,Blok A, reguler ,Aman
PRD-34124,454,27.0,26.0,105000,Tidak,Blok C,REGULER,Backorder
PRD-84527,3,32.0,10.0,451000,Tidak,Blok C, reguler ,Menipis
PRD-58700,232,26.0,28.0,445000,Ya,Blok A,Reguler,Backorder
PRD-89436,420,44.0,17.0,483000,Ya,Blok C,Premium,Backorder
PRD-43174,36,40.0,26.0,238000,Tidak,Blok B,premium ,Menipis
PRD-70294,333,34.0,7.0,166000,Ya,Blok A,premium ,Menipis
PRD-38795,274,20.0,14.0,112000,Tidak,Blok C,premium ,Menipis
PRD-79785,310,11.0,23.0,445000,Ya,Blok B,premium ,Aman
PRD-28895,358,5.0,25.0,444000,Ya,Blok B,REGULER,Aman
PRD-42175,490,36.0,13.0,11000,Ya,Blok A,REGULER,Backorder
PRD-56922,342,18.0,3.0,375000,Tidak,Blok A, reguler ,Aman
PRD-94162,165,8.0,28.0,429000,Tidak,Blok B,premium ,Menipis
PRD-67619,113,47.0,22.0,104000,Tidak,Blok A,premium ,Menipis
PRD-92214,465,14.0,9.0,490000,Ya,Blok B,Premium,Aman
PRD-34102,159,38.0,5.0,115000,Tidak,Blok A,Reguler,Menipis
PRD-82833,242,22.0,5.0,289000,Tidak,Blok C,REGULER,Menipis
PRD-52261,222,6.0,14.0,29000,Tidak,Blok A,Premium,Aman
PRD-85024,462,34.0,20.0,189000,Ya,Blok C,Reguler,Backorder
PRD-28711,404,10.0,14.0,81000,Tidak,Blok B,Reguler,Aman
PRD-48598,475,,27.0,255000,Tidak,Blok B,Reguler,Aman
PRD-63214,316,30.0,10.0,459000,Tidak,Blok B,Reguler,Menipis
PRD-39072,107,15.0,21.0,188000,Tidak,Blok C, reguler ,Backorder
PRD-64917,107,13.0,21.0,296000,Tidak,Blok A,REGULER,Backorder
PRD-14582,204,17.0,24.0,95000,Ya,Blok A,REGULER,Backorder
PRD-14897,357,47.0,5.0,244000,Ya,Blok C,Premium,Aman
PRD-25779,440,46.0,6.0,21000,Tidak,Blok A,Premium,Aman
PRD-86575,401,29.0,15.0,391000,Ya,Blok C,Premium,Backorder
PRD-94932,237,16.0,21.0,116000,Tidak,Blok A,premium ,Menipis
PRD-29937,370,,3.0,45000,Ya,Blok A,premium ,Menipis
PRD-37376,271,48.0,14.0,141000,Tidak,Blok B,REGULER,Backorder
PRD-52782,403,13.0,25.0,459000,Tidak,Blok C,Reguler,Menipis
PRD-78926,161,46.0,4.0,280000,Tidak,Blok A,Premium,Backorder
PRD-74148,421,23.0,8.0,301000,Tidak,Blok A, reguler ,Aman
PRD-23947,158,,999.0,140000,Ya,Blok B,REGULER,Backorder
PRD-19171,147,7.0,10.0,237000,Tidak,Blok B,Premium,Aman
PRD-28562,43,48.0,28.0,498000,Tidak,Blok B,premium ,Menipis
PRD-44159,457,39.0,17.0,180000,Tidak,Blok A,Premium,Backorder
PRD-39669,347,41.0,5.0,183000,Ya,Blok B,REGULER,Aman
PRD-77904,135,13.0,6.0,422000,Tidak,Blok C,premium ,Menipis
PRD-30878,393,49.0,23.0,25000,Tidak,Blok C,REGULER,Backorder
PRD-32391,118,24.0,12.0,98000,Tidak,Blok C,Reguler,Backorder
PRD-52316,43,16.0,5.0,150000,Tidak,Blok B,Premium,Backorder
PRD-33447,449,28.0,11.0,207000,Ya,Blok A, reguler ,Aman
PRD-14760,123,33.0,21.0,317000,Tidak,Blok C,Premium,Backorder
PRD-87065,32,8.0,4.0,113000,Tidak,Blok A,REGULER,Menipis
PRD-13770,297,16.0,6.0,80000,Tidak,Blok A,REGULER,Aman
PRD-95067,332,17.0,4.0,229000,Ya,Blok C,Reguler,Aman
PRD-69117,492,15.0,15.0,452000,Ya,Blok B,premium ,Aman
PRD-39405,403,17.0,28.0,319000,Ya,Blok C,REGULER,Backorder
PRD-51368,346,27.0,3.0,84000,Ya,Blok B,Premium,Aman
PRD-49390,165,9.0,6.0,386000,Tidak,Blok C,REGULER,Aman
PRD-50774,488,44.0,18.0,457000,Tidak,Blok C,premium ,Backorder
PRD-89141,158,40.0,3.0,330000,Tidak,Blok A,Premium,Menipis
PRD-33993,170,12.0,11.0,461000,Tidak,Blok B, reguler ,Menipis
PRD-19716,416,30.0,4.0,288000,Tidak,Blok A,premium ,Aman
PRD-80765,252,38.0,26.0,247000,Tidak,Blok B,premium ,Menipis
PRD-44521,352,49.0,27.0,265000,Ya,Blok B,Reguler,Backorder
PRD-82894,176,6.0,19.0,443000,Tidak,Blok B,premium ,Menipis
PRD-65989,30,23.0,27.0,487000,Tidak,Blok A,Reguler,Backorder
PRD-89790,270,16.0,21.0,274000,Tidak,Blok C, reguler ,Menipis
PRD-37083,172,17.0,7.0,400000,Ya,Blok B,Premium,Backorder
PRD-51938,106,23.0,9.0,237000,Tidak,Blok B,premium ,Menipis
PRD-36548,218,16.0,26.0,206000,Ya,Blok C,premium ,Backorder
PRD-22213,444,32.0,5.0,163000,Tidak,Blok C, reguler ,Menipis
PRD-91311,282,25.0,16.0,385000,Ya,Blok C,REGULER,Backorder
PRD-62482,449,13.0,19.0,321000,Tidak,Blok C,REGULER,Aman
PRD-72223,283,,13.0,182000,Tidak,Blok B,Premium,Backorder
PRD-40523,224,39.0,24.0,16000,Tidak,Blok C,premium ,Backorder
PRD-93749,218,3.0,,57000,Tidak,Blok C,REGULER,Aman
PRD-73589,425,17.0,15.0,496000,Tidak,Blok B,REGULER,Aman
PRD-37105,239,11.0,20.0,102000,Tidak,Blok B,Premium,Aman
PRD-60210,340,1.0,24.0,111000,Tidak,Blok C,premium ,Aman
PRD-23440,273,37.0,16.0,132000,Tidak,Blok C,REGULER,Backorder
PRD-66234,157,21.0,28.0,453000,Tidak,Blok A,REGULER,Backorder
PRD-60017,292,32.0,17.0,386000,Tidak,Blok C,Reguler,Backorder
PRD-58367,373,38.0,4.0,202000,Tidak,Blok C, reguler ,Aman
PRD-43760,356,47.0,15.0,451000,Tidak,Blok B, reguler ,Backorder
PRD-72516,371,29.0,3.0,452000,Ya,Blok C,REGULER,Aman
PRD-60551,313,31.0,20.0,219000,Tidak,Blok B, reguler ,Menipis
PRD-73767,271,43.0,,472000,Tidak,Blok B,Premium,Backorder
PRD-56799,306,9.0,24.0,498000,Ya,Blok B,premium ,Aman
PRD-84603,391,3.0,15.0,374000,Tidak,Blok A, reguler ,Aman
PRD-23281,436,24.0,25.0,175000,Tidak,Blok B, reguler ,Backorder
PRD-47997,184,22.0,23.0,87000,Tidak,Blok C,Premium,Backorder
PRD-25008,464,20.0,23.0,481000,Tidak,Blok C,premium ,Aman
PRD-29924,110,46.0,24.0,385000,Tidak,Blok C,Premium,Backorder
PRD-56978,488,48.0,19.0,166000,Tidak,Blok A, reguler ,Backorder
PRD-95053,408,7.0,9.0,129000,Tidak,Blok B,Premium,Aman
PRD-33645,363,49.0,12.0,452000,Ya,Blok B,Premium,Menipis
PRD-89473,269,39.0,16.0,460000,Tidak,Blok B,Reguler,Backorder
PRD-51011,218,21.0,10.0,75000,Ya,Blok C,REGULER,Aman
PRD-34843,139,18.0,13.0,318000,Ya,Blok C, reguler ,Backorder
PRD-13516,419,38.0,24.0,384000,Tidak,Blok C, reguler ,Menipis
PRD-54460,138,31.0,22.0,342000,Tidak,Blok A,REGULER,Backorder
PRD-92399,408,23.0,24.0,357000,Tidak,Blok B,REGULER,Backorder
PRD-19745,435,10.0,28.0,351000,Ya,Blok A,REGULER,Aman
PRD-26226,282,2.0,4.0,260000,Tidak,Blok C,Premium,Aman
PRD-29381,380,11.0,21.0,261000,Tidak,Blok C,premium ,Aman
PRD-39371,150,16.0,10.0,250000,Tidak,Blok B,premium ,Menipis
PRD-95779,138,40.0,15.0,344000,Tidak,Blok C,premium ,Backorder
PRD-37453,237,16.0,8.0,228000,Ya,Blok B,Reguler,Backorder
PRD-20845,44,41.0,19.0,173000,Ya,Blok B,Premium,Menipis
PRD-52533,336,7.0,25.0,180000,Tidak,Blok B,premium ,Aman
PRD-27653,14,31.0,12.0,146000,Tidak,Blok C,Premium,Backorder
PRD-26920,104,38.0,21.0,119000,Tidak,Blok C,premium ,Menipis
PRD-38176,330,25.0,8.0,103000,Tidak,Blok B,REGULER,Aman
PRD-84791,374,7.0,18.0,95000,Tidak,Blok C, reguler ,Aman
PRD-82617,492,,29.0,251000,Tidak,Blok A,Premium,Backorder
PRD-32692,380,14.0,16.0,337000,Tidak,Blok A,Premium,Aman
PRD-87067,300,38.0,18.0,455000,Tidak,Blok C,REGULER,Backorder
PRD-71665,104,11.0,12.0,187000,Tidak,Blok B,Premium,Backorder
PRD-43132,266,31.0,4.0,103000,Tidak,Blok A, reguler ,Menipis
PRD-79831,192,31.0,20.0,334000,Tidak,Blok C,premium ,Backorder
PRD-67615,19,3.0,9.0,109000,Tidak,Blok B,REGULER,Aman
PRD-29250,351,8.0,8.0,224000,Ya,Blok C, reguler ,Aman
PRD-60637,243,40.0,20.0,144000,Tidak,Blok C, reguler ,Backorder
PRD-16780,384,17.0,19.0,480000,Tidak,Blok B,Reguler,Aman
PRD-63028,381,38.0,4.0,197000,Ya,Blok B,Premium,Backorder
PRD-22336,93,5.0,8.0,447000,Tidak,Blok B,premium ,Aman
PRD-87214,63,17.0,25.0,181000,Ya,Blok C,premium ,Backorder
PRD-25167,453,8.0,21.0,70000,Ya,Blok A,Reguler,Menipis
PRD-23893,37,23.0,5.0,219000,Ya,Blok C, reguler ,Backorder
PRD-58516,222,48.0,6.0,378000,Tidak,Blok C,premium ,Menipis
PRD-46182,51,34.0,14.0,303000,Ya,Blok B, reguler ,Backorder
PRD-73212,408,22.0,29.0,221000,Tidak,Blok B,REGULER,Menipis
PRD-31509,317,47.0,22.0,86000,Ya,Blok A,Reguler,Backorder
PRD-87129,286,2.0,18.0,142000,Tidak,Blok C, reguler ,Aman
PRD-16910,261,42.0,14.0,452000,Tidak,Blok A,Premium,Backorder
PRD-83969,224,31.0,25.0,361000,Tidak,Blok A,Reguler,Backorder
PRD-66115,155,40.0,12.0,225000,Tidak,Blok C,Reguler,Backorder
PRD-96008,84,,,162000,Tidak,Blok B,REGULER,Aman
PRD-74425,96,7.0,,256000,Tidak,Blok A,REGULER,Menipis
PRD-41819,99,24.0,27.0,214000,Ya,Blok A,Premium,Backorder
PRD-47905,419,47.0,19.0,182000,Tidak,Blok C, reguler ,Backorder
PRD-20529,197,27.0,11.0,55000,Tidak,Blok A,Reguler,Backorder
PRD-52685,33,48.0,16.0,336000,Tidak,Blok A,REGULER,Backorder
PRD-47711,462,47.0,18.0,254000,Tidak,Blok B,Reguler,Menipis
PRD-71954,351,13.0,28.0,199000,Tidak,Blok C,premium ,Backorder
PRD-12257,431,,11.0,352000,Tidak,Blok A,Reguler,Aman
PRD-29073,114,47.0,21.0,339000,Tidak,Blok B, reguler ,Backorder
PRD-73095,109,30.0,7.0,285000,Tidak,Blok B, reguler ,Backorder
PRD-67888,102,37.0,13.0,421000,Ya,Blok A, reguler ,Backorder
PRD-32191,258,24.0,7.0,60000,Tidak,Blok C,Reguler,Aman
PRD-67062,392,8.0,15.0,35000,Tidak,Blok A,premium ,Aman
PRD-67275,46,11.0,4.0,54000,Tidak,Blok B,REGULER,Backorder
PRD-88291,365,27.0,12.0,441000,Tidak,Blok B,Premium,Menipis
PRD-42793,81,11.0,29.0,297000,Tidak,Blok C,premium ,Backorder
PRD-36589,454,49.0,5.0,194000,Ya,Blok C,REGULER,Aman
PRD-76324,382,11.0,16.0,313000,Tidak,Blok A,Premium,Aman
PRD-37961,135,,28.0,445000,Tidak,Blok B,REGULER,Backorder
PRD-83531,417,30.0,18.0,119000,Tidak,Blok C, reguler ,Aman
PRD-67656,382,33.0,26.0,82000,Ya,Blok A,Reguler,Backorder
PRD-32927,124,21.0,5.0,286000,Tidak,Blok B,premium ,Aman
PRD-95990,281,14.0,3.0,317000,Tidak,Blok A,premium ,Aman
PRD-54149,238,16.0,18.0,349000,Ya,Blok A,Reguler,Backorder
PRD-71381,206,42.0,24.0,87000,Tidak,Blok C,Reguler,Backorder
PRD-75681,297,17.0,18.0,330000,Ya,Blok B,Reguler,Backorder
PRD-24567,131,18.0,28.0,378000,Ya,Blok B,premium ,Backorder
PRD-31826,456,16.0,12.0,417000,Tidak,Blok A, reguler ,Aman
PRD-88812,478,1.0,18.0,150000,Tidak,Blok B,Premium,Aman
PRD-38067,35,29.0,21.0,310000,Tidak,Blok C,Reguler,Backorder
PRD-20058,11,33.0,13.0,234000,Tidak,Blok C,Premium,Aman
PRD-40297,202,41.0,2.0,176000,Tidak,Blok C,Premium,Menipis
PRD-44248,370,15.0,9.0,399000,Tidak,Blok A,premium ,Aman
PRD-56287,198,16.0,21.0,135000,Ya,Blok C,Reguler,Backorder
PRD-92533,126,42.0,10.0,210000,Tidak,Blok C,Reguler,Aman
PRD-30002,200,26.0,24.0,47000,Tidak,Blok C,premium ,Backorder
PRD-25029,499,39.0,8.0,156000,Tidak,Blok C,premium ,Aman
PRD-72068,38,35.0,24.0,79000,Tidak,Blok B,premium ,Backorder
PRD-10956,58,49.0,29.0,175000,Ya,Blok B,Reguler,Backorder
PRD-25185,207,39.0,14.0,217000,Tidak,Blok B,Premium,Backorder
PRD-30022,145,38.0,9.0,280000,Tidak,Blok A,Reguler,Backorder
PRD-69119,444,22.0,16.0,385000,Tidak,Blok A,premium ,Aman
PRD-57058,164,26.0,25.0,459000,Ya,Blok C,Premium,Backorder
PRD-64823,29,32.0,16.0,334000,Ya,Blok B,REGULER,Backorder
PRD-88608,480,43.0,18.0,324000,Tidak,Blok A,Reguler,Aman
PRD-51862,159,12.0,2.0,86000,Tidak,Blok B,premium ,Aman
PRD-84744,431,,27.0,259000,Tidak,Blok A,premium ,Backorder
PRD-78795,135,,17.0,392000,Tidak,Blok C,premium ,Backorder
PRD-47122,226,5.0,21.0,408000,Tidak,Blok B,REGULER,Aman
PRD-50077,202,7.0,4.0,494000,Tidak,Blok C,premium ,Aman
PRD-47684,53,1.0,14.0,243000,Tidak,Blok C, reguler ,Aman
PRD-22598,43,38.0,21.0,142000,Ya,Blok A,Premium,Aman
PRD-22391,324,46.0,25.0,184000,Tidak,Blok C,REGULER,Backorder
PRD-67016,390,6.0,3.0,263000,Tidak,Blok A,premium ,Aman
PRD-63625,491,7.0,7.0,145000,Ya,Blok C,Reguler,Aman
PRD-43691,89,18.0,8.0,38000,Tidak,Blok B,premium ,Aman
PRD-93583,69,10.0,11.0,128000,Tidak,Blok B,Premium,Menipis
PRD-22866,318,44.0,26.0,210000,Ya,Blok B,premium ,Backorder
PRD-40815,42,41.0,23.0,136000,Ya,Blok B,Premium,Backorder
PRD-87339,359,12.0,7.0,281000,Ya,Blok B,REGULER,Aman
PRD-44986,395,22.0,4.0,304000,Ya,Blok A,Premium,Aman
PRD-86411,422,15.0,21.0,129000,Ya,Blok A,Premium,Backorder
PRD-92956,475,37.0,13.0,60000,Tidak,Blok B,Premium,Aman
PRD-70815,269,47.0,15.0,345000,Tidak,Blok A, reguler ,Backorder
PRD-45634,488,45.0,23.0,219000,Tidak,Blok B,Reguler,Backorder
PRD-77863,375,35.0,5.0,125000,Ya,Blok C,Reguler,Backorder
PRD-21871,5,19.0,10.0,230000,Tidak,Blok B,REGULER,Backorder
PRD-63639,49,29.0,28.0,369000,Tidak,Blok A,Reguler,Backorder
PRD-11067,276,42.0,25.0,478000,Ya,Blok A,Reguler,Backorder
PRD-55765,449,9.0,10.0,417000,Tidak,Blok A,REGULER,Aman
PRD-75095,19,34.0,10.0,96000,Ya,Blok C,Reguler,Backorder
PRD-14078,175,13.0,7.0,459000,Tidak,Blok B,Reguler,Aman
PRD-13293,451,6.0,9.0,19000,Ya,Blok C, reguler ,Aman
PRD-35298,95,34.0,27.0,132000,Tidak,Blok B,Reguler,Backorder
PRD-14581,94,17.0,7.0,287000,Ya,Blok B,Reguler,Menipis
PRD-99272,449,31.0,5.0,314000,Tidak,Blok B,Reguler,Aman
PRD-30601,42,13.0,4.0,412000,Ya,Blok C, reguler ,Aman
PRD-86215,90,11.0,20.0,27000,Ya,Blok A,Premium,Backorder
PRD-22453,400,37.0,26.0,158000,Tidak,Blok A,Reguler,Backorder
PRD-12573,146,17.0,3.0,298000,Tidak,Blok C,premium ,Aman
PRD-26905,80,7.0,11.0,141000,Tidak,Blok B,REGULER,Menipis
PRD-20014,381,,15.0,382000,Ya,Blok C,Reguler,Backorder
PRD-54629,418,37.0,8.0,240000,Ya,Blok C, reguler ,Aman
PRD-26279,14,26.0,11.0,14000,Tidak,Blok B,REGULER,Menipis
PRD-79521,22,43.0,12.0,270000,Tidak,Blok A,premium ,Backorder
PRD-22632,330,44.0,9.0,214000,Tidak,Blok A,Reguler,Backorder
PRD-46132,257,19.0,13.0,161000,Tidak,Blok C,Premium,Backorder
PRD-59112,292,,9.0,226000,Ya,Blok A,Premium,Aman
PRD-52291,455,26.0,19.0,49000,Ya,Blok C,Reguler,Menipis
PRD-36997,343,14.0,29.0,77000,Ya,Blok A, reguler ,Backorder
PRD-44531,77,48.0,13.0,414000,Tidak,Blok A,Reguler,Backorder
PRD-67775,115,30.0,6.0,223000,Tidak,Blok A, reguler ,Backorder
PRD-15655,368,21.0,29.0,212000,Ya,Blok C,Premium,Backorder
PRD-21357,412,29.0,3.0,36000,Tidak,Blok B,Reguler,Aman
PRD-49041,463,7.0,18.0,86000,Tidak,Blok A,premium ,Aman
PRD-16749,221,29.0,2.0,167000,Tidak,Blok A,Reguler,Aman
PRD-38481,403,36.0,7.0,170000,Ya,Blok A,Premium,Aman
PRD-96064,170,8.0,29.0,425000,Tidak,Blok C,REGULER,Backorder
PRD-10769,170,38.0,21.0,134000,Tidak,Blok A,REGULER,Menipis
PRD-59252,76,16.0,17.0,139000,Tidak,Blok B,Premium,Aman
PRD-16026,88,21.0,12.0,151000,Tidak,Blok C,premium ,Backorder
PRD-55017,423,,19.0,139000,Tidak,Blok B,REGULER,Backorder
PRD-96661,47,25.0,999.0,242000,Tidak,Blok C,Premium,Menipis
PRD-94664,42,23.0,24.0,162000,Tidak,Blok C,Reguler,Backorder
PRD-32161,123,23.0,15.0,272000,Tidak,Blok B,REGULER,Backorder
PRD-89360,135,32.0,14.0,499000,Tidak,Blok C,Premium,Backorder
PRD-59768,111,,12.0,354000,Tidak,Blok B,premium ,Menipis
PRD-89818,48,3.0,3.0,416000,Tidak,Blok B,REGULER,Aman
PRD-53894,43,15.0,8.0,124000,Tidak,Blok A,Reguler,Aman
PRD-87853,309,32.0,27.0,481000,Tidak,Blok C,premium ,Backorder
PRD-86272,130,42.0,14.0,473000,Tidak,Blok C,Reguler,Backorder
PRD-95445,287,35.0,19.0,398000,Tidak,Blok C,premium ,Backorder
PRD-80293,145,42.0,15.0,113000,Tidak,Blok B,Reguler,Backorder
PRD-24549,342,48.0,29.0,466000,Tidak,Blok A, reguler ,Menipis
PRD-83869,14,31.0,2.0,84000,Tidak,Blok A,Reguler,Backorder
PRD-10515,109,17.0,9.0,118000,Tidak,Blok A,Reguler,Backorder
PRD-37413,494,31.0,7.0,185000,Tidak,Blok C,premium ,Aman
PRD-92839,393,21.0,2.0,113000,Tidak,Blok B,Premium,Aman
PRD-91099,96,10.0,10.0,409000,Tidak,Blok B,REGULER,Menipis
PRD-36572,57,10.0,20.0,486000,Tidak,Blok B, reguler ,Backorder
PRD-56940,179,31.0,3.0,140000,Ya,Blok B,Reguler,Menipis
PRD-33472,190,9.0,21.0,347000,Tidak,Blok C,Reguler,Backorder
PRD-27279,418,17.0,14.0,298000,Tidak,Blok A,Reguler,Aman
PRD-39714,390,4.0,25.0,469000,Tidak,Blok C,Premium,Aman
PRD-91623,134,41.0,15.0,415000,Tidak,Blok A, reguler ,Menipis
PRD-34309,106,39.0,6.0,125000,Ya,Blok C,Premium,Backorder
PRD-11620,311,5.0,17.0,327000,Ya,Blok A,Premium,Aman
PRD-77906,120,36.0,11.0,458000,Ya,Blok C, reguler ,Menipis
PRD-42441,333,4.0,4.0,294000,Tidak,Blok A, reguler ,Aman
PRD-18680,446,10.0,19.0,217000,Tidak,Blok B, reguler ,Aman
PRD-27685,108,42.0,15.0,36000,Tidak,Blok B,REGULER,Backorder
PRD-39033,3,,28.0,83000,Tidak,Blok C,Reguler,Backorder
PRD-42551,66,36.0,14.0,315000,Tidak,Blok B,premium ,Backorder
PRD-19930,122,41.0,28.0,316000,Ya,Blok A,premium ,Menipis
PRD-62137,318,48.0,29.0,254000,Tidak,Blok A,Premium,Backorder
PRD-24016,455,39.0,7.0,369000,Tidak,Blok C,REGULER,Menipis
PRD-43270,122,48.0,15.0,46000,Tidak,Blok B,Reguler,Backorder
PRD-41349,31,44.0,8.0,248000,Tidak,Blok B,premium ,Menipis
PRD-86025,16,42.0,13.0,54000,Tidak,Blok C, reguler ,Backorder
PRD-19824,462,27.0,29.0,345000,Tidak,Blok A,REGULER,Menipis
PRD-34700,258,39.0,11.0,472000,Tidak,Blok A,Premium,Backorder
PRD-56250,16,6.0,8.0,192000,Ya,Blok A,REGULER,Menipis
PRD-53258,129,45.0,12.0,282000,Tidak,Blok C,REGULER,Backorder
PRD-84231,389,18.0,20.0,275000,Tidak,Blok B,Reguler,Menipis
PRD-86274,114,42.0,27.0,219000,Ya,Blok B,Premium,Backorder
PRD-43367,305,21.0,26.0,69000,Tidak,Blok A,Reguler,Backorder
PRD-77649,90,3.0,6.0,271000,Tidak,Blok B,premium ,Menipis
PRD-50097,487,4.0,27.0,284000,Tidak,Blok A,premium ,Aman
PRD-84290,111,43.0,4.0,60000,Tidak,Blok A,premium ,Backorder
PRD-32335,390,5.0,17.0,442000,Tidak,Blok C,premium ,Aman
PRD-83551,18,6.0,16.0,105000,Ya,Blok A,Premium,Backorder
PRD-19425,231,39.0,4.0,438000,Tidak,Blok A, reguler ,Aman
PRD-52460,261,,12.0,159000,Ya,Blok A,premium ,Menipis
PRD-54516,418,38.0,27.0,124000,Tidak,Blok C,Reguler,Backorder
PRD-13890,168,14.0,12.0,438000,Tidak,Blok A,Reguler,Aman
PRD-28170,499,27.0,27.0,207000,Ya,Blok A,Reguler,Backorder
PRD-72502,3,19.0,2.0,39000,Tidak,Blok A,REGULER,Backorder
PRD-99874,130,45.0,8.0,262000,Ya,Blok B,Reguler,Backorder
PRD-61413,227,21.0,6.0,437000,Tidak,Blok C,Premium,Aman
PRD-47207,196,31.0,8.0,122000,Tidak,Blok C, reguler ,Menipis
PRD-64387,375,,999.0,109000,Tidak,Blok B,premium ,Backorder
PRD-55278,17,,23.0,375000,Tidak,Blok C,REGULER,Backorder
PRD-93251,77,6.0,14.0,161000,Tidak,Blok A, reguler ,Menipis
PRD-33398,298,42.0,4.0,155000,Tidak,Blok A,REGULER,Aman
PRD-86067,416,35.0,6.0,314000,Ya,Blok C,Reguler,Aman
PRD-15542,240,34.0,21.0,318000,Ya,Blok B,Reguler,Backorder
PRD-67623,311,42.0,15.0,341000,Tidak,Blok C, reguler ,Backorder
PRD-90730,311,10.0,13.0,140000,Tidak,Blok A,premium ,Aman
PRD-19088,72,37.0,27.0,224000,Tidak,Blok C,premium ,Backorder
PRD-51874,486,32.0,27.0,138000,Tidak,Blok B,REGULER,Aman
PRD-62347,64,33.0,6.0,317000,Tidak,Blok B,premium ,Aman
PRD-96231,366,37.0,16.0,75000,Ya,Blok B,Premium,Backorder
PRD-30823,453,29.0,2.0,38000,Tidak,Blok C,Premium,Aman
PRD-69099,489,24.0,5.0,13000,Tidak,Blok C,Premium,Aman
PRD-65922,112,27.0,10.0,17000,Ya,Blok B,Reguler,Backorder
PRD-80429,144,37.0,11.0,255000,Tidak,Blok A,Premium,Backorder
PRD-53541,258,9.0,18.0,309000,Tidak,Blok C,Reguler,Aman
PRD-88257,145,27.0,5.0,31000,Ya,Blok B,premium ,Backorder
PRD-79165,14,46.0,17.0,163000,Tidak,Blok A,premium ,Backorder
PRD-22087,155,3.0,8.0,192000,Tidak,Blok B,REGULER,Aman
PRD-56418,102,26.0,2.0,328000,Tidak,Blok B,premium ,Aman
PRD-11524,3,45.0,6.0,50000,Tidak,Blok A,Reguler,Backorder
PRD-28297,394,12.0,2.0,72000,Ya,Blok B,Reguler,Aman
PRD-64149,87,31.0,6.0,493000,Tidak,Blok C,Premium,Backorder
PRD-96988,456,11.0,14.0,423000,Ya,Blok C,Reguler,Aman
PRD-77560,334,1.0,27.0,422000,Tidak,Blok A,REGULER,Aman
PRD-62327,382,12.0,22.0,116000,Ya,Blok C,Premium,Aman
PRD-89415,71,22.0,9.0,210000,Ya,Blok A,Premium,Backorder
PRD-96134,79,23.0,12.0,286000,Tidak,Blok A, reguler ,Menipis
PRD-32787,344,42.0,26.0,63000,Tidak,Blok B, reguler ,Backorder
PRD-46373,186,49.0,5.0,24000,Tidak,Blok C,premium ,Aman
PRD-26709,20,19.0,13.0,342000,Tidak,Blok A,Premium,Menipis
PRD-91686,389,16.0,29.0,356000,Tidak,Blok A,Reguler,Menipis
PRD-16984,387,18.0,,278000,Ya,Blok B,Reguler,Backorder
PRD-32115,314,29.0,25.0,37000,Tidak,Blok B,REGULER,Backorder
PRD-69353,325,16.0,14.0,130000,Ya,Blok A,Premium,Aman
PRD-64530,194,46.0,15.0,479000,Ya,Blok A, reguler ,Menipis
PRD-26569,10,39.0,11.0,212000,Tidak,Blok B,Reguler,Backorder
PRD-34815,188,47.0,9.0,242000,Tidak,Blok B,Reguler,Aman
PRD-72601,62,19.0,12.0,200000,Tidak,Blok A, reguler ,Backorder
PRD-28157,414,18.0,28.0,328000,Tidak,Blok A,REGULER,Menipis
PRD-84283,457,25.0,21.0,140000,Tidak,Blok A,Premium,Menipis
PRD-47892,138,24.0,4.0,159000,Tidak,Blok B, reguler ,Menipis
PRD-71920,443,16.0,12.0,339000,Tidak,Blok A,premium ,Aman
PRD-63205,301,,13.0,303000,Tidak,Blok C,REGULER,Aman
PRD-65761,240,40.0,,399000,Tidak,Blok A,REGULER,Aman
PRD-74612,467,22.0,19.0,344000,Ya,Blok A,Reguler,Backorder
PRD-45179,308,31.0,28.0,378000,Ya,Blok B,Premium,Backorder
PRD-78703,66,19.0,13.0,33000,Tidak,Blok A,Premium,Backorder
PRD-51798,414,25.0,9.0,14000,Tidak,Blok A,Reguler,Backorder
PRD-45897,199,44.0,19.0,470000,Tidak,Blok A,Premium,Backorder
PRD-32015,144,15.0,9.0,443000,Tidak,Blok C,REGULER,Backorder
PRD-23587,259,12.0,13.0,365000,Ya,Blok B,Premium,Menipis
PRD-10717,229,13.0,19.0,273000,Ya,Blok A,Reguler,Backorder
PRD-11560,295,35.0,5.0,355000,Ya,Blok B, reguler ,Aman
PRD-57085,329,3.0,24.0,446000,Ya,Blok B,Reguler,Aman
PRD-47361,494,3.0,25.0,495000,Ya,Blok C,REGULER,Aman
PRD-12244,479,41.0,27.0,289000,Tidak,Blok C,Premium,Menipis
PRD-78827,270,16.0,20.0,374000,Tidak,Blok B,Premium,Backorder
PRD-47194,395,10.0,9.0,113000,Tidak,Blok B,Premium,Aman
PRD-21929,293,18.0,23.0,119000,Tidak,Blok B,Reguler,Backorder
PRD-49023,411,10.0,23.0,146000,Ya,Blok B,Reguler,Aman
PRD-25620,221,23.0,28.0,52000,Tidak,Blok A,REGULER,Backorder
PRD-40386,130,17.0,4.0,218000,Tidak,Blok B,REGULER,Menipis
PRD-33283,357,,8.0,280000,Ya,Blok A, reguler ,Aman
PRD-46845,54,33.0,3.0,96000,Tidak,Blok B,Reguler,Aman
PRD-51615,269,31.0,21.0,329000,Ya,Blok A, reguler ,Menipis
PRD-74648,206,33.0,17.0,476000,Tidak,Blok A,Reguler,Menipis
PRD-27862,456,22.0,27.0,287000,Tidak,Blok A,premium ,Backorder
PRD-24249,159,15.0,19.0,87000,Tidak,Blok B,premium ,Backorder
PRD-34704,98,44.0,13.0,394000,Tidak,Blok A,REGULER,Backorder
PRD-54134,197,2.0,999.0,476000,Ya,Blok A,premium ,Aman
PRD-46212,258,8.0,9.0,477000,Ya,Blok A,REGULER,Aman
PRD-63969,61,,23.0,286000,Tidak,Blok C,Premium,Backorder
PRD-48192,406,14.0,18.0,183000,Ya,Blok A, reguler ,Aman
PRD-78771,472,15.0,3.0,338000,Tidak,Blok C,premium ,Aman
PRD-81051,37,27.0,15.0,179000,Ya,Blok B,premium ,Backorder
PRD-33840,453,43.0,24.0,169000,Tidak,Blok C, reguler ,Backorder
PRD-77381,21,42.0,6.0,375000,Tidak,Blok A,premium ,Menipis
PRD-13744,458,42.0,16.0,265000,Ya,Blok A,Premium,Menipis
PRD-39299,1,21.0,21.0,407000,Ya,Blok B,premium ,Menipis
PRD-55648,340,9.0,20.0,459000,Tidak,Blok B,Premium,Aman
PRD-57006,238,3.0,26.0,464000,Tidak,Blok A, reguler ,Aman
PRD-58821,195,32.0,28.0,457000,Tidak,Blok A, reguler ,Backorder
PRD-96612,146,7.0,,390000,Tidak,Blok B,premium ,Aman
PRD-14055,313,28.0,16.0,72000,Ya,Blok B, reguler ,Backorder
PRD-11462,50,6.0,17.0,428000,Ya,Blok A,Premium,Menipis
PRD-22916,206,15.0,25.0,488000,Tidak,Blok A,Premium,Backorder
PRD-36206,67,35.0,9.0,284000,Ya,Blok A,REGULER,Menipis
PRD-24973,201,47.0,2.0,120000,Tidak,Blok C,Reguler,Menipis
PRD-31292,30,22.0,20.0,428000,Ya,Blok C,REGULER,Backorder
PRD-50542,84,9.0,9.0,10000,Tidak,Blok A,Reguler,Menipis
PRD-42875,322,20.0,29.0,164000,Tidak,Blok B,premium ,Backorder
PRD-26237,413,34.0,11.0,281000,Tidak,Blok A,Reguler,Aman
PRD-72888,298,46.0,21.0,406000,Tidak,Blok A, reguler ,Backorder
PRD-82467,352,,11.0,142000,Tidak,Blok A,REGULER,Menipis
PRD-10235,492,24.0,26.0,341000,Ya,Blok B,REGULER,Menipis
PRD-26363,369,36.0,5.0,474000,Tidak,Blok C,premium ,Menipis
PRD-60460,148,13.0,4.0,299000,Ya,Blok A, reguler ,Aman
PRD-16533,471,12.0,27.0,476000,Ya,Blok B,premium ,Menipis
PRD-29830,293,37.0,,255000,Ya,Blok C,Premium,Menipis
PRD-22991,57,43.0,8.0,11000,Tidak,Blok A, reguler ,Backorder
PRD-11079,402,37.0,23.0,456000,Tidak,Blok C,Reguler,Backorder
PRD-52832,495,21.0,26.0,417000,Ya,Blok A,Reguler,Aman
PRD-89054,10,,17.0,448000,Ya,Blok A,Reguler,Backorder
PRD-97154,380,32.0,2.0,276000,Tidak,Blok C, reguler ,Aman
PRD-59954,70,40.0,12.0,120000,Ya,Blok C,Premium,Aman
PRD-29870,303,13.0,5.0,452000,Tidak,Blok B,premium ,Aman
PRD-61831,154,35.0,12.0,83000,Ya,Blok B, reguler ,Backorder
PRD-31061,186,13.0,20.0,14000,Ya,Blok B,Premium,Backorder
PRD-20886,55,,26.0,346000,Tidak,Blok C,REGULER,Backorder
PRD-50718,70,23.0,29.0,11000,Tidak,Blok B,premium ,Backorder
PRD-16397,448,,28.0,348000,Tidak,Blok C,Premium,Menipis
PRD-55929,327,8.0,18.0,402000,Tidak,Blok A, reguler ,Aman
PRD-19046,258,6.0,15.0,425000,Tidak,Blok C,Reguler,Aman
PRD-22323,380,,,491000,Tidak,Blok B, reguler ,Menipis
PRD-12356,446,23.0,11.0,198000,Tidak,Blok B,Reguler,Menipis
PRD-77065,143,,26.0,383000,Tidak,Blok C, reguler ,Backorder
PRD-86981,47,15.0,14.0,194000,Tidak,Blok B, reguler ,Backorder
PRD-94577,58,12.0,24.0,348000,Tidak,Blok B,Reguler,Backorder
PRD-35570,237,37.0,26.0,146000,Ya,Blok B,premium ,Backorder
PRD-59879,215,30.0,5.0,451000,Tidak,Blok B, reguler ,Menipis
PRD-96710,52,33.0,22.0,304000,Tidak,Blok C,Reguler,Menipis
PRD-72712,296,20.0,21.0,43000,Ya,Blok A,premium ,Backorder
PRD-38141,440,23.0,6.0,303000,Ya,Blok B,Reguler,Menipis
PRD-76842,356,11.0,22.0,230000,Tidak,Blok C,REGULER,Aman
PRD-42624,381,38.0,13.0,233000,Tidak,Blok B, reguler ,Backorder
PRD-18577,457,32.0,6.0,415000,Ya,Blok B,REGULER,Aman
PRD-57176,182,48.0,6.0,238000,Tidak,Blok A, reguler ,Backorder
PRD-67132,411,23.0,16.0,269000,Tidak,Blok B, reguler ,Backorder
PRD-33345,411,19.0,7.0,424000,Tidak,Blok A,premium ,Aman
PRD-47641,203,11.0,6.0,316000,Tidak,Blok B,Premium,Aman
PRD-30991,369,46.0,4.0,194000,Ya,Blok C, reguler ,Aman
PRD-83889,284,47.0,29.0,415000,Tidak,Blok C,premium ,Backorder
PRD-77313,428,34.0,11.0,229000,Ya,Blok C,Reguler,Menipis
PRD-25792,164,13.0,14.0,273000,Tidak,Blok B,premium ,Backorder
PRD-33177,401,4.0,29.0,253000,Tidak,Blok B,Reguler,Aman
PRD-38529,96,13.0,27.0,368000,Tidak,Blok C, reguler ,Backorder
PRD-50750,433,46.0,28.0,113000,Tidak,Blok A, reguler ,Menipis
PRD-16553,279,17.0,19.0,405000,Tidak,Blok B,Reguler,Menipis
PRD-33196,22,38.0,,205000,Tidak,Blok B,Reguler,Backorder
PRD-59052,88,46.0,5.0,98000,Ya,Blok B, reguler ,Menipis
PRD-68017,428,39.0,16.0,45000,Ya,Blok C, reguler ,Backorder
PRD-18711,198,25.0,3.0,362000,Tidak,Blok C, reguler ,Menipis
PRD-11401,475,30.0,15.0,376000,Tidak,Blok B,REGULER,Menipis
PRD-18656,129,13.0,16.0,398000,Ya,Blok A,REGULER,Backorder
PRD-35135,208,48.0,27.0,75000,Tidak,Blok C,Premium,Backorder
PRD-98771,468,2.0,12.0,383000,Tidak,Blok B,Premium,Aman
PRD-54648,397,10.0,14.0,177000,Tidak,Blok A,premium ,Aman
PRD-29096,78,26.0,12.0,393000,Tidak,Blok A,REGULER,Menipis
PRD-38906,166,,20.0,440000,Tidak,Blok C,Reguler,Backorder
PRD-67939,451,31.0,26.0,156000,Tidak,Blok C, reguler ,Backorder
PRD-27862,51,49.0,19.0,428000,Tidak,Blok C, reguler ,Menipis
PRD-95711,484,47.0,8.0,190000,Tidak,Blok B,REGULER,Aman
PRD-18712,100,1.0,20.0,411000,Tidak,Blok B,Premium,Aman
PRD-59549,443,,28.0,257000,Tidak,Blok C,Reguler,Aman
PRD-83698,463,20.0,22.0,300000,Tidak,Blok C, reguler ,Aman
PRD-29464,179,8.0,16.0,305000,Tidak,Blok A,Premium,Aman
PRD-52828,1,1.0,13.0,473000,Tidak,Blok C,REGULER,Backorder
PRD-65355,66,30.0,9.0,197000,Tidak,Blok B,premium ,Menipis
PRD-52137,25,18.0,10.0,440000,Ya,Blok B,premium ,Backorder
PRD-39877,179,35.0,19.0,375000,Ya,Blok A, reguler ,Backorder
PRD-46674,369,49.0,11.0,339000,Tidak,Blok B,Reguler,Backorder
PRD-64962,39,28.0,10.0,288000,Ya,Blok C,REGULER,Backorder
PRD-26523,77,46.0,12.0,489000,Tidak,Blok C,Reguler,Backorder
PRD-76770,386,30.0,6.0,164000,Tidak,Blok B, reguler ,Aman
PRD-14886,43,9.0,22.0,260000,Ya,Blok B, reguler ,Backorder
PRD-98913,170,40.0,6.0,386000,Tidak,Blok C, reguler ,Backorder
PRD-14837,307,4.0,11.0,410000,Tidak,Blok B,premium ,Menipis
PRD-29731,446,38.0,22.0,315000,Ya,Blok B,REGULER,Menipis
PRD-71710,164,5.0,24.0,260000,Tidak,Blok A, reguler ,Aman
PRD-54049,307,19.0,19.0,425000,Tidak,Blok B, reguler ,Backorder
PRD-92234,474,3.0,21.0,51000,Tidak,Blok C,Reguler,Aman
PRD-12382,218,41.0,25.0,430000,Tidak,Blok A,Premium,Backorder
PRD-18061,124,19.0,7.0,435000,Tidak,Blok B, reguler ,Menipis
PRD-95177,297,20.0,13.0,262000,Tidak,Blok A,Premium,Aman
PRD-52261,191,19.0,21.0,323000,Tidak,Blok C, reguler ,Backorder
PRD-92027,409,18.0,999.0,231000,Ya,Blok A,REGULER,Aman
PRD-83745,457,16.0,19.0,61000,Tidak,Blok C,Reguler,Aman
PRD-88118,347,17.0,6.0,201000,Tidak,Blok A,premium ,Aman
PRD-10260,444,30.0,4.0,459000,Ya,Blok A,REGULER,Aman
PRD-98478,33,28.0,27.0,331000,Ya,Blok B,Reguler,Backorder
PRD-56733,315,44.0,11.0,452000,Tidak,Blok A,Reguler,Backorder
PRD-62188,258,22.0,16.0,403000,Tidak,Blok B,Reguler,Backorder
PRD-11252,388,12.0,25.0,352000,Tidak,Blok C,premium ,Aman
PRD-76899,191,14.0,12.0,219000,Tidak,Blok A,REGULER,Menipis
PRD-63015,459,9.0,23.0,120000,Tidak,Blok A,REGULER,Aman
PRD-42314,12,33.0,18.0,338000,Ya,Blok B,REGULER,Backorder
PRD-89401,448,14.0,22.0,350000,Tidak,Blok A, reguler ,Aman
PRD-39873,142,29.0,20.0,153000,Tidak,Blok B,Reguler,Menipis
PRD-74210,449,46.0,11.0,293000,Ya,Blok C,REGULER,Backorder
PRD-71822,282,6.0,23.0,262000,Tidak,Blok C,Reguler,Aman
PRD-79487,490,30.0,24.0,491000,Tidak,Blok A,Premium,Menipis
PRD-45919,351,28.0,24.0,118000,Tidak,Blok B, reguler ,Backorder
PRD-97388,50,17.0,5.0,148000,Ya,Blok A,REGULER,Aman
PRD-62115,72,3.0,19.0,173000,Tidak,Blok A,Reguler,Menipis
PRD-61631,245,17.0,29.0,56000,Tidak,Blok B,Reguler,Backorder
PRD-99796,351,7.0,17.0,24000,Tidak,Blok B,Premium,Aman
PRD-60799,406,5.0,16.0,238000,Tidak,Blok B,Reguler,Aman
PRD-88012,409,33.0,2.0,361000,Tidak,Blok B,Reguler,Backorder
PRD-83844,116,,28.0,30000,Tidak,Blok A,Premium,Backorder
PRD-13659,344,9.0,28.0,58000,Tidak,Blok B, reguler ,Aman
PRD-16791,269,9.0,28.0,27000,Tidak,Blok C,Premium,Menipis
PRD-77165,423,35.0,6.0,174000,Tidak,Blok B,Reguler,Aman
PRD-68829,219,,17.0,212000,Ya,Blok C,Premium,Backorder
PRD-76983,201,30.0,21.0,301000,Tidak,Blok A,Premium,Backorder
PRD-96740,140,2.0,7.0,488000,Ya,Blok A, reguler ,Aman
PRD-70653,397,37.0,16.0,415000,Ya,Blok B,Reguler,Menipis
PRD-31352,432,14.0,20.0,223000,Tidak,Blok B,Reguler,Aman
PRD-14150,300,18.0,7.0,29000,Tidak,Blok B, reguler ,Aman
PRD-21319,376,42.0,18.0,403000,Ya,Blok C,REGULER,Backorder
PRD-54148,231,17.0,20.0,472000,Tidak,Blok C,Reguler,Backorder
PRD-93186,282,16.0,20.0,141000,Tidak,Blok C, reguler ,Menipis
PRD-62116,216,46.0,24.0,396000,Tidak,Blok A,premium ,Backorder
PRD-24116,0,39.0,8.0,125000,Tidak,Blok B,premium ,Menipis
PRD-29323,382,42.0,3.0,330000,Ya,Blok C,Premium,Aman
PRD-70430,99,42.0,11.0,374000,Tidak,Blok C, reguler ,Backorder
PRD-30128,185,12.0,12.0,32000,Tidak,Blok C, reguler ,Aman
PRD-84968,427,20.0,5.0,78000,Tidak,Blok A,premium ,Aman
PRD-56403,350,27.0,15.0,56000,Ya,Blok C,Reguler,Backorder
PRD-55227,411,6.0,20.0,234000,Tidak,Blok A,premium ,Aman
PRD-15752,195,35.0,2.0,61000,Tidak,Blok C,Premium,Menipis
PRD-25728,110,11.0,3.0,23000,Tidak,Blok C,Premium,Aman
PRD-16704,330,16.0,4.0,243000,Tidak,Blok A,Premium,Aman
PRD-63173,330,27.0,21.0,484000,Tidak,Blok C,REGULER,Backorder
PRD-67108,473,13.0,23.0,27000,Tidak,Blok B, reguler ,Menipis
PRD-44077,43,26.0,18.0,324000,Ya,Blok A,Reguler,Backorder
PRD-57299,288,45.0,21.0,53000,Tidak,Blok C,premium ,Backorder
PRD-83469,344,22.0,27.0,452000,Tidak,Blok B, reguler ,Backorder
PRD-46397,352,20.0,8.0,391000,Tidak,Blok A,Reguler,Aman
PRD-91395,135,12.0,12.0,39000,Tidak,Blok B,Reguler,Aman
PRD-75873,367,15.0,8.0,53000,Tidak,Blok C,Reguler,Aman
PRD-11909,417,49.0,23.0,456000,Ya,Blok B,premium ,Menipis
PRD-59708,197,2.0,18.0,497000,Ya,Blok C,REGULER,Aman
PRD-20382,107,40.0,999.0,95000,Tidak,Blok A,premium ,Backorder
PRD-20974,364,20.0,2.0,161000,Ya,Blok C, reguler ,Aman
PRD-40984,390,21.0,2.0,280000,Ya,Blok A,premium ,Aman
PRD-42788,38,23.0,21.0,440000,Tidak,Blok B,REGULER,Backorder
PRD-60278,14,8.0,4.0,250000,Ya,Blok B,Premium,Backorder
PRD-83150,239,49.0,23.0,123000,Tidak,Blok C,premium ,Aman
PRD-10015,422,7.0,21.0,74000,Tidak,Blok B,Reguler,Backorder
PRD-17248,2,29.0,21.0,109000,Tidak,Blok A,REGULER,Menipis
PRD-90674,282,3.0,16.0,98000,Ya,Blok A,premium ,Aman
PRD-74016,437,15.0,17.0,134000,Tidak,Blok B,REGULER,Aman
PRD-13598,352,44.0,26.0,470000,Ya,Blok A,Reguler,Backorder
PRD-31446,16,31.0,16.0,200000,Tidak,Blok A,Reguler,Backorder
PRD-49516,209,5.0,,78000,Tidak,Blok C,REGULER,Aman
PRD-91072,25,29.0,29.0,376000,Ya,Blok A,REGULER,Backorder
PRD-90077,77,22.0,5.0,427000,Tidak,Blok B, reguler ,Backorder
PRD-58506,194,43.0,16.0,162000,Tidak,Blok A,REGULER,Menipis
PRD-70926,482,39.0,5.0,25000,Ya,Blok C,Reguler,Backorder
PRD-44485,403,37.0,12.0,38000,Ya,Blok A,REGULER,Menipis
PRD-85147,55,36.0,18.0,59000,Ya,Blok A, reguler ,Backorder
PRD-60665,467,47.0,3.0,107000,Ya,Blok A,Reguler,Menipis
PRD-76226,9,49.0,11.0,288000,Tidak,Blok A, reguler ,Backorder
PRD-35146,435,42.0,23.0,323000,Tidak,Blok A,REGULER,Menipis
PRD-65161,127,,7.0,171000,Ya,Blok B,REGULER,Menipis
PRD-35051,304,29.0,13.0,479000,Tidak,Blok C,Premium,Backorder
PRD-82124,406,23.0,10.0,423000,Tidak,Blok B,Premium,Aman
PRD-33097,474,9.0,27.0,334000,Ya,Blok C, reguler ,Aman
PRD-24209,346,37.0,28.0,386000,Tidak,Blok A,premium ,Backorder
PRD-98095,392,17.0,5.0,97000,Tidak,Blok A,Reguler,Aman
PRD-39189,168,21.0,19.0,430000,Ya,Blok A,Premium,Backorder
PRD-26371,468,,13.0,347000,Ya,Blok B,premium ,Aman
PRD-29190,469,49.0,13.0,98000,Tidak,Blok B,premium ,Backorder
PRD-41746,61,29.0,10.0,278000,Tidak,Blok A,premium ,Backorder
PRD-31725,313,38.0,20.0,475000,Tidak,Blok C,Reguler,Backorder
PRD-22026,318,46.0,999.0,260000,Tidak,Blok A,REGULER,Aman
PRD-15530,438,6.0,,178000,Tidak,Blok A,premium ,Aman
PRD-82545,439,20.0,7.0,306000,Tidak,Blok B,Reguler,Menipis
PRD-52733,232,8.0,3.0,335000,Ya,Blok C,Reguler,Aman
PRD-29122,451,4.0,14.0,405000,Tidak,Blok A,Premium,Aman
PRD-87834,226,32.0,7.0,129000,Ya,Blok A,Reguler,Menipis
PRD-16828,76,18.0,10.0,284000,Tidak,Blok A, reguler ,Menipis
PRD-60690,204,44.0,999.0,343000,Tidak,Blok C,REGULER,Backorder
PRD-85948,367,35.0,12.0,269000,Ya,Blok A,REGULER,Menipis
PRD-29394,130,22.0,28.0,77000,Tidak,Blok A,REGULER,Backorder
PRD-39134,128,23.0,21.0,93000,Ya,Blok C, reguler ,Backorder
PRD-43005,181,22.0,20.0,52000,Ya,Blok A,Premium,Backorder
PRD-81344,239,45.0,999.0,403000,Tidak,Blok C,premium ,Menipis
PRD-28594,126,10.0,28.0,477000,Tidak,Blok C, reguler ,Backorder
PRD-63932,52,49.0,8.0,204000,Tidak,Blok C,REGULER,Menipis
PRD-58664,133,30.0,18.0,403000,Tidak,Blok B,Reguler,Backorder
PRD-17008,263,26.0,14.0,66000,Ya,Blok C,Premium,Backorder
PRD-27653,433,44.0,29.0,295000,Tidak,Blok B,REGULER,Backorder
PRD-97412,342,43.0,27.0,74000,Ya,Blok A,REGULER,Backorder
PRD-94092,457,11.0,21.0,125000,Tidak,Blok C,REGULER,Aman
PRD-48725,130,16.0,10.0,370000,Tidak,Blok A,premium ,Aman
PRD-50461,433,33.0,11.0,229000,Tidak,Blok A,Reguler,Menipis
PRD-22720,409,14.0,29.0,433000,Ya,Blok C, reguler ,Backorder
PRD-24988,480,24.0,19.0,11000,Tidak,Blok C,Reguler,Backorder
PRD-30028,411,47.0,24.0,149000,Tidak,Blok C,premium ,Menipis
PRD-78187,197,7.0,19.0,457000,Tidak,Blok A,Premium,Aman
PRD-13650,248,16.0,15.0,31000,Tidak,Blok A,REGULER,Backorder
PRD-76554,186,24.0,9.0,249000,Ya,Blok C,Premium,Backorder
PRD-17377,246,5.0,4.0,497000,Ya,Blok B,Reguler,Aman
PRD-59111,405,41.0,12.0,347000,Tidak,Blok A,Reguler,Backorder
PRD-85787,291,34.0,5.0,90000,Tidak,Blok C,premium ,Aman
PRD-38295,428,3.0,10.0,436000,Ya,Blok B,Premium,Aman
PRD-39689,224,26.0,27.0,231000,Tidak,Blok C,Reguler,Backorder
PRD-61507,308,42.0,9.0,69000,Tidak,Blok A,premium ,Aman
PRD-86441,157,4.0,17.0,370000,Ya,Blok B,Reguler,Backorder
PRD-96055,14,46.0,7.0,179000,Ya,Blok C,Reguler,Menipis
PRD-75524,91,5.0,17.0,426000,Ya,Blok A,Premium,Backorder
PRD-97736,170,30.0,15.0,485000,Ya,Blok A, reguler ,Backorder
PRD-95824,334,32.0,7.0,200000,Tidak,Blok B,premium ,Aman
PRD-91051,368,39.0,18.0,479000,Tidak,Blok C,REGULER,Backorder
PRD-11105,92,4.0,28.0,86000,Ya,Blok A, reguler ,Menipis
PRD-37746,440,17.0,5.0,386000,Tidak,Blok A,Premium,Aman
PRD-50522,331,25.0,27.0,381000,Tidak,Blok C,Premium,Backorder
PRD-27868,421,41.0,9.0,126000,Tidak,Blok C,REGULER,Menipis
PRD-10193,374,20.0,28.0,223000,Ya,Blok B,REGULER,Backorder
PRD-40924,48,41.0,13.0,73000,Ya,Blok C, reguler ,Backorder
PRD-87088,103,24.0,16.0,64000,Tidak,Blok B,Reguler,Backorder
PRD-96655,237,44.0,19.0,396000,Ya,Blok C,premium ,Backorder
PRD-90738,124,39.0,10.0,473000,Tidak,Blok C,REGULER,Menipis
PRD-61924,340,7.0,18.0,404000,Tidak,Blok C,Reguler,Aman
PRD-32760,66,34.0,9.0,212000,Tidak,Blok A,REGULER,Menipis
PRD-43461,217,7.0,2.0,164000,Tidak,Blok A,REGULER,Aman
PRD-10358,211,43.0,10.0,398000,Ya,Blok B,Premium,Aman
PRD-24621,18,43.0,9.0,444000,Tidak,Blok C,Reguler,Backorder
PRD-59464,157,38.0,26.0,226000,Tidak,Blok B,Reguler,Menipis
PRD-91730,140,35.0,14.0,327000,Tidak,Blok A,REGULER,Backorder
PRD-19637,62,31.0,9.0,267000,Ya,Blok B,Premium,Backorder
PRD-34217,235,43.0,27.0,351000,Tidak,Blok C,REGULER,Backorder
PRD-72708,349,16.0,7.0,97000,Ya,Blok C,Premium,Aman
PRD-90083,340,48.0,13.0,358000,Tidak,Blok C, reguler ,Menipis
PRD-91932,139,21.0,2.0,186000,Tidak,Blok A, reguler ,Backorder
PRD-29971,308,15.0,9.0,435000,Tidak,Blok A, reguler ,Aman
PRD-75792,37,12.0,18.0,86000,Tidak,Blok A, reguler ,Backorder
PRD-77172,80,5.0,25.0,65000,Tidak,Blok C,REGULER,Backorder
PRD-95001,265,43.0,12.0,200000,Tidak,Blok A,Reguler,Menipis
PRD-15247,421,30.0,14.0,160000,Ya,Blok C,Premium,Aman
PRD-52929,189,40.0,23.0,499000,Tidak,Blok B,premium ,Backorder
PRD-46169,79,8.0,22.0,236000,Tidak,Blok C,premium ,Backorder
PRD-55532,145,15.0,20.0,265000,Tidak,Blok C,Premium,Backorder
PRD-66782,115,27.0,4.0,180000,Tidak,Blok B,Premium,Menipis
PRD-96890,243,3.0,5.0,341000,Tidak,Blok A, reguler ,Aman
PRD-39754,3,25.0,25.0,265000,Tidak,Blok B,REGULER,Backorder
PRD-27718,210,7.0,17.0,211000,Tidak,Blok A,premium ,Aman
PRD-10440,74,9.0,8.0,274000,Tidak,Blok A, reguler ,Menipis
PRD-85969,128,44.0,29.0,392000,Tidak,Blok A,Premium,Backorder
PRD-97193,266,45.0,14.0,350000,Ya,Blok B,Reguler,Backorder
PRD-13543,257,26.0,29.0,85000,Ya,Blok A, reguler ,Menipis
PRD-77969,241,1.0,2.0,183000,Ya,Blok B,REGULER,Aman
PRD-66892,369,49.0,26.0,53000,Tidak,Blok A, reguler ,Backorder
PRD-68005,245,13.0,26.0,163000,Ya,Blok A,Reguler,Backorder
PRD-42230,259,4.0,8.0,299000,Ya,Blok A,premium ,Aman
PRD-71993,328,16.0,29.0,455000,Tidak,Blok A,premium ,Backorder
PRD-14835,444,1.0,28.0,261000,Ya,Blok A, reguler ,Aman
PRD-45891,289,10.0,3.0,114000,Ya,Blok C,Premium,Aman
PRD-23666,221,24.0,29.0,65000,Tidak,Blok C,Premium,Backorder
PRD-70692,129,41.0,24.0,175000,Tidak,Blok A,Reguler,Aman
PRD-74442,107,17.0,29.0,87000,Ya,Blok B, reguler ,Backorder
PRD-43572,49,16.0,23.0,374000,Tidak,Blok A, reguler ,Backorder
PRD-36390,152,37.0,8.0,412000,Tidak,Blok A,Premium,Backorder
PRD-59177,300,11.0,19.0,462000,Tidak,Blok A,Reguler,Backorder
PRD-59390,284,21.0,29.0,74000,Ya,Blok A, reguler ,Backorder
PRD-57671,151,13.0,25.0,82000,Tidak,Blok A,REGULER,Backorder
PRD-84804,14,46.0,15.0,215000,Ya,Blok B,Premium,Backorder
PRD-34846,88,19.0,10.0,447000,Ya,Blok A,Premium,Backorder
PRD-72047,44,20.0,2.0,199000,Tidak,Blok C,REGULER,Menipis
PRD-66984,185,15.0,15.0,114000,Tidak,Blok A,Reguler,Aman
PRD-76697,284,,2.0,111000,Tidak,Blok C,Reguler,Menipis
PRD-83167,464,18.0,8.0,48000,Tidak,Blok A,REGULER,Aman
PRD-56798,329,10.0,5.0,127000,Tidak,Blok A,REGULER,Aman
PRD-29324,226,19.0,13.0,192000,Tidak,Blok B, reguler ,Menipis
PRD-70282,67,25.0,21.0,242000,Tidak,Blok B,Reguler,Backorder
PRD-67761,417,47.0,26.0,115000,Tidak,Blok A,REGULER,Backorder
PRD-27514,301,37.0,6.0,55000,Tidak,Blok C, reguler ,Aman
PRD-93468,148,8.0,5.0,477000,Tidak,Blok B,Reguler,Aman
PRD-11312,138,30.0,9.0,418000,Ya,Blok C,premium ,Backorder
PRD-26209,348,39.0,7.0,208000,Tidak,Blok A, reguler ,Menipis
PRD-78684,78,44.0,24.0,419000,Tidak,Blok B,Reguler,Menipis
PRD-47481,238,10.0,,228000,Tidak,Blok A,Premium,Menipis
PRD-37675,254,49.0,,449000,Ya,Blok C,REGULER,Menipis
PRD-69197,89,12.0,,23000,Tidak,Blok B,Reguler,Backorder
PRD-18210,136,21.0,2.0,479000,Tidak,Blok B,Reguler,Aman
PRD-52933,459,39.0,21.0,273000,Tidak,Blok B,Premium,Backorder
PRD-19076,62,36.0,12.0,174000,Tidak,Blok C, reguler ,Backorder
PRD-92152,292,34.0,21.0,371000,Ya,Blok B, reguler ,Backorder
PRD-81635,98,49.0,12.0,178000,Tidak,Blok A,Premium,Backorder
PRD-79963,386,1.0,19.0,409000,Ya,Blok B,Reguler,Aman
PRD-91061,372,33.0,29.0,89000,Tidak,Blok A,premium ,Menipis
PRD-75888,127,7.0,,47000,Tidak,Blok B,Reguler,Menipis
PRD-68328,45,38.0,28.0,334000,Tidak,Blok B,REGULER,Backorder
PRD-60986,254,20.0,16.0,200000,Tidak,Blok C,Reguler,Backorder
PRD-57204,18,41.0,7.0,33000,Tidak,Blok B,REGULER,Backorder
PRD-47643,269,43.0,2.0,334000,Tidak,Blok C,Reguler,Menipis
PRD-62648,6,1.0,15.0,181000,Ya,Blok B,Reguler,Aman
PRD-13626,60,24.0,23.0,173000,Tidak,Blok B,REGULER,Backorder
PRD-54262,460,36.0,24.0,304000,Tidak,Blok B, reguler ,Backorder
PRD-88714,431,36.0,11.0,413000,Ya,Blok C,REGULER,Menipis
PRD-64312,452,38.0,19.0,311000,Ya,Blok B,Reguler,Backorder
PRD-76262,111,17.0,9.0,397000,Tidak,Blok C, reguler ,Menipis
PRD-60599,63,9.0,15.0,465000,Ya,Blok A,REGULER,Backorder
PRD-19465,241,46.0,16.0,300000,Tidak,Blok B,premium ,Menipis
PRD-86298,428,18.0,11.0,479000,Ya,Blok B,premium ,Backorder
PRD-16154,252,46.0,3.0,31000,Tidak,Blok C,premium ,Aman
PRD-42828,227,44.0,22.0,466000,Tidak,Blok C, reguler ,Backorder
PRD-60672,372,5.0,16.0,256000,Tidak,Blok A,premium ,Aman
PRD-19001,239,3.0,6.0,342000,Tidak,Blok A,premium ,Aman
PRD-90742,370,14.0,2.0,351000,Tidak,Blok B, reguler ,Aman
PRD-60876,454,33.0,6.0,315000,Tidak,Blok C, reguler ,Aman
PRD-71268,397,30.0,5.0,352000,Ya,Blok B,Reguler,Menipis
PRD-96914,345,32.0,6.0,347000,Ya,Blok B,Reguler,Aman
PRD-22062,142,8.0,19.0,276000,Tidak,Blok C,Reguler,Backorder
PRD-49384,309,3.0,17.0,285000,Tidak,Blok B, reguler ,Aman
PRD-40492,143,18.0,,184000,Tidak,Blok B,Reguler,Aman
PRD-20748,482,28.0,26.0,406000,Tidak,Blok A,Reguler,Menipis
PRD-42955,128,36.0,19.0,393000,Tidak,Blok B,Premium,Backorder
PRD-38190,152,39.0,16.0,162000,Tidak,Blok A,premium ,Menipis
PRD-58889,49,,24.0,203000,Ya,Blok B,premium ,Backorder
PRD-45892,27,10.0,28.0,380000,Tidak,Blok A, reguler ,Backorder
PRD-33396,258,46.0,15.0,213000,Tidak,Blok C,REGULER,Backorder
PRD-89364,208,35.0,27.0,390000,Ya,Blok B,Reguler,Backorder
PRD-51979,50,25.0,17.0,471000,Ya,Blok B,Premium,Backorder
PRD-15867,139,17.0,11.0,300000,Tidak,Blok A,Premium,Backorder
PRD-12597,419,40.0,19.0,259000,Tidak,Blok A,REGULER,Backorder
PRD-12176,431,3.0,10.0,440000,Tidak,Blok B, reguler ,Menipis
PRD-27548,481,15.0,28.0,80000,Ya,Blok C,Reguler,Menipis
PRD-30505,195,17.0,22.0,232000,Tidak,Blok A, reguler ,Backorder
PRD-55468,64,49.0,27.0,348000,Ya,Blok A,premium ,Aman
PRD-42210,114,3.0,21.0,129000,Tidak,Blok B,Reguler,Aman
PRD-93996,418,19.0,20.0,103000,Tidak,Blok B, reguler ,Backorder
PRD-35322,174,20.0,17.0,42000,Tidak,Blok B,Reguler,Backorder
PRD-24953,482,26.0,8.0,358000,Ya,Blok A,Premium,Menipis
PRD-35053,12,45.0,20.0,53000,Tidak,Blok A,Premium,Backorder
PRD-21814,198,24.0,25.0,467000,Tidak,Blok B,Reguler,Backorder
PRD-60901,80,5.0,26.0,409000,Tidak,Blok C, reguler ,Menipis
PRD-77764,357,37.0,16.0,165000,Tidak,Blok A,REGULER,Backorder
PRD-16416,140,11.0,26.0,202000,Tidak,Blok B,REGULER,Menipis
PRD-81368,280,5.0,21.0,481000,Tidak,Blok C,Reguler,Aman
PRD-41315,419,31.0,7.0,257000,Tidak,Blok C,Reguler,Menipis
PRD-16449,464,8.0,27.0,290000,Tidak,Blok B,Reguler,Aman
PRD-92558,202,18.0,18.0,401000,Tidak,Blok C, reguler ,Backorder
PRD-92745,286,37.0,17.0,383000,Tidak,Blok B,Reguler,Backorder
PRD-66893,183,25.0,25.0,430000,Tidak,Blok B,REGULER,Backorder
PRD-20313,24,,23.0,31000,Tidak,Blok B, reguler ,Backorder
PRD-58555,240,48.0,9.0,175000,Tidak,Blok C,premium ,Backorder
PRD-12260,186,12.0,28.0,121000,Tidak,Blok C,Reguler,Backorder
PRD-76266,47,25.0,18.0,314000,Tidak,Blok A,premium ,Backorder
PRD-36017,135,35.0,18.0,205000,Tidak,Blok A,premium ,Aman
PRD-71646,105,14.0,10.0,335000,Tidak,Blok A, reguler ,Backorder
PRD-97960,375,31.0,20.0,338000,Tidak,Blok A,premium ,Backorder
PRD-44674,153,5.0,28.0,36000,Tidak,Blok A,Reguler,Backorder
PRD-84270,298,10.0,24.0,334000,Ya,Blok A,Premium,Menipis
PRD-33777,446,13.0,19.0,465000,Tidak,Blok C, reguler ,Aman
PRD-85320,276,46.0,23.0,137000,Tidak,Blok A,premium ,Backorder
PRD-77288,499,15.0,18.0,221000,Tidak,Blok C,REGULER,Aman
PRD-88629,151,17.0,15.0,234000,Tidak,Blok B,Premium,Backorder
PRD-83016,217,34.0,9.0,37000,Tidak,Blok A, reguler ,Backorder
PRD-26999,299,36.0,8.0,359000,Tidak,Blok B,REGULER,Menipis
PRD-96694,20,3.0,18.0,136000,Tidak,Blok A, reguler ,Backorder
PRD-98454,427,47.0,25.0,479000,Ya,Blok B, reguler ,Backorder
PRD-52215,238,20.0,2.0,272000,Tidak,Blok C, reguler ,Aman
PRD-38036,446,37.0,15.0,297000,Tidak,Blok A,REGULER,Backorder
PRD-11828,401,5.0,18.0,289000,Tidak,Blok C,premium ,Aman
PRD-94486,112,27.0,13.0,86000,Tidak,Blok B,REGULER,Backorder
PRD-88210,301,32.0,26.0,215000,Tidak,Blok C,premium ,Backorder
PRD-15213,43,48.0,7.0,372000,Ya,Blok B, reguler ,Backorder
PRD-47067,303,21.0,9.0,444000,Tidak,Blok A,Premium,Backorder
PRD-17521,62,48.0,27.0,271000,Tidak,Blok C,Reguler,Menipis
PRD-29702,215,20.0,2.0,186000,Tidak,Blok C,REGULER,Menipis
PRD-77203,257,5.0,13.0,349000,Ya,Blok A,premium ,Aman
PRD-49601,113,48.0,23.0,256000,Tidak,Blok C,premium ,Backorder
PRD-17957,412,37.0,21.0,156000,Tidak,Blok B,Premium,Menipis
PRD-31566,21,30.0,4.0,345000,Tidak,Blok C,REGULER,Backorder
PRD-30125,45,33.0,5.0,206000,Tidak,Blok C, reguler ,Menipis
PRD-54825,286,21.0,8.0,33000,Tidak,Blok C, reguler ,Aman
PRD-18630,229,48.0,21.0,226000,Tidak,Blok A,REGULER,Backorder
PRD-77507,66,9.0,3.0,348000,Tidak,Blok A, reguler ,Backorder
PRD-17295,217,36.0,24.0,411000,Tidak,Blok B, reguler ,Backorder
PRD-80726,97,1.0,24.0,52000,Ya,Blok A, reguler ,Menipis
PRD-54386,321,36.0,12.0,64000,Tidak,Blok B,Reguler,Backorder
PRD-32486,93,12.0,18.0,20000,Ya,Blok A,Premium,Backorder
PRD-20207,233,15.0,18.0,93000,Ya,Blok B, reguler ,Menipis
PRD-31411,262,48.0,10.0,284000,Ya,Blok B,REGULER,Menipis
PRD-89360,220,10.0,17.0,18000,Tidak,Blok C,Reguler,Backorder
PRD-97924,156,48.0,12.0,450000,Ya,Blok B,Premium,Backorder
PRD-85973,281,12.0,22.0,156000,Tidak,Blok A,Premium,Backorder
PRD-35008,6,21.0,6.0,11000,Tidak,Blok B, reguler ,Aman
PRD-22161,100,41.0,29.0,484000,Tidak,Blok B,Reguler,Backorder
PRD-56926,238,48.0,21.0,392000,Tidak,Blok C, reguler ,Backorder
PRD-64545,42,,13.0,284000,Ya,Blok A, reguler ,Menipis
PRD-42899,341,12.0,25.0,439000,Ya,Blok C,REGULER,Menipis
PRD-39709,421,33.0,3.0,285000,Tidak,Blok C, reguler ,Aman
PRD-47383,446,39.0,12.0,130000,Tidak,Blok C,Premium,Aman
PRD-46390,186,1.0,7.0,209000,Ya,Blok B,premium ,Aman
PRD-23704,249,27.0,13.0,469000,Ya,Blok C,Premium,Backorder
PRD-94892,275,12.0,12.0,127000,Tidak,Blok B,REGULER,Menipis
PRD-67417,397,15.0,24.0,245000,Ya,Blok C, reguler ,Aman
PRD-85164,124,19.0,6.0,482000,Tidak,Blok C,premium ,Backorder
PRD-27273,52,37.0,25.0,175000,Tidak,Blok B,Premium,Backorder
PRD-21345,223,3.0,3.0,286000,Tidak,Blok B,Reguler,Aman
PRD-46405,332,5.0,14.0,425000,Ya,Blok C,Premium,Aman
PRD-30085,274,37.0,3.0,51000,Tidak,Blok B,REGULER,Aman
PRD-27127,478,5.0,14.0,121000,Tidak,Blok B,Reguler,Aman
PRD-82541,242,41.0,25.0,411000,Ya,Blok A, reguler ,Backorder
PRD-99242,220,42.0,999.0,132000,Tidak,Blok B,REGULER,Menipis
PRD-99405,358,17.0,25.0,495000,Ya,Blok C,REGULER,Menipis
PRD-95029,387,11.0,17.0,94000,Ya,Blok C, reguler ,Aman
PRD-84391,291,2.0,6.0,362000,Tidak,Blok C,premium ,Aman
PRD-28800,436,43.0,27.0,179000,Ya,Blok B,Premium,Menipis
PRD-22118,355,48.0,12.0,137000,Tidak,Blok A,premium ,Aman
PRD-92643,13,39.0,3.0,326000,Tidak,Blok A,premium ,Aman
PRD-42152,38,48.0,19.0,464000,Tidak,Blok B,REGULER,Backorder
PRD-15906,160,18.0,13.0,368000,Tidak,Blok B,Premium,Backorder
PRD-49842,429,43.0,16.0,497000,Tidak,Blok C,Premium,Backorder
PRD-88542,491,42.0,29.0,304000,Tidak,Blok B,REGULER,Backorder
PRD-68047,215,35.0,22.0,128000,Ya,Blok C,REGULER,Backorder
PRD-36382,334,40.0,13.0,35000,Tidak,Blok B,REGULER,Backorder
PRD-61428,417,30.0,999.0,493000,Tidak,Blok C, reguler ,Backorder
PRD-91371,379,18.0,20.0,442000,Ya,Blok A, reguler ,Backorder
PRD-82723,2,23.0,23.0,274000,Ya,Blok A,Reguler,Backorder
PRD-42006,153,4.0,12.0,64000,Tidak,Blok B,REGULER,Aman
PRD-39165,286,22.0,26.0,146000,Tidak,Blok B, reguler ,Backorder
PRD-27905,366,32.0,17.0,21000,Tidak,Blok C,premium ,Menipis
PRD-59649,250,6.0,25.0,233000,Tidak,Blok B,Reguler,Aman
PRD-64306,307,38.0,12.0,319000,Tidak,Blok C, reguler ,Aman
PRD-43662,429,34.0,2.0,86000,Tidak,Blok C,premium ,Aman
PRD-98743,388,29.0,19.0,484000,Ya,Blok C,Reguler,Menipis
PRD-79392,273,47.0,13.0,26000,Tidak,Blok B,Premium,Backorder
PRD-40573,473,17.0,23.0,230000,Tidak,Blok A,Reguler,Menipis
PRD-46220,334,45.0,4.0,80000,Tidak,Blok A,premium ,Aman
PRD-48870,198,34.0,18.0,256000,Tidak,Blok C,Reguler,Menipis
PRD-70184,152,7.0,3.0,372000,Ya,Blok C,premium ,Aman
PRD-47177,349,32.0,24.0,13000,Tidak,Blok B,premium ,Menipis
PRD-40734,494,5.0,2.0,150000,Tidak,Blok B,premium ,Aman
PRD-95431,389,45.0,,371000,Tidak,Blok C, reguler ,Backorder
PRD-38490,197,15.0,18.0,37000,Tidak,Blok B,REGULER,Menipis
PRD-73797,491,35.0,6.0,311000,Tidak,Blok B,REGULER,Aman
PRD-29768,148,44.0,14.0,458000,Tidak,Blok A, reguler ,Backorder
PRD-85993,423,48.0,11.0,120000,Tidak,Blok C,Reguler,Aman
PRD-72948,493,5.0,13.0,483000,Ya,Blok C,Reguler,Aman
PRD-57195,26,38.0,12.0,363000,Tidak,Blok B,premium ,Backorder
PRD-31711,79,44.0,18.0,310000,Tidak,Blok A,premium ,Aman
PRD-13192,364,30.0,25.0,367000,Ya,Blok B,premium ,Menipis
PRD-57598,291,42.0,17.0,12000,Tidak,Blok B, reguler ,Backorder
PRD-10136,41,2.0,3.0,452000,Ya,Blok A, reguler ,Aman
PRD-75160,111,31.0,15.0,96000,Tidak,Blok B,Reguler,Menipis
PRD-64245,5,37.0,,190000,Tidak,Blok B,Premium,Backorder
PRD-64567,351,42.0,7.0,473000,Tidak,Blok C, reguler ,Aman
PRD-46660,198,47.0,15.0,119000,Tidak,Blok B, reguler ,Backorder
PRD-60100,148,26.0,12.0,353000,Tidak,Blok C,REGULER,Backorder
PRD-48259,228,40.0,18.0,298000,Ya,Blok C,premium ,Backorder
PRD-91537,219,28.0,21.0,314000,Tidak,Blok A,Premium,Backorder
PRD-19476,185,5.0,22.0,43000,Ya,Blok C,Premium,Aman
PRD-21528,391,9.0,12.0,478000,Tidak,Blok C, reguler ,Aman
PRD-49332,480,19.0,,186000,Tidak,Blok C,premium ,Backorder
PRD-48244,372,9.0,28.0,47000,Ya,Blok C,Premium,Aman
PRD-99822,355,37.0,7.0,90000,Ya,Blok A,Reguler,Aman
PRD-23467,433,,18.0,77000,Tidak,Blok B,REGULER,Menipis
PRD-91709,334,47.0,22.0,133000,Tidak,Blok C,Premium,Backorder
PRD-10865,398,10.0,5.0,120000,Tidak,Blok A,REGULER,Aman
PRD-17194,200,12.0,7.0,393000,Tidak,Blok B, reguler ,Aman
PRD-93049,437,22.0,17.0,290000,Ya,Blok C,REGULER,Aman
PRD-67104,344,21.0,10.0,238000,Tidak,Blok A,Premium,Aman
PRD-38768,486,36.0,,420000,Ya,Blok A,REGULER,Aman
PRD-34406,238,1.0,29.0,162000,Tidak,Blok A, reguler ,Aman
PRD-88859,462,36.0,7.0,224000,Tidak,Blok C, reguler ,Aman
PRD-78147,119,28.0,18.0,415000,Tidak,Blok A,Premium,Menipis
PRD-86452,102,2.0,7.0,412000,Tidak,Blok B,premium ,Menipis
PRD-45057,110,49.0,27.0,81000,Tidak,Blok C,Reguler,Menipis
PRD-25754,457,43.0,8.0,416000,Ya,Blok C,Premium,Menipis
PRD-47924,468,40.0,11.0,452000,Ya,Blok A,REGULER,Backorder
PRD-69946,289,18.0,16.0,238000,Tidak,Blok C,REGULER,Menipis
PRD-37236,62,3.0,25.0,255000,Tidak,Blok C, reguler ,Backorder
PRD-30662,252,17.0,14.0,177000,Ya,Blok B,Reguler,Menipis
PRD-92948,95,35.0,12.0,444000,Tidak,Blok C,Reguler,Menipis
PRD-77957,18,34.0,9.0,236000,Tidak,Blok A,premium ,Menipis
PRD-76133,142,38.0,9.0,314000,Tidak,Blok B,Reguler,Backorder
PRD-19719,453,,10.0,31000,Ya,Blok A,REGULER,Aman
PRD-37757,367,24.0,4.0,489000,Tidak,Blok B,premium ,Aman
PRD-46668,159,28.0,4.0,248000,Ya,Blok B,Reguler,Backorder
PRD-38069,498,7.0,29.0,455000,Tidak,Blok B,REGULER,Aman
PRD-65808,421,,23.0,122000,Tidak,Blok A,Reguler,Backorder
PRD-10997,260,30.0,10.0,127000,Ya,Blok C,REGULER,Backorder
PRD-13081,490,17.0,25.0,388000,Ya,Blok C,Premium,Menipis
PRD-52944,192,27.0,10.0,158000,Ya,Blok A,premium ,Backorder
PRD-44433,460,4.0,21.0,168000,Tidak,Blok B,premium ,Aman
PRD-85874,313,16.0,8.0,137000,Tidak,Blok C,premium ,Aman
PRD-54891,151,15.0,24.0,246000,Tidak,Blok A,premium ,Backorder
PRD-19638,386,36.0,25.0,141000,Ya,Blok B,premium ,Backorder
PRD-18346,235,30.0,11.0,41000,Tidak,Blok B,REGULER,Backorder
PRD-26267,411,33.0,17.0,16000,Ya,Blok B,premium ,Backorder
PRD-38602,86,9.0,27.0,487000,Tidak,Blok A,Reguler,Backorder
PRD-81291,334,8.0,17.0,183000,Tidak,Blok A,premium ,Aman
PRD-89082,252,36.0,14.0,29000,Ya,Blok A,REGULER,Menipis
PRD-66683,145,41.0,5.0,246000,Tidak,Blok A,Premium,Menipis
PRD-32259,111,13.0,21.0,109000,Ya,Blok C,premium ,Menipis
PRD-10215,72,17.0,5.0,80000,Ya,Blok C, reguler ,Menipis
PRD-20442,181,6.0,16.0,425000,Ya,Blok A,REGULER,Aman
PRD-66974,323,9.0,10.0,85000,Tidak,Blok B,Premium,Aman
PRD-41027,292,40.0,24.0,118000,Tidak,Blok B,premium ,Menipis
PRD-26766,490,27.0,29.0,235000,Ya,Blok A,Reguler,Backorder
PRD-36962,112,31.0,7.0,143000,Tidak,Blok C, reguler ,Menipis
PRD-75587,181,23.0,27.0,184000,Tidak,Blok B,Premium,Menipis
PRD-28431,4,3.0,4.0,259000,Tidak,Blok B, reguler ,Backorder
PRD-64418,294,38.0,10.0,170000,Tidak,Blok B,REGULER,Menipis
PRD-49809,37,7.0,20.0,350000,Tidak,Blok C,REGULER,Backorder
PRD-84601,62,14.0,19.0,480000,Tidak,Blok C,Premium,Aman
PRD-91010,492,2.0,20.0,346000,Tidak,Blok B,Premium,Aman
PRD-49384,82,35.0,10.0,459000,Tidak,Blok A, reguler ,Menipis
PRD-30855,430,13.0,5.0,449000,Tidak,Blok A, reguler ,Aman
PRD-66879,238,44.0,4.0,439000,Tidak,Blok A,Premium,Menipis
PRD-17045,289,46.0,22.0,435000,Tidak,Blok B, reguler ,Menipis
PRD-96984,338,24.0,12.0,184000,Tidak,Blok C,premium ,Aman
PRD-38610,498,49.0,6.0,336000,Ya,Blok B,premium ,Aman
PRD-82793,490,31.0,26.0,148000,Tidak,Blok B,Premium,Backorder
PRD-23186,98,30.0,13.0,56000,Tidak,Blok A,REGULER,Backorder
PRD-12539,355,5.0,3.0,463000,Ya,Blok A,Premium,Aman
PRD-25052,256,37.0,11.0,89000,Tidak,Blok C, reguler ,Backorder
PRD-68541,95,28.0,29.0,188000,Ya,Blok A,REGULER,Backorder
PRD-56691,14,5.0,,489000,Tidak,Blok A,premium ,Backorder
PRD-38378,462,37.0,9.0,499000,Tidak,Blok C,Premium,Aman
PRD-17083,112,36.0,11.0,451000,Tidak,Blok B,premium ,Menipis
PRD-80309,247,22.0,9.0,31000,Tidak,Blok A,Premium,Menipis
PRD-44293,103,37.0,26.0,272000,Tidak,Blok B,REGULER,Backorder
PRD-84965,122,43.0,24.0,272000,Tidak,Blok A, reguler ,Backorder
PRD-95992,223,19.0,16.0,120000,Tidak,Blok A,Premium,Menipis
PRD-44650,106,44.0,27.0,317000,Tidak,Blok A, reguler ,Backorder
PRD-71434,62,7.0,9.0,326000,Tidak,Blok B,Premium,Backorder
PRD-71160,443,37.0,5.0,79000,Tidak,Blok A,Premium,Aman
PRD-40825,417,15.0,6.0,227000,Tidak,Blok A, reguler ,Aman
PRD-11577,264,36.0,28.0,312000,Tidak,Blok C, reguler ,Backorder
PRD-50612,261,35.0,14.0,206000,Tidak,Blok B,Reguler,Backorder
PRD-99787,260,26.0,28.0,94000,Ya,Blok A,Premium,Backorder
PRD-64097,276,36.0,9.0,386000,Tidak,Blok B,Reguler,Aman
PRD-15622,315,41.0,17.0,91000,Tidak,Blok A,REGULER,Backorder
PRD-19372,181,31.0,14.0,379000,Ya,Blok A,Reguler,Backorder
PRD-65878,200,40.0,28.0,484000,Ya,Blok B,premium ,Menipis
PRD-20567,170,25.0,22.0,84000,Tidak,Blok B,Reguler,Backorder
PRD-56553,64,10.0,999.0,452000,Ya,Blok C,Reguler,Menipis
PRD-18512,68,,17.0,10000,Ya,Blok B,REGULER,Backorder
PRD-38525,184,8.0,,30000,Ya,Blok C,REGULER,Aman
PRD-42792,104,3.0,9.0,467000,Ya,Blok A,Premium,Aman
PRD-58487,451,6.0,5.0,397000,Ya,Blok A,premium ,Aman
PRD-41457,491,,22.0,289000,Tidak,Blok B, reguler ,Menipis
PRD-99424,1,7.0,20.0,356000,Tidak,Blok B,premium ,Backorder
PRD-11753,456,15.0,3.0,116000,Tidak,Blok A,Reguler,Aman
PRD-47909,61,34.0,22.0,236000,Tidak,Blok B,Premium,Backorder
PRD-43672,217,18.0,26.0,391000,Tidak,Blok A,Reguler,Backorder
PRD-93232,404,4.0,12.0,232000,Tidak,Blok B,Reguler,Aman
PRD-71245,156,15.0,8.0,23000,Tidak,Blok C,Reguler,Menipis
PRD-77054,132,1.0,19.0,372000,Tidak,Blok B,Reguler,Backorder
PRD-84474,56,2.0,24.0,325000,Tidak,Blok A,premium ,Backorder
PRD-30698,68,48.0,13.0,240000,Tidak,Blok C,REGULER,Backorder
PRD-59481,396,47.0,13.0,92000,Tidak,Blok C,Reguler,Backorder
PRD-94425,373,18.0,6.0,404000,Tidak,Blok A,premium ,Aman
PRD-58447,359,,11.0,299000,Tidak,Blok A,premium ,Aman
PRD-73965,294,28.0,19.0,10000,Ya,Blok A,REGULER,Backorder
PRD-59613,68,29.0,5.0,68000,Tidak,Blok C,Reguler,Backorder
PRD-88209,187,7.0,4.0,77000,Tidak,Blok B,premium ,Aman
PRD-59689,428,35.0,29.0,465000,Tidak,Blok A,premium ,Aman
PRD-86768,341,18.0,16.0,396000,Tidak,Blok C,Reguler,Aman
PRD-11995,355,43.0,7.0,260000,Ya,Blok A,Premium,Menipis
PRD-50160,91,12.0,5.0,323000,Tidak,Blok B,Reguler,Aman
PRD-90212,1,47.0,18.0,385000,Tidak,Blok C,Reguler,Backorder
PRD-49030,162,7.0,17.0,478000,Tidak,Blok A,REGULER,Aman
PRD-18076,402,30.0,20.0,408000,Tidak,Blok C, reguler ,Backorder
PRD-87654,430,22.0,18.0,369000,Ya,Blok C,Reguler,Aman
PRD-42826,240,42.0,13.0,133000,Ya,Blok A, reguler ,Menipis
PRD-51688,290,29.0,17.0,486000,Tidak,Blok C,Premium,Backorder
PRD-40974,124,42.0,8.0,463000,Tidak,Blok C,REGULER,Backorder
PRD-65240,159,38.0,8.0,137000,Tidak,Blok A,premium ,Backorder
PRD-73753,436,17.0,26.0,225000,Ya,Blok B,premium ,Aman
PRD-12016,372,12.0,25.0,486000,Tidak,Blok B,Reguler,Backorder
PRD-43418,250,41.0,2.0,248000,Tidak,Blok A,premium ,Menipis
PRD-31281,84,41.0,3.0,462000,Tidak,Blok C,Reguler,Aman
PRD-22906,228,7.0,17.0,269000,Tidak,Blok A,REGULER,Aman
PRD-98553,423,28.0,17.0,189000,Tidak,Blok A,premium ,Backorder
PRD-65654,268,23.0,13.0,412000,Ya,Blok C,Reguler,Aman
PRD-38810,269,48.0,23.0,162000,Tidak,Blok B,REGULER,Backorder
PRD-14695,91,17.0,4.0,241000,Ya,Blok C,Premium,Menipis
PRD-76630,325,28.0,4.0,47000,Tidak,Blok B,premium ,Aman
PRD-17967,373,23.0,17.0,220000,Tidak,Blok C,REGULER,Backorder
PRD-31607,405,15.0,9.0,339000,Tidak,Blok B,premium ,Aman
PRD-40782,323,,17.0,382000,Tidak,Blok C, reguler ,Backorder
PRD-42115,487,45.0,8.0,52000,Tidak,Blok A, reguler ,Aman
PRD-48712,144,13.0,7.0,65000,Tidak,Blok C,REGULER,Menipis
PRD-69722,138,28.0,24.0,191000,Tidak,Blok C,Reguler,Backorder
PRD-39855,207,22.0,29.0,81000,Tidak,Blok B,Reguler,Menipis
PRD-47089,236,5.0,17.0,126000,Ya,Blok C,Reguler,Aman
PRD-17151,88,,20.0,260000,Ya,Blok C,Reguler,Backorder
PRD-29539,135,44.0,20.0,403000,Tidak,Blok C,REGULER,Backorder
PRD-21957,169,36.0,,466000,Tidak,Blok B,premium ,Backorder
PRD-17835,390,6.0,,195000,Tidak,Blok A,premium ,Aman
PRD-26043,97,19.0,17.0,37000,Tidak,Blok A,REGULER,Backorder
PRD-28976,357,3.0,26.0,386000,Tidak,Blok A,REGULER,Aman
PRD-60721,323,16.0,21.0,211000,Tidak,Blok A, reguler ,Menipis
PRD-82153,226,32.0,16.0,385000,Tidak,Blok B,Reguler,Backorder
PRD-24434,106,16.0,2.0,333000,Ya,Blok A, reguler ,Aman
PRD-42991,437,5.0,9.0,454000,Tidak,Blok C,Reguler,Aman
PRD-17043,138,5.0,9.0,230000,Tidak,Blok B,Premium,Aman
PRD-67458,104,48.0,22.0,281000,Tidak,Blok C,Premium,Backorder
PRD-45208,39,15.0,23.0,114000,Tidak,Blok B, reguler ,Backorder
PRD-25485,223,37.0,18.0,35000,Tidak,Blok C,Premium,Aman
PRD-48515,76,29.0,18.0,71000,Tidak,Blok C, reguler ,Menipis
PRD-43937,446,34.0,24.0,75000,Tidak,Blok A,Reguler,Aman
PRD-31800,295,18.0,3.0,116000,Ya,Blok B,Premium,Menipis
PRD-65809,231,16.0,,100000,Tidak,Blok B, reguler ,Backorder
PRD-96971,431,25.0,23.0,476000,Tidak,Blok A,REGULER,Backorder
PRD-94422,166,47.0,16.0,252000,Ya,Blok A,Reguler,Backorder
PRD-28257,259,31.0,2.0,103000,Tidak,Blok B,Reguler,Aman
PRD-62953,94,5.0,25.0,453000,Ya,Blok C,Premium,Backorder
PRD-77384,498,38.0,6.0,240000,Tidak,Blok B,Reguler,Backorder
PRD-18071,31,10.0,12.0,249000,Ya,Blok A,premium ,Backorder
PRD-59477,399,28.0,6.0,56000,Tidak,Blok B,Reguler,Aman
PRD-69765,463,33.0,5.0,457000,Tidak,Blok B, reguler ,Aman
PRD-49567,156,16.0,18.0,210000,Tidak,Blok C, reguler ,Backorder
PRD-84172,76,27.0,9.0,188000,Tidak,Blok C, reguler ,Menipis
PRD-18705,253,23.0,7.0,396000,Tidak,Blok C,premium ,Aman
PRD-47099,30,,24.0,54000,Tidak,Blok C, reguler ,Backorder
PRD-24855,65,21.0,22.0,468000,Tidak,Blok A,Premium,Menipis
PRD-89233,119,27.0,27.0,349000,Tidak,Blok C,premium ,Backorder
PRD-30324,11,22.0,27.0,303000,Tidak,Blok A,Reguler,Aman
PRD-82127,257,11.0,16.0,261000,Tidak,Blok C, reguler ,Aman
PRD-52292,135,21.0,19.0,237000,Tidak,Blok B,Reguler,Backorder
PRD-95447,404,28.0,21.0,149000,Tidak,Blok C, reguler ,Backorder
PRD-15539,53,43.0,20.0,11000,Tidak,Blok A,Reguler,Backorder
PRD-62921,276,47.0,8.0,294000,Ya,Blok B,Reguler,Menipis
PRD-84707,356,34.0,7.0,499000,Tidak,Blok A,Reguler,Aman
PRD-88278,233,31.0,18.0,421000,Ya,Blok A,Reguler,Backorder
PRD-13332,168,40.0,25.0,337000,Tidak,Blok A,REGULER,Backorder
PRD-39629,20,15.0,6.0,154000,Ya,Blok C,Premium,Backorder
PRD-37626,158,22.0,15.0,227000,Tidak,Blok A,REGULER,Backorder
PRD-33648,326,32.0,5.0,273000,Ya,Blok C, reguler ,Backorder
PRD-47679,76,14.0,25.0,386000,Tidak,Blok B, reguler ,Backorder
PRD-14425,147,37.0,16.0,358000,Tidak,Blok A,Reguler,Menipis
PRD-66022,113,24.0,19.0,103000,Tidak,Blok C, reguler ,Menipis
PRD-53148,264,39.0,20.0,300000,Tidak,Blok A,REGULER,Backorder
PRD-97362,492,7.0,19.0,351000,Tidak,Blok C,Premium,Aman
PRD-66095,165,14.0,13.0,359000,Ya,Blok A, reguler ,Backorder
PRD-66240,326,20.0,17.0,404000,Tidak,Blok B,REGULER,Menipis
PRD-78798,101,44.0,7.0,137000,Tidak,Blok A,REGULER,Menipis
PRD-52880,499,10.0,15.0,27000,Tidak,Blok C,Premium,Menipis
PRD-73217,143,37.0,15.0,194000,Tidak,Blok B,premium ,Backorder
PRD-71845,40,49.0,15.0,342000,Tidak,Blok B, reguler ,Backorder
PRD-85900,103,1.0,14.0,409000,Tidak,Blok A,Premium,Aman
PRD-35854,53,45.0,3.0,56000,Tidak,Blok C,Premium,Backorder
PRD-67256,261,9.0,21.0,51000,Tidak,Blok A,REGULER,Aman
PRD-63879,239,10.0,20.0,107000,Tidak,Blok A,Reguler,Menipis
PRD-77863,127,11.0,18.0,58000,Tidak,Blok B,Reguler,Menipis
PRD-30354,349,31.0,12.0,429000,Tidak,Blok C, reguler ,Backorder
PRD-61702,237,42.0,8.0,449000,Tidak,Blok B,REGULER,Menipis
PRD-54739,344,32.0,5.0,37000,Tidak,Blok C,Reguler,Menipis
PRD-97505,473,23.0,24.0,302000,Ya,Blok A,Reguler,Backorder
PRD-57842,240,12.0,17.0,481000,Tidak,Blok B,premium ,Menipis
PRD-58351,236,26.0,27.0,269000,Tidak,Blok A,premium ,Backorder
PRD-33527,220,34.0,23.0,75000,Tidak,Blok A,Premium,Backorder
PRD-67183,492,42.0,28.0,25000,Tidak,Blok A,Premium,Backorder
PRD-31292,110,40.0,18.0,226000,Ya,Blok C, reguler ,Backorder
PRD-47260,472,45.0,5.0,34000,Ya,Blok C,Reguler,Menipis
PRD-74222,288,39.0,23.0,286000,Tidak,Blok B,REGULER,Backorder
PRD-84877,411,41.0,24.0,426000,Tidak,Blok C,Premium,Backorder
PRD-54900,86,49.0,23.0,390000,Tidak,Blok B,premium ,Backorder
PRD-37676,254,42.0,3.0,340000,Tidak,Blok C,REGULER,Backorder
PRD-89222,201,29.0,9.0,273000,Ya,Blok C, reguler ,Backorder
PRD-27857,297,47.0,9.0,355000,Tidak,Blok C, reguler ,Aman
PRD-38820,81,42.0,23.0,268000,Ya,Blok C,premium ,Backorder
PRD-14947,106,,13.0,408000,Ya,Blok C,premium ,Backorder
PRD-79504,101,20.0,9.0,392000,Tidak,Blok C, reguler ,Menipis
PRD-62311,377,20.0,22.0,276000,Tidak,Blok C, reguler ,Menipis
PRD-64748,414,17.0,8.0,312000,Ya,Blok C,Reguler,Aman
PRD-78149,340,24.0,20.0,95000,Ya,Blok A,Premium,Backorder
PRD-10864,451,37.0,26.0,384000,Tidak,Blok C, reguler ,Backorder
PRD-36739,80,,20.0,46000,Tidak,Blok B,Premium,Backorder
PRD-77084,61,18.0,15.0,25000,Ya,Blok B,REGULER,Backorder
PRD-33960,365,49.0,4.0,243000,Tidak,Blok C,premium ,Menipis
PRD-20304,18,4.0,27.0,45000,Ya,Blok A, reguler ,Menipis
PRD-86996,378,35.0,26.0,449000,Ya,Blok C,premium ,Menipis
PRD-81895,81,47.0,13.0,42000,Tidak,Blok A,Reguler,Backorder
PRD-22638,246,27.0,23.0,77000,Ya,Blok A, reguler ,Backorder
PRD-48158,232,42.0,15.0,184000,Tidak,Blok B,REGULER,Backorder
PRD-11920,180,18.0,21.0,392000,Tidak,Blok A,Reguler,Backorder
PRD-45111,218,24.0,9.0,355000,Tidak,Blok A,premium ,Backorder
PRD-90989,499,42.0,16.0,481000,Tidak,Blok C,Reguler,Backorder
PRD-25251,438,,16.0,297000,Tidak,Blok C,premium ,Backorder
PRD-37076,114,,11.0,415000,Tidak,Blok C,premium ,Menipis
PRD-80553,174,41.0,17.0,85000,Ya,Blok C,Reguler,Backorder
PRD-71382,407,6.0,2.0,23000,Ya,Blok A, reguler ,Aman
PRD-87986,200,32.0,2.0,415000,Ya,Blok C,premium ,Backorder
PRD-66630,137,29.0,16.0,116000,Tidak,Blok A,Premium,Menipis
PRD-28161,117,36.0,20.0,422000,Ya,Blok B,REGULER,Backorder
PRD-71715,170,11.0,27.0,237000,Tidak,Blok C,REGULER,Backorder
PRD-53730,461,20.0,11.0,43000,Ya,Blok A,Reguler,Aman
PRD-41817,312,28.0,21.0,81000,Tidak,Blok A,Premium,Menipis
PRD-40383,497,45.0,24.0,340000,Tidak,Blok A, reguler ,Backorder
PRD-15122,3,2.0,17.0,39000,Tidak,Blok B, reguler ,Aman
PRD-61052,204,23.0,21.0,477000,Tidak,Blok A,REGULER,Backorder
PRD-71509,478,28.0,8.0,37000,Ya,Blok A,premium ,Aman
PRD-28814,142,32.0,11.0,468000,Tidak,Blok A,REGULER,Backorder
PRD-52107,273,5.0,23.0,485000,Tidak,Blok B,premium ,Aman
PRD-90934,288,4.0,25.0,154000,Tidak,Blok A,premium ,Aman
PRD-96623,14,19.0,21.0,320000,Ya,Blok A,Premium,Menipis
PRD-55397,285,19.0,11.0,114000,Tidak,Blok A, reguler ,Aman
PRD-27806,294,13.0,24.0,271000,Tidak,Blok C,premium ,Menipis
PRD-62076,133,28.0,25.0,205000,Tidak,Blok A,REGULER,Backorder
PRD-90532,12,14.0,5.0,225000,Tidak,Blok B,REGULER,Backorder
PRD-68817,270,2.0,5.0,122000,Tidak,Blok B,Reguler,Aman
PRD-21130,22,,12.0,406000,Ya,Blok A,premium ,Backorder
PRD-54552,17,34.0,29.0,351000,Tidak,Blok C,REGULER,Backorder
PRD-13664,139,11.0,13.0,465000,Tidak,Blok C,premium ,Aman
PRD-36928,299,32.0,16.0,196000,Tidak,Blok A,Premium,Backorder
PRD-81318,135,17.0,26.0,243000,Ya,Blok C,REGULER,Backorder
PRD-93565,36,13.0,24.0,253000,Ya,Blok B,Reguler,Backorder
PRD-83030,85,,3.0,492000,Ya,Blok C,premium ,Backorder
PRD-98031,378,25.0,25.0,234000,Tidak,Blok B,premium ,Backorder
PRD-35017,437,42.0,19.0,93000,Tidak,Blok B,Premium,Backorder
PRD-17130,121,29.0,23.0,174000,Tidak,Blok A, reguler ,Menipis
PRD-21569,198,10.0,24.0,23000,Ya,Blok A,REGULER,Backorder
PRD-89878,487,48.0,20.0,160000,Tidak,Blok B,Premium,Backorder
PRD-58225,60,13.0,18.0,373000,Tidak,Blok A,premium ,Backorder
PRD-53526,165,8.0,26.0,488000,Ya,Blok C,Reguler,Backorder
PRD-96840,189,17.0,14.0,490000,Tidak,Blok A,Premium,Aman
PRD-34756,85,35.0,14.0,241000,Ya,Blok B,premium ,Menipis
PRD-55213,42,36.0,8.0,163000,Tidak,Blok B,Reguler,Backorder
PRD-90437,239,17.0,24.0,210000,Tidak,Blok A,Reguler,Backorder
PRD-97594,484,6.0,12.0,152000,Tidak,Blok C,premium ,Aman
PRD-43725,19,18.0,13.0,89000,Ya,Blok B,REGULER,Menipis
PRD-62335,445,16.0,16.0,499000,Tidak,Blok C,Premium,Menipis
PRD-41899,409,44.0,5.0,481000,Tidak,Blok C,Reguler,Backorder
PRD-65665,161,26.0,15.0,202000,Tidak,Blok A,Reguler,Menipis
PRD-45343,60,34.0,18.0,195000,Tidak,Blok A,REGULER,Backorder
PRD-97440,47,18.0,21.0,36000,Tidak,Blok C, reguler ,Backorder
PRD-25372,438,45.0,8.0,406000,Ya,Blok B, reguler ,Backorder
PRD-20754,284,9.0,21.0,316000,Tidak,Blok B, reguler ,Menipis
PRD-31638,305,21.0,999.0,112000,Tidak,Blok A,REGULER,Backorder
PRD-64512,425,34.0,11.0,166000,Tidak,Blok A, reguler ,Backorder
PRD-51505,8,17.0,3.0,137000,Tidak,Blok B,Premium,Backorder
PRD-81324,330,31.0,21.0,352000,Tidak,Blok A,REGULER,Backorder
PRD-63863,60,20.0,9.0,18000,Tidak,Blok A,premium ,Backorder
PRD-41362,300,8.0,28.0,64000,Tidak,Blok B,Premium,Backorder
PRD-60057,213,7.0,6.0,264000,Tidak,Blok B,Reguler,Aman
PRD-56099,215,35.0,26.0,307000,Tidak,Blok B,premium ,Backorder
PRD-28205,437,39.0,28.0,462000,Tidak,Blok C,premium ,Menipis
PRD-61097,234,33.0,12.0,65000,Ya,Blok C, reguler ,Backorder
PRD-13258,339,41.0,17.0,406000,Tidak,Blok B,Reguler,Backorder
PRD-58285,52,17.0,4.0,384000,Tidak,Blok A,premium ,Menipis
PRD-75140,295,16.0,3.0,16000,Tidak,Blok C,premium ,Aman
PRD-72370,238,14.0,2.0,284000,Tidak,Blok C, reguler ,Aman
PRD-29610,291,35.0,10.0,364000,Tidak,Blok A,REGULER,Backorder
PRD-12620,150,34.0,24.0,315000,Tidak,Blok B,premium ,Menipis
PRD-33470,493,33.0,28.0,413000,Tidak,Blok B,REGULER,Menipis
PRD-98664,487,10.0,4.0,372000,Tidak,Blok B,REGULER,Aman
PRD-77598,204,25.0,5.0,71000,Tidak,Blok B,REGULER,Aman
PRD-92798,206,46.0,28.0,235000,Tidak,Blok A,Premium,Backorder
PRD-13925,365,14.0,15.0,169000,Ya,Blok A,REGULER,Aman
PRD-22938,210,12.0,10.0,14000,Tidak,Blok B,Premium,Aman
PRD-12568,253,5.0,20.0,371000,Ya,Blok A, reguler ,Aman
PRD-30389,441,49.0,15.0,65000,Tidak,Blok C,REGULER,Menipis
PRD-43734,212,32.0,8.0,268000,Tidak,Blok A, reguler ,Menipis
PRD-25338,197,11.0,2.0,342000,Ya,Blok C,REGULER,Aman
PRD-49267,323,2.0,24.0,118000,Ya,Blok C,Reguler,Aman
PRD-83648,485,1.0,18.0,232000,Tidak,Blok B,Premium,Aman
PRD-38810,223,30.0,9.0,453000,Tidak,Blok B,premium ,Backorder
PRD-95395,308,,14.0,91000,Tidak,Blok B,REGULER,Menipis
PRD-96795,150,20.0,9.0,236000,Tidak,Blok B,REGULER,Backorder
PRD-87806,336,33.0,20.0,302000,Tidak,Blok A,REGULER,Backorder
PRD-20487,171,2.0,8.0,467000,Tidak,Blok C,REGULER,Aman
PRD-27300,480,38.0,10.0,266000,Tidak,Blok B,Premium,Menipis
PRD-48311,294,4.0,14.0,492000,Tidak,Blok B,premium ,Aman
PRD-55541,313,12.0,7.0,133000,Tidak,Blok C,Premium,Aman
PRD-79072,278,11.0,8.0,483000,Tidak,Blok C,Reguler,Aman
PRD-50042,390,25.0,14.0,108000,Ya,Blok A,Reguler,Menipis
PRD-32650,410,4.0,27.0,358000,Tidak,Blok A,REGULER,Menipis
PRD-31323,274,,19.0,491000,Tidak,Blok A, reguler ,Menipis
PRD-88682,337,32.0,10.0,48000,Tidak,Blok C,Reguler,Aman
PRD-50643,492,28.0,27.0,345000,Tidak,Blok C, reguler ,Aman
PRD-98370,152,24.0,14.0,206000,Tidak,Blok B,REGULER,Backorder
PRD-56665,67,19.0,22.0,315000,Ya,Blok B,Reguler,Backorder
PRD-45144,190,15.0,11.0,196000,Tidak,Blok C,Premium,Menipis
PRD-87535,274,46.0,,10000,Tidak,Blok B, reguler ,Backorder
PRD-63441,351,7.0,5.0,449000,Tidak,Blok B,REGULER,Aman
PRD-14791,4,30.0,9.0,58000,Ya,Blok A,REGULER,Backorder
PRD-78665,235,47.0,21.0,455000,Tidak,Blok A,premium ,Backorder
PRD-59047,38,26.0,8.0,231000,Tidak,Blok A,Reguler,Menipis
PRD-48931,326,5.0,24.0,287000,Tidak,Blok A,premium ,Aman
PRD-92844,70,,19.0,352000,Tidak,Blok B,Premium,Backorder
PRD-73315,117,22.0,14.0,92000,Tidak,Blok A,REGULER,Menipis
PRD-52533,498,26.0,27.0,267000,Ya,Blok C,Reguler,Backorder
PRD-54386,26,26.0,,315000,Tidak,Blok B, reguler ,Backorder
PRD-68390,410,26.0,26.0,141000,Tidak,Blok A, reguler ,Backorder
PRD-86373,149,6.0,18.0,178000,Tidak,Blok C,Premium,Menipis
PRD-30800,122,12.0,18.0,310000,Ya,Blok B,Reguler,Backorder
PRD-36205,40,30.0,11.0,247000,Tidak,Blok B,REGULER,Backorder
PRD-69222,5,49.0,26.0,82000,Tidak,Blok B,REGULER,Backorder
PRD-10244,70,23.0,20.0,270000,Ya,Blok A,Reguler,Backorder
PRD-91335,309,24.0,17.0,180000,Ya,Blok B,Premium,Backorder
PRD-64240,24,43.0,23.0,132000,Tidak,Blok B,Reguler,Backorder
PRD-27633,155,32.0,27.0,42000,Tidak,Blok B,REGULER,Backorder
PRD-42177,59,6.0,3.0,420000,Tidak,Blok B,Premium,Aman
PRD-81185,42,24.0,22.0,443000,Tidak,Blok A,Reguler,Backorder
PRD-70545,173,13.0,8.0,108000,Ya,Blok C,REGULER,Aman
PRD-21536,310,29.0,14.0,216000,Tidak,Blok C,Premium,Backorder
PRD-94458,11,22.0,11.0,412000,Ya,Blok B, reguler ,Backorder
PRD-14136,302,14.0,,484000,Tidak,Blok B, reguler ,Aman
PRD-26766,190,2.0,27.0,219000,Tidak,Blok C,premium ,Aman
PRD-61877,307,4.0,13.0,171000,Tidak,Blok C,REGULER,Menipis
PRD-89079,120,32.0,13.0,48000,Ya,Blok B,Reguler,Backorder
PRD-39655,210,45.0,13.0,207000,Tidak,Blok A,Reguler,Backorder
PRD-10060,451,16.0,26.0,220000,Tidak,Blok A,Premium,Aman
PRD-78379,494,13.0,16.0,259000,Ya,Blok A,Reguler,Aman
PRD-56947,137,27.0,17.0,334000,Tidak,Blok C,premium ,Backorder
PRD-65249,102,48.0,6.0,219000,Tidak,Blok C,REGULER,Menipis
PRD-45932,420,4.0,999.0,369000,Tidak,Blok B, reguler ,Aman
PRD-33401,466,45.0,8.0,10000,Tidak,Blok B,Premium,Menipis
PRD-56156,178,41.0,29.0,452000,Ya,Blok C,REGULER,Backorder
PRD-54839,434,23.0,21.0,414000,Tidak,Blok A,REGULER,Backorder
PRD-18804,226,19.0,21.0,411000,Tidak,Blok C,Premium,Menipis
PRD-23180,230,20.0,28.0,123000,Ya,Blok C,Premium,Backorder
PRD-20638,43,45.0,21.0,58000,Ya,Blok A, reguler ,Aman
PRD-87713,203,32.0,12.0,187000,Ya,Blok C, reguler ,Menipis
PRD-80832,410,40.0,999.0,325000,Ya,Blok C,REGULER,Menipis
PRD-35025,415,31.0,15.0,387000,Tidak,Blok A,REGULER,Backorder
PRD-26292,151,38.0,11.0,456000,Tidak,Blok C,REGULER,Backorder
PRD-81437,497,13.0,9.0,391000,Ya,Blok A,premium ,Aman
PRD-23189,437,45.0,10.0,304000,Tidak,Blok C,REGULER,Menipis
PRD-55211,460,49.0,25.0,31000,Tidak,Blok B,REGULER,Backorder
PRD-89062,381,25.0,23.0,268000,Tidak,Blok A,premium ,Backorder
PRD-39813,260,35.0,2.0,22000,Tidak,Blok C,Premium,Backorder
PRD-92986,209,23.0,23.0,218000,Tidak,Blok C,REGULER,Backorder
PRD-37160,3,26.0,14.0,465000,Tidak,Blok A,premium ,Backorder
PRD-93767,83,3.0,29.0,330000,Tidak,Blok C,Premium,Aman
PRD-61588,477,9.0,4.0,135000,Tidak,Blok A,premium ,Aman
PRD-57562,96,10.0,4.0,173000,Tidak,Blok B, reguler ,Aman
PRD-23210,285,18.0,2.0,402000,Tidak,Blok A, reguler ,Aman
PRD-34816,202,,23.0,97000,Tidak,Blok B,premium ,Backorder
PRD-98074,77,31.0,28.0,297000,Ya,Blok B, reguler ,Menipis
PRD-81719,210,21.0,23.0,451000,Ya,Blok A, reguler ,Backorder
PRD-24716,177,34.0,5.0,41000,Tidak,Blok C,Premium,Menipis
PRD-41480,120,11.0,17.0,469000,Ya,Blok B,REGULER,Backorder
PRD-36417,91,2.0,,365000,Tidak,Blok A, reguler ,Aman
PRD-53539,321,34.0,18.0,16000,Tidak,Blok C, reguler ,Backorder
PRD-89854,466,25.0,21.0,47000,Tidak,Blok B,Premium,Backorder
PRD-77560,391,43.0,20.0,145000,Tidak,Blok A, reguler ,Backorder
PRD-46659,428,23.0,29.0,141000,Tidak,Blok B,premium ,Backorder
PRD-57638,260,5.0,18.0,94000,Tidak,Blok A,REGULER,Aman
PRD-99480,389,47.0,26.0,248000,Tidak,Blok B,REGULER,Menipis
PRD-49099,37,46.0,27.0,42000,Tidak,Blok C,premium ,Backorder
PRD-97968,414,19.0,11.0,360000,Ya,Blok C, reguler ,Aman
PRD-53461,140,32.0,,491000,Tidak,Blok C,premium ,Backorder
PRD-37657,254,,21.0,433000,Tidak,Blok B,Premium,Backorder
PRD-79922,424,37.0,28.0,333000,Ya,Blok B,premium ,Backorder
PRD-13841,30,31.0,5.0,179000,Ya,Blok C, reguler ,Aman
PRD-83181,160,24.0,999.0,221000,Ya,Blok C,Reguler,Menipis
PRD-26428,373,49.0,18.0,422000,Ya,Blok A,REGULER,Menipis
PRD-19190,45,43.0,6.0,151000,Ya,Blok A, reguler ,Backorder
PRD-85353,243,46.0,21.0,304000,Tidak,Blok B,REGULER,Backorder
PRD-59416,127,38.0,20.0,477000,Tidak,Blok B,premium ,Backorder
PRD-34762,406,,19.0,10000,Tidak,Blok C,REGULER,Aman
PRD-71313,146,28.0,14.0,99000,Ya,Blok B,Premium,Aman
PRD-25398,215,43.0,22.0,294000,Tidak,Blok C,Premium,Backorder
PRD-97128,409,5.0,19.0,13000,Tidak,Blok C,Premium,Aman
PRD-38350,258,2.0,16.0,409000,Tidak,Blok C,Premium,Aman
PRD-27274,150,,25.0,386000,Tidak,Blok C,Reguler,Backorder
PRD-35556,289,11.0,12.0,340000,Tidak,Blok B,REGULER,Aman
PRD-52351,298,27.0,15.0,187000,Tidak,Blok A, reguler ,Backorder
PRD-63006,47,5.0,26.0,162000,Tidak,Blok B,premium ,Backorder
PRD-40063,237,49.0,7.0,327000,Ya,Blok C, reguler ,Backorder
PRD-62949,1,38.0,11.0,139000,Tidak,Blok A,REGULER,Backorder
PRD-66846,288,37.0,27.0,396000,Tidak,Blok B,REGULER,Backorder
PRD-74619,281,18.0,19.0,416000,Tidak,Blok A,Reguler,Menipis
PRD-18446,494,5.0,24.0,299000,Tidak,Blok C, reguler ,Menipis
PRD-36177,209,17.0,22.0,268000,Ya,Blok B,Reguler,Backorder
PRD-53408,275,15.0,11.0,388000,Tidak,Blok A,premium ,Backorder
PRD-31424,462,29.0,20.0,387000,Tidak,Blok C, reguler ,Backorder
PRD-89064,368,49.0,12.0,356000,Tidak,Blok A,premium ,Backorder
PRD-77509,178,,17.0,236000,Tidak,Blok C,Premium,Backorder
PRD-52578,493,12.0,24.0,115000,Tidak,Blok B,REGULER,Aman
PRD-76177,473,,2.0,61000,Tidak,Blok A, reguler ,Aman
PRD-52616,97,46.0,21.0,41000,Ya,Blok A, reguler ,Backorder
PRD-91720,256,41.0,15.0,231000,Tidak,Blok A, reguler ,Backorder
PRD-91238,252,45.0,28.0,82000,Ya,Blok C,REGULER,Backorder
PRD-61559,40,13.0,11.0,201000,Tidak,Blok B, reguler ,Backorder
PRD-57456,498,17.0,18.0,458000,Tidak,Blok C,Reguler,Aman
PRD-73932,377,20.0,999.0,116000,Ya,Blok B,Premium,Aman
PRD-74732,189,48.0,2.0,294000,Tidak,Blok C,premium ,Aman
PRD-91731,351,49.0,19.0,418000,Tidak,Blok C,REGULER,Backorder
PRD-97897,87,27.0,24.0,179000,Tidak,Blok B,premium ,Backorder
PRD-88947,442,27.0,11.0,400000,Ya,Blok A, reguler ,Aman
PRD-27100,84,47.0,19.0,182000,Tidak,Blok C,Reguler,Backorder
PRD-86292,16,9.0,22.0,199000,Tidak,Blok A,REGULER,Backorder
PRD-83933,141,35.0,,262000,Tidak,Blok A, reguler ,Menipis
PRD-64745,306,32.0,12.0,66000,Tidak,Blok C,premium ,Backorder
PRD-59923,310,19.0,27.0,137000,Ya,Blok B, reguler ,Backorder
PRD-46370,473,3.0,4.0,208000,Ya,Blok C,REGULER,Aman
PRD-15310,264,39.0,15.0,425000,Tidak,Blok B,REGULER,Backorder
PRD-54722,464,19.0,8.0,166000,Tidak,Blok C,Reguler,Aman
PRD-75953,248,29.0,15.0,109000,Tidak,Blok B,REGULER,Backorder
PRD-57761,355,47.0,17.0,362000,Ya,Blok A,REGULER,Backorder
PRD-60026,151,13.0,25.0,257000,Tidak,Blok C,premium ,Menipis
PRD-28705,125,39.0,17.0,186000,Tidak,Blok C,premium ,Menipis
PRD-80393,207,9.0,17.0,433000,Ya,Blok C,premium ,Aman
PRD-12779,119,24.0,5.0,354000,Ya,Blok C,Reguler,Menipis
PRD-72438,156,47.0,22.0,346000,Tidak,Blok C,premium ,Backorder
PRD-87371,232,49.0,12.0,485000,Tidak,Blok A,Reguler,Backorder
PRD-77821,391,40.0,25.0,195000,Tidak,Blok A,premium ,Aman
PRD-99881,72,44.0,7.0,183000,Ya,Blok A,Premium,Menipis
PRD-73909,45,5.0,999.0,214000,Ya,Blok B,Premium,Backorder
PRD-84462,2,27.0,18.0,101000,Tidak,Blok B,REGULER,Backorder
PRD-45167,83,6.0,20.0,104000,Tidak,Blok A,premium ,Backorder
PRD-57113,222,49.0,20.0,302000,Tidak,Blok C,premium ,Backorder
PRD-30641,87,32.0,,317000,Tidak,Blok B,REGULER,Backorder
PRD-68901,88,28.0,27.0,486000,Tidak,Blok C,Premium,Backorder
PRD-98713,29,,10.0,216000,Ya,Blok A,premium ,Backorder
PRD-83193,411,45.0,23.0,81000,Tidak,Blok A, reguler ,Backorder
PRD-24179,119,47.0,3.0,439000,Tidak,Blok A,REGULER,Aman
PRD-78546,234,36.0,28.0,103000,Tidak,Blok B,Premium,Backorder
PRD-91958,300,8.0,15.0,295000,Tidak,Blok A,REGULER,Menipis
PRD-93694,463,20.0,2.0,379000,Ya,Blok B,REGULER,Menipis
PRD-74226,385,14.0,27.0,337000,Ya,Blok C, reguler ,Backorder
PRD-14123,164,,21.0,85000,Tidak,Blok C,Reguler,Aman
PRD-17371,487,30.0,26.0,332000,Tidak,Blok C,Reguler,Backorder
PRD-17450,387,14.0,8.0,275000,Tidak,Blok C,Premium,Aman
PRD-66488,374,31.0,24.0,26000,Ya,Blok C, reguler ,Menipis
PRD-63413,264,42.0,999.0,192000,Tidak,Blok A,Premium,Backorder
PRD-11893,474,24.0,13.0,479000,Ya,Blok A,Premium,Aman
PRD-55379,208,42.0,2.0,118000,Ya,Blok B,REGULER,Menipis
PRD-39796,262,31.0,15.0,107000,Tidak,Blok B,premium ,Backorder
PRD-72552,492,19.0,14.0,154000,Tidak,Blok B,REGULER,Aman
PRD-65645,193,12.0,19.0,395000,Ya,Blok B, reguler ,Backorder
PRD-99300,285,6.0,8.0,22000,Tidak,Blok A,Premium,Aman
PRD-51271,41,17.0,4.0,136000,Ya,Blok B, reguler ,Aman
PRD-45031,455,12.0,8.0,169000,Ya,Blok B,Premium,Aman
PRD-83396,494,3.0,28.0,370000,Tidak,Blok C,Reguler,Menipis
PRD-41966,90,17.0,2.0,175000,Tidak,Blok B,Premium,Menipis
PRD-72508,244,12.0,10.0,399000,Ya,Blok B,Premium,Aman
PRD-13203,163,8.0,22.0,152000,Ya,Blok B,Premium,Menipis
PRD-36918,275,29.0,14.0,374000,Tidak,Blok C,REGULER,Backorder
PRD-29799,390,27.0,24.0,227000,Tidak,Blok C,REGULER,Backorder
PRD-65316,425,29.0,27.0,296000,Tidak,Blok B,Premium,Menipis
PRD-27182,99,30.0,28.0,191000,Ya,Blok B,premium ,Backorder
PRD-84663,124,5.0,28.0,471000,Ya,Blok C,Reguler,Backorder
PRD-90055,78,45.0,20.0,360000,Tidak,Blok B,Reguler,Backorder
PRD-58128,14,47.0,,228000,Tidak,Blok A, reguler ,Menipis
PRD-53554,320,34.0,29.0,187000,Ya,Blok A, reguler ,Backorder
PRD-75006,151,41.0,8.0,352000,Tidak,Blok A,Premium,Menipis
PRD-18259,469,40.0,14.0,462000,Ya,Blok B,Premium,Aman
PRD-23569,474,35.0,999.0,269000,Tidak,Blok A, reguler ,Backorder
PRD-96610,425,10.0,20.0,44000,Tidak,Blok A,REGULER,Aman
PRD-41480,82,,9.0,180000,Tidak,Blok A,Premium,Backorder
PRD-76118,169,36.0,29.0,88000,Tidak,Blok B,premium ,Menipis
PRD-95914,296,43.0,15.0,472000,Tidak,Blok A,Reguler,Backorder
PRD-41987,277,30.0,22.0,299000,Tidak,Blok A,Reguler,Menipis
PRD-85179,253,16.0,5.0,252000,Tidak,Blok C,Reguler,Aman
PRD-81643,394,,26.0,144000,Tidak,Blok B,premium ,Backorder
PRD-30862,388,26.0,23.0,42000,Ya,Blok B,REGULER,Backorder
PRD-88824,143,22.0,27.0,369000,Tidak,Blok C,Premium,Backorder
PRD-28891,16,42.0,19.0,281000,Tidak,Blok C,Premium,Backorder
PRD-24743,2,35.0,7.0,266000,Tidak,Blok B,Premium,Backorder
PRD-31182,55,4.0,19.0,336000,Tidak,Blok A,Premium,Aman
PRD-14611,344,11.0,15.0,457000,Tidak,Blok B, reguler ,Aman
PRD-55004,370,20.0,4.0,367000,Tidak,Blok A,REGULER,Aman
PRD-57295,341,19.0,12.0,381000,Tidak,Blok A,REGULER,Aman
PRD-96066,458,44.0,28.0,168000,Tidak,Blok A,Premium,Menipis
PRD-50642,498,45.0,999.0,466000,Tidak,Blok A,REGULER,Menipis
PRD-99613,156,5.0,22.0,388000,Ya,Blok A,premium ,Aman
PRD-72287,46,21.0,999.0,165000,Tidak,Blok B, reguler ,Aman
PRD-60062,391,24.0,29.0,252000,Ya,Blok A,Reguler,Backorder
PRD-29867,422,,29.0,125000,Tidak,Blok B, reguler ,Menipis
PRD-40543,224,42.0,28.0,486000,Tidak,Blok B,Reguler,Menipis
PRD-59377,357,39.0,12.0,328000,Ya,Blok C,Premium,Menipis
PRD-73761,353,7.0,17.0,98000,Tidak,Blok B,REGULER,Aman
PRD-42975,219,39.0,14.0,286000,Ya,Blok C,Premium,Backorder
PRD-66125,66,33.0,22.0,329000,Ya,Blok C,premium ,Backorder
PRD-90807,184,33.0,3.0,20000,Tidak,Blok B,premium ,Aman
PRD-21826,110,20.0,29.0,138000,Tidak,Blok A,REGULER,Aman
PRD-71742,499,19.0,,231000,Tidak,Blok B,REGULER,Aman
PRD-48104,416,23.0,12.0,271000,Tidak,Blok B, reguler ,Menipis
PRD-40251,455,23.0,26.0,322000,Tidak,Blok B,premium ,Backorder
PRD-12739,63,5.0,19.0,188000,Ya,Blok B,Premium,Backorder
PRD-61048,188,11.0,22.0,145000,Tidak,Blok C, reguler ,Backorder
PRD-87256,445,33.0,4.0,318000,Ya,Blok C,Premium,Aman
PRD-27015,409,28.0,23.0,234000,Tidak,Blok C,REGULER,Backorder
PRD-35557,258,26.0,10.0,220000,Ya,Blok A,Reguler,Aman
PRD-54115,89,19.0,23.0,275000,Tidak,Blok B,premium ,Backorder
PRD-99848,423,,25.0,155000,Tidak,Blok C,premium ,Backorder
PRD-46948,265,38.0,25.0,249000,Tidak,Blok A,REGULER,Backorder
PRD-94585,443,25.0,21.0,230000,Tidak,Blok A,REGULER,Backorder
PRD-92886,357,31.0,8.0,399000,Tidak,Blok A,Premium,Aman
PRD-13285,135,18.0,26.0,468000,Ya,Blok B,Reguler,Backorder
PRD-52543,181,21.0,11.0,477000,Tidak,Blok A,premium ,Menipis
PRD-36854,335,45.0,20.0,285000,Tidak,Blok B,Premium,Backorder
PRD-21283,0,7.0,999.0,93000,Tidak,Blok A,REGULER,Menipis
PRD-87123,294,40.0,6.0,234000,Tidak,Blok A,premium ,Aman
PRD-30534,346,47.0,29.0,466000,Tidak,Blok A,Premium,Aman
PRD-23406,291,42.0,22.0,129000,Tidak,Blok B,premium ,Backorder
PRD-98553,133,9.0,7.0,464000,Ya,Blok B,premium ,Aman
PRD-75942,253,36.0,18.0,346000,Tidak,Blok C,Reguler,Backorder
PRD-76612,193,14.0,23.0,207000,Tidak,Blok C,Reguler,Menipis
PRD-30750,144,16.0,10.0,122000,Tidak,Blok B,Premium,Aman
PRD-59429,66,8.0,2.0,173000,Tidak,Blok C, reguler ,Menipis
PRD-23275,302,8.0,13.0,27000,Tidak,Blok B,REGULER,Menipis
PRD-10634,131,14.0,28.0,64000,Tidak,Blok C,Premium,Backorder
PRD-74331,450,41.0,26.0,105000,Ya,Blok A,premium ,Backorder
PRD-22213,268,21.0,999.0,271000,Ya,Blok A,Reguler,Menipis
PRD-10281,48,,,364000,Tidak,Blok A,Reguler,Backorder
PRD-44754,297,2.0,22.0,294000,Tidak,Blok C, reguler ,Aman
PRD-52498,409,30.0,21.0,111000,Tidak,Blok A, reguler ,Backorder
PRD-60568,223,21.0,19.0,310000,Tidak,Blok C,REGULER,Aman
PRD-77203,108,45.0,4.0,296000,Tidak,Blok C,Reguler,Backorder
PRD-81354,121,8.0,29.0,38000,Ya,Blok C,Reguler,Backorder
PRD-81218,69,,22.0,65000,Tidak,Blok A,Reguler,Backorder
PRD-53442,57,39.0,10.0,14000,Ya,Blok B,Reguler,Backorder
PRD-75552,258,11.0,999.0,175000,Tidak,Blok C,Premium,Menipis
PRD-42332,186,39.0,2.0,29000,Tidak,Blok A, reguler ,Aman
PRD-41127,326,9.0,,355000,Tidak,Blok A,premium ,Aman
PRD-77435,71,,26.0,47000,Ya,Blok C, reguler ,Backorder
PRD-18335,117,29.0,12.0,333000,Tidak,Blok C, reguler ,Menipis
PRD-32431,403,17.0,12.0,473000,Tidak,Blok B,Reguler,Aman
PRD-45643,301,10.0,10.0,404000,Tidak,Blok A,REGULER,Aman
PRD-47038,238,15.0,999.0,432000,Tidak,Blok B,Premium,Menipis
PRD-94579,185,30.0,4.0,305000,Tidak,Blok C,REGULER,Backorder
PRD-84519,274,32.0,22.0,95000,Tidak,Blok A,REGULER,Backorder
PRD-78008,20,,7.0,24000,Ya,Blok A,Reguler,Backorder
PRD-11245,312,,23.0,215000,Tidak,Blok A,premium ,Menipis
PRD-74106,63,13.0,2.0,143000,Ya,Blok B,REGULER,Menipis
PRD-90102,340,33.0,6.0,17000,Tidak,Blok C,Premium,Menipis
PRD-15668,435,21.0,2.0,477000,Tidak,Blok B,Premium,Aman
PRD-64544,470,22.0,5.0,15000,Tidak,Blok B, reguler ,Aman
PRD-12763,386,19.0,6.0,446000,Tidak,Blok C,Reguler,Aman
PRD-90739,150,29.0,6.0,110000,Tidak,Blok C,REGULER,Aman
PRD-46142,152,,7.0,396000,Tidak,Blok A,Premium,Menipis
PRD-29800,177,49.0,3.0,291000,Tidak,Blok C, reguler ,Menipis
PRD-91906,133,13.0,28.0,454000,Ya,Blok B,premium ,Backorder
PRD-80819,485,19.0,11.0,284000,Tidak,Blok A,REGULER,Aman
PRD-97594,56,40.0,20.0,104000,Tidak,Blok A,premium ,Menipis
PRD-89003,277,28.0,18.0,122000,Ya,Blok C, reguler ,Backorder
PRD-80263,420,20.0,25.0,383000,Tidak,Blok C,REGULER,Backorder
PRD-10901,360,,4.0,183000,Ya,Blok C,premium ,Aman
PRD-60115,198,44.0,7.0,452000,Tidak,Blok B,Reguler,Backorder
PRD-75839,9,48.0,20.0,102000,Tidak,Blok A, reguler ,Backorder
PRD-10992,373,30.0,3.0,67000,Ya,Blok A,Reguler,Aman
PRD-22857,404,42.0,3.0,104000,Ya,Blok A, reguler ,Aman
PRD-72457,433,39.0,999.0,50000,Tidak,Blok B,Reguler,Backorder
PRD-95925,340,,27.0,374000,Ya,Blok B,Premium,Backorder
PRD-94156,207,47.0,29.0,443000,Ya,Blok A,Premium,Backorder
PRD-11922,133,43.0,3.0,273000,Ya,Blok A,REGULER,Menipis
PRD-37747,208,46.0,3.0,82000,Ya,Blok B,Premium,Backorder
PRD-53148,138,41.0,5.0,388000,Tidak,Blok A,Reguler,Menipis
PRD-72021,142,43.0,26.0,23000,Ya,Blok A,Reguler,Backorder
PRD-28557,480,22.0,14.0,391000,Ya,Blok C,Reguler,Aman
PRD-65598,479,15.0,16.0,49000,Tidak,Blok A, reguler ,Aman
PRD-46683,388,32.0,19.0,368000,Ya,Blok B,premium ,Menipis
PRD-60124,303,19.0,27.0,174000,Tidak,Blok C,premium ,Menipis
PRD-55536,408,21.0,7.0,234000,Tidak,Blok B,Reguler,Aman
PRD-14134,326,48.0,22.0,387000,Tidak,Blok B,REGULER,Backorder
PRD-48765,380,35.0,,288000,Tidak,Blok B,Reguler,Backorder
PRD-87124,360,23.0,24.0,201000,Tidak,Blok C, reguler ,Backorder
PRD-47921,415,29.0,6.0,49000,Tidak,Blok A,Premium,Aman
PRD-30836,475,11.0,20.0,454000,Tidak,Blok C,Premium,Aman
PRD-55913,14,4.0,23.0,167000,Tidak,Blok B,Reguler,Backorder
PRD-10045,384,45.0,14.0,284000,Tidak,Blok A,Premium,Backorder
PRD-55641,96,4.0,28.0,307000,Tidak,Blok A,Premium,Menipis
PRD-20391,393,22.0,12.0,229000,Tidak,Blok B,Reguler,Aman
PRD-72424,297,28.0,8.0,332000,Tidak,Blok B, reguler ,Backorder
PRD-86229,402,42.0,18.0,95000,Ya,Blok C,REGULER,Menipis
PRD-22449,21,22.0,19.0,498000,Tidak,Blok B,premium ,Backorder
PRD-33321,11,33.0,19.0,90000,Tidak,Blok C,Premium,Backorder
PRD-29169,183,42.0,28.0,460000,Ya,Blok A,REGULER,Backorder
PRD-22183,224,47.0,24.0,414000,Tidak,Blok B,REGULER,Backorder
PRD-82683,288,38.0,3.0,22000,Tidak,Blok C,premium ,Aman
PRD-99300,285,6.0,8.0,22000,Tidak,Blok A,Premium,Aman
PRD-52321,397,22.0,9.0,450000,Tidak,Blok B,Premium,Aman
PRD-42583,317,46.0,24.0,426000,Tidak,Blok A,REGULER,Backorder
PRD-54484,137,2.0,20.0,140000,Tidak,Blok A, reguler ,Aman
PRD-68046,216,49.0,26.0,398000,Tidak,Blok A,premium ,Backorder
PRD-16789,136,6.0,7.0,106000,Tidak,Blok C,premium ,Aman
PRD-89431,273,29.0,8.0,316000,Tidak,Blok A,Reguler,Menipis
PRD-45735,27,11.0,21.0,364000,Tidak,Blok C,Reguler,Backorder
PRD-75641,285,9.0,3.0,477000,Tidak,Blok C,REGULER,Aman
PRD-86898,206,34.0,,239000,Ya,Blok A, reguler ,Menipis
PRD-68653,245,,17.0,147000,Ya,Blok B,premium ,Backorder
PRD-74510,373,,3.0,160000,Tidak,Blok A,premium ,Aman
PRD-54757,16,41.0,13.0,35000,Tidak,Blok C,Premium,Menipis
PRD-56359,353,48.0,15.0,57000,Tidak,Blok A,REGULER,Menipis
PRD-63739,205,37.0,5.0,428000,Tidak,Blok B,Premium,Menipis
PRD-86290,235,43.0,29.0,182000,Ya,Blok A,Premium,Backorder
PRD-56233,172,21.0,24.0,484000,Ya,Blok C,premium ,Menipis
PRD-54354,97,10.0,15.0,333000,Ya,Blok A,REGULER,Backorder
PRD-45670,262,27.0,13.0,348000,Tidak,Blok C,Premium,Aman
PRD-83903,452,10.0,4.0,141000,Tidak,Blok B,REGULER,Aman
PRD-64857,103,5.0,9.0,130000,Tidak,Blok A,Reguler,Aman
PRD-87960,276,8.0,29.0,115000,Tidak,Blok A,REGULER,Menipis
PRD-29457,85,38.0,999.0,445000,Tidak,Blok B, reguler ,Backorder
PRD-46386,488,43.0,14.0,201000,Ya,Blok C, reguler ,Backorder
PRD-35923,192,2.0,8.0,150000,Tidak,Blok A, reguler ,Aman
PRD-25928,152,11.0,19.0,92000,Ya,Blok A,premium ,Backorder
PRD-78694,471,16.0,8.0,24000,Tidak,Blok C,Premium,Aman
PRD-79157,257,24.0,9.0,421000,Ya,Blok B,premium ,Menipis
PRD-28799,348,15.0,14.0,357000,Tidak,Blok B, reguler ,Aman
PRD-81975,386,16.0,16.0,37000,Ya,Blok C,premium ,Aman
PRD-35163,403,18.0,7.0,497000,Tidak,Blok A, reguler ,Aman
PRD-81160,143,13.0,4.0,77000,Tidak,Blok B,Premium,Aman
PRD-91257,215,3.0,16.0,51000,Tidak,Blok A,Reguler,Aman
PRD-81596,162,2.0,27.0,159000,Tidak,Blok B, reguler ,Menipis
PRD-50733,254,3.0,29.0,179000,Ya,Blok C,premium ,Aman
PRD-89376,38,4.0,29.0,407000,Ya,Blok C,premium ,Backorder
PRD-35976,78,44.0,28.0,375000,Tidak,Blok B,premium ,Backorder
PRD-44064,137,38.0,22.0,249000,Tidak,Blok A, reguler ,Menipis
PRD-28240,331,5.0,16.0,119000,Ya,Blok A,REGULER,Aman
PRD-80210,146,42.0,11.0,20000,Tidak,Blok B, reguler ,Backorder
PRD-96971,462,17.0,23.0,316000,Ya,Blok C,Premium,Aman
PRD-71836,405,15.0,28.0,226000,Ya,Blok B,Premium,Menipis
PRD-38390,429,1.0,18.0,184000,Ya,Blok A, reguler ,Aman
PRD-79345,101,,17.0,319000,Tidak,Blok C, reguler ,Backorder
PRD-79517,381,15.0,27.0,15000,Tidak,Blok B,premium ,Aman
PRD-23894,150,24.0,10.0,315000,Tidak,Blok A,Premium,Backorder
PRD-44364,233,,13.0,97000,Tidak,Blok A,premium ,Aman
PRD-95389,470,47.0,6.0,125000,Tidak,Blok A,REGULER,Aman
PRD-59306,178,8.0,26.0,380000,Ya,Blok B, reguler ,Menipis
PRD-86918,201,48.0,11.0,300000,Ya,Blok B, reguler ,Aman
PRD-91871,210,36.0,19.0,371000,Tidak,Blok A,Reguler,Backorder
PRD-25960,87,39.0,6.0,436000,Tidak,Blok A,premium ,Menipis
PRD-73722,495,38.0,3.0,236000,Ya,Blok B,Reguler,Aman
PRD-16794,360,44.0,3.0,331000,Tidak,Blok B,REGULER,Aman
PRD-64638,29,20.0,4.0,73000,Tidak,Blok B,Premium,Backorder
PRD-45909,346,48.0,23.0,100000,Tidak,Blok A,Reguler,Backorder
PRD-98503,2,9.0,8.0,129000,Tidak,Blok C,Reguler,Backorder
PRD-20225,149,8.0,15.0,153000,Tidak,Blok C,premium ,Aman
PRD-46751,289,,27.0,176000,Tidak,Blok C,Premium,Menipis
PRD-77450,349,36.0,29.0,305000,Tidak,Blok A,premium ,Backorder
PRD-27118,183,6.0,9.0,474000,Tidak,Blok A, reguler ,Aman
PRD-16862,211,46.0,22.0,61000,Tidak,Blok A,Premium,Backorder
PRD-77914,212,10.0,10.0,160000,Ya,Blok C,Premium,Aman
PRD-13491,305,32.0,28.0,261000,Tidak,Blok A,premium ,Backorder
PRD-67207,453,20.0,6.0,493000,Tidak,Blok B,REGULER,Aman
PRD-11759,419,11.0,22.0,233000,Tidak,Blok A,REGULER,Aman
PRD-84816,363,45.0,999.0,476000,Tidak,Blok B,REGULER,Backorder
PRD-58113,295,3.0,12.0,43000,Tidak,Blok C, reguler ,Aman
PRD-19474,167,27.0,17.0,72000,Tidak,Blok B,premium ,Menipis
PRD-23515,36,5.0,5.0,461000,Ya,Blok A,REGULER,Aman
PRD-54179,300,7.0,,314000,Tidak,Blok B,Premium,Aman
PRD-92999,66,29.0,14.0,82000,Ya,Blok B,Reguler,Backorder
PRD-82534,479,3.0,19.0,233000,Tidak,Blok B,Reguler,Aman
PRD-93804,54,13.0,13.0,190000,Tidak,Blok C,Reguler,Backorder
PRD-89332,355,15.0,7.0,479000,Tidak,Blok A,REGULER,Aman
PRD-19346,470,31.0,25.0,288000,Ya,Blok C,REGULER,Backorder
PRD-41663,365,15.0,7.0,85000,Ya,Blok C,REGULER,Aman
PRD-70213,443,43.0,999.0,41000,Tidak,Blok A,Reguler,Backorder
PRD-31672,148,11.0,12.0,134000,Tidak,Blok A, reguler ,Menipis
PRD-60969,275,15.0,26.0,104000,Tidak,Blok C, reguler ,Menipis
PRD-73083,411,,10.0,30000,Ya,Blok C,Reguler,Menipis
PRD-96486,362,15.0,7.0,485000,Ya,Blok B,Premium,Aman
PRD-11502,433,29.0,5.0,475000,Tidak,Blok C,Premium,Aman
PRD-28344,96,25.0,23.0,61000,Tidak,Blok A,premium ,Menipis
PRD-15796,478,9.0,4.0,122000,Tidak,Blok B, reguler ,Aman
PRD-66583,112,20.0,11.0,419000,Ya,Blok A, reguler ,Menipis
PRD-85916,314,16.0,8.0,17000,Tidak,Blok A,REGULER,Aman
PRD-28984,125,30.0,11.0,385000,Tidak,Blok A, reguler ,Backorder
PRD-33147,286,3.0,13.0,49000,Tidak,Blok B,Reguler,Aman
PRD-70058,372,5.0,22.0,115000,Tidak,Blok C,REGULER,Menipis
PRD-55203,81,16.0,6.0,479000,Tidak,Blok A,REGULER,Menipis
PRD-94153,369,10.0,,228000,Tidak,Blok B,premium ,Aman
PRD-50874,356,16.0,5.0,410000,Tidak,Blok C, reguler ,Aman
PRD-53391,103,29.0,2.0,40000,Ya,Blok B,premium ,Aman
PRD-52865,0,38.0,27.0,75000,Tidak,Blok C, reguler ,Backorder
PRD-46649,424,12.0,9.0,256000,Tidak,Blok C,premium ,Menipis
PRD-68446,153,18.0,21.0,248000,Tidak,Blok C,REGULER,Backorder
PRD-81906,203,,5.0,185000,Ya,Blok C,Premium,Aman
PRD-88972,420,44.0,6.0,312000,Tidak,Blok C,REGULER,Aman
PRD-81849,301,28.0,23.0,450000,Tidak,Blok A,Reguler,Backorder
PRD-94720,275,10.0,8.0,258000,Tidak,Blok A, reguler ,Aman
PRD-15237,243,36.0,3.0,215000,Ya,Blok C,Reguler,Menipis
PRD-15486,247,8.0,25.0,456000,Tidak,Blok A,Premium,Aman
PRD-52120,84,38.0,15.0,141000,Tidak,Blok B,premium ,Backorder
PRD-41910,334,48.0,7.0,81000,Ya,Blok A, reguler ,Menipis
PRD-21698,205,,2.0,170000,Tidak,Blok A,Reguler,Menipis
PRD-56271,24,7.0,26.0,266000,Tidak,Blok B,premium ,Backorder
PRD-46320,42,38.0,12.0,231000,Tidak,Blok A,REGULER,Backorder
PRD-25261,437,27.0,9.0,206000,Ya,Blok C,Reguler,Menipis
PRD-26103,245,25.0,26.0,92000,Tidak,Blok B,REGULER,Backorder
PRD-84694,175,30.0,12.0,473000,Tidak,Blok C, reguler ,Backorder
PRD-97794,265,44.0,13.0,404000,Tidak,Blok A,premium ,Backorder
PRD-71709,391,49.0,20.0,302000,Tidak,Blok A,premium ,Aman
PRD-72543,444,11.0,27.0,121000,Ya,Blok B, reguler ,Aman
PRD-98499,341,47.0,11.0,142000,Ya,Blok B, reguler ,Menipis
PRD-59810,309,25.0,10.0,191000,Tidak,Blok C,REGULER,Menipis
PRD-99110,385,8.0,2.0,28000,Ya,Blok C, reguler ,Aman
PRD-32671,12,34.0,20.0,129000,Ya,Blok A,REGULER,Menipis
PRD-76690,428,14.0,8.0,295000,Tidak,Blok B,REGULER,Aman
PRD-44409,48,29.0,18.0,226000,Tidak,Blok A,premium ,Menipis
PRD-85452,426,34.0,22.0,411000,Tidak,Blok C,premium ,Menipis
PRD-63806,115,5.0,22.0,310000,Tidak,Blok A,REGULER,Backorder
PRD-40531,395,48.0,5.0,26000,Tidak,Blok A,Reguler,Menipis
PRD-64302,202,41.0,3.0,121000,Ya,Blok A,Premium,Aman
PRD-90097,29,,9.0,160000,Tidak,Blok C,premium ,Aman
PRD-92016,370,17.0,12.0,60000,Ya,Blok A, reguler ,Aman
PRD-87224,389,8.0,12.0,204000,Tidak,Blok A,REGULER,Aman
PRD-39960,63,15.0,18.0,369000,Tidak,Blok C,premium ,Backorder
PRD-92979,456,18.0,29.0,101000,Ya,Blok A,REGULER,Aman
PRD-34154,326,23.0,,479000,Tidak,Blok C,Reguler,Backorder
PRD-29403,445,22.0,24.0,293000,Tidak,Blok B,premium ,Menipis
PRD-96226,268,,2.0,378000,Tidak,Blok C,premium ,Aman
PRD-20355,440,23.0,15.0,59000,Tidak,Blok A,Reguler,Menipis
PRD-55177,80,4.0,8.0,367000,Tidak,Blok C,premium ,Menipis
PRD-51984,397,4.0,9.0,424000,Tidak,Blok A,Reguler,Aman
PRD-98668,257,24.0,999.0,31000,Ya,Blok C,premium ,Backorder
PRD-12426,402,28.0,9.0,292000,Tidak,Blok A,Premium,Aman
PRD-60100,356,16.0,10.0,476000,Tidak,Blok A,Premium,Backorder
PRD-88213,438,10.0,15.0,254000,Tidak,Blok C,Premium,Aman
PRD-49922,198,,18.0,21000,Tidak,Blok A,premium ,Menipis
PRD-13810,200,20.0,19.0,162000,Tidak,Blok C,Reguler,Backorder
PRD-25151,176,46.0,7.0,497000,Tidak,Blok C,premium ,Backorder
PRD-35279,102,11.0,28.0,495000,Tidak,Blok A,Reguler,Menipis
PRD-79350,191,10.0,10.0,100000,Tidak,Blok A,Reguler,Aman
PRD-53116,85,21.0,10.0,285000,Tidak,Blok B,REGULER,Menipis
PRD-76896,341,1.0,25.0,482000,Tidak,Blok C,REGULER,Aman
PRD-11269,287,5.0,27.0,346000,Tidak,Blok B,premium ,Aman
PRD-53880,362,32.0,27.0,115000,Tidak,Blok C, reguler ,Menipis
PRD-15744,332,19.0,9.0,249000,Tidak,Blok C,Premium,Aman
PRD-66241,123,29.0,21.0,220000,Tidak,Blok C,Reguler,Menipis
PRD-86961,189,8.0,4.0,494000,Tidak,Blok A,Premium,Aman
PRD-16447,346,19.0,8.0,76000,Tidak,Blok B,REGULER,Aman
PRD-82572,201,4.0,15.0,22000,Tidak,Blok A,REGULER,Aman
PRD-38469,62,39.0,2.0,433000,Tidak,Blok A,Premium,Menipis
PRD-72694,430,36.0,17.0,150000,Tidak,Blok C,premium ,Backorder
PRD-58874,475,11.0,9.0,111000,Tidak,Blok B,Reguler,Aman
PRD-26406,195,43.0,,374000,Ya,Blok B,Premium,Backorder
PRD-50002,433,7.0,22.0,10000,Ya,Blok B,Premium,Aman
PRD-43593,108,4.0,7.0,115000,Ya,Blok B, reguler ,Aman
PRD-63330,285,36.0,2.0,221000,Ya,Blok B,Reguler,Aman
PRD-27027,392,28.0,20.0,349000,Tidak,Blok C,REGULER,Menipis
PRD-69858,178,29.0,5.0,101000,Tidak,Blok C, reguler ,Menipis
PRD-33762,269,36.0,4.0,336000,Tidak,Blok C,Reguler,Aman
PRD-81260,246,38.0,23.0,67000,Ya,Blok B,Premium,Backorder
PRD-31988,434,31.0,25.0,389000,Ya,Blok B, reguler ,Backorder
PRD-11802,112,46.0,27.0,194000,Tidak,Blok B,premium ,Menipis
PRD-72142,299,48.0,2.0,301000,Tidak,Blok C,REGULER,Aman
PRD-52727,76,15.0,8.0,424000,Tidak,Blok A,premium ,Backorder
PRD-96373,182,4.0,20.0,67000,Ya,Blok A,REGULER,Menipis
PRD-86707,417,15.0,28.0,36000,Ya,Blok A,premium ,Menipis
PRD-85017,107,7.0,3.0,461000,Tidak,Blok A,premium ,Menipis
PRD-12462,249,35.0,26.0,45000,Tidak,Blok C,Reguler,Menipis
PRD-25386,397,24.0,9.0,185000,Ya,Blok B,premium ,Aman
PRD-50164,241,15.0,21.0,453000,Tidak,Blok A,Reguler,Menipis
PRD-50149,364,14.0,3.0,22000,Ya,Blok C,Premium,Aman
PRD-54788,487,40.0,14.0,40000,Ya,Blok C,premium ,Menipis
PRD-70593,110,8.0,12.0,227000,Tidak,Blok C, reguler ,Aman
PRD-56546,176,30.0,18.0,59000,Tidak,Blok A,REGULER,Aman
PRD-38261,92,30.0,12.0,80000,Ya,Blok C,REGULER,Backorder
PRD-82255,357,42.0,27.0,420000,Ya,Blok C,Premium,Backorder
PRD-13956,135,36.0,17.0,391000,Tidak,Blok A,premium ,Backorder
PRD-18605,87,43.0,11.0,24000,Tidak,Blok A,premium ,Backorder
PRD-10946,17,38.0,23.0,430000,Ya,Blok B,Premium,Backorder
PRD-81312,133,21.0,23.0,376000,Tidak,Blok C,REGULER,Backorder
PRD-88953,39,45.0,8.0,185000,Tidak,Blok B,premium ,Aman
PRD-84740,12,7.0,4.0,17000,Tidak,Blok A,Premium,Menipis
PRD-58895,119,37.0,15.0,434000,Ya,Blok A, reguler ,Backorder
PRD-41376,419,22.0,18.0,476000,Tidak,Blok A,REGULER,Backorder
PRD-24345,18,39.0,29.0,305000,Ya,Blok C,Premium,Backorder
PRD-87694,497,48.0,2.0,259000,Tidak,Blok A,REGULER,Menipis
PRD-43073,5,24.0,14.0,246000,Ya,Blok A,Reguler,Backorder
PRD-38145,14,4.0,28.0,21000,Ya,Blok C,Reguler,Backorder
PRD-66572,272,41.0,4.0,243000,Tidak,Blok C,Reguler,Menipis
PRD-96475,78,45.0,11.0,36000,Tidak,Blok A,Reguler,Backorder
PRD-73936,460,20.0,22.0,279000,Tidak,Blok A, reguler ,Menipis
PRD-96436,336,24.0,21.0,481000,Tidak,Blok C,premium ,Backorder
PRD-99044,81,13.0,12.0,396000,Tidak,Blok C,Reguler,Backorder
PRD-76418,490,2.0,28.0,346000,Tidak,Blok C,Premium,Aman
PRD-52891,473,32.0,24.0,281000,Tidak,Blok A,premium ,Aman
PRD-71030,199,,7.0,424000,Tidak,Blok C,REGULER,Backorder
PRD-59500,118,38.0,15.0,432000,Tidak,Blok C,Premium,Backorder
PRD-73865,413,30.0,8.0,278000,Ya,Blok C,REGULER,Menipis
PRD-92015,460,37.0,11.0,39000,Ya,Blok C,Premium,Aman
PRD-75642,387,30.0,12.0,480000,Tidak,Blok B,premium ,Menipis
PRD-65963,229,19.0,6.0,184000,Ya,Blok B,premium ,Backorder
PRD-74288,206,25.0,25.0,475000,Tidak,Blok B,premium ,Menipis
PRD-94667,110,8.0,19.0,347000,Tidak,Blok C,Reguler,Backorder
PRD-31639,360,7.0,7.0,53000,Ya,Blok B,premium ,Aman
PRD-43717,471,15.0,15.0,422000,Tidak,Blok A, reguler ,Aman
PRD-71272,178,39.0,11.0,123000,Tidak,Blok C,Reguler,Menipis
PRD-42535,20,,17.0,57000,Tidak,Blok A,Premium,Backorder
PRD-25629,226,29.0,23.0,120000,Tidak,Blok B,premium ,Backorder
PRD-17601,442,1.0,20.0,347000,Tidak,Blok C,Premium,Aman
PRD-20082,23,8.0,15.0,386000,Tidak,Blok B,Premium,Backorder
PRD-80258,61,,18.0,300000,Ya,Blok C,Premium,Menipis
PRD-93524,397,29.0,10.0,72000,Ya,Blok B,REGULER,Menipis
PRD-72912,289,33.0,21.0,54000,Tidak,Blok C,Premium,Backorder
PRD-51420,231,15.0,,204000,Ya,Blok B,Reguler,Menipis
PRD-23403,293,1.0,27.0,390000,Tidak,Blok C,premium ,Aman
PRD-90758,452,40.0,25.0,145000,Tidak,Blok A,Premium,Backorder
PRD-82516,130,29.0,10.0,221000,Tidak,Blok B,premium ,Menipis
PRD-80969,152,32.0,28.0,309000,Ya,Blok C,REGULER,Backorder
PRD-59853,497,,13.0,230000,Tidak,Blok B, reguler ,Backorder
PRD-58543,375,41.0,24.0,71000,Tidak,Blok B,Premium,Menipis
PRD-47384,9,39.0,21.0,215000,Tidak,Blok A, reguler ,Backorder
PRD-92733,62,2.0,5.0,38000,Tidak,Blok B,REGULER,Aman
PRD-98646,222,23.0,,409000,Ya,Blok B,Reguler,Aman
PRD-34561,86,34.0,,462000,Tidak,Blok A,Reguler,Menipis
PRD-36986,324,49.0,26.0,274000,Ya,Blok C, reguler ,Menipis
PRD-89557,420,34.0,18.0,369000,Tidak,Blok C,REGULER,Backorder
PRD-72709,476,44.0,18.0,33000,Ya,Blok A, reguler ,Backorder
PRD-74274,279,,14.0,58000,Tidak,Blok A,premium ,Backorder
PRD-15656,182,11.0,19.0,57000,Tidak,Blok C, reguler ,Backorder
PRD-98614,278,18.0,28.0,171000,Tidak,Blok C,Premium,Aman
PRD-38369,425,21.0,4.0,469000,Ya,Blok C,Reguler,Menipis
PRD-38205,363,45.0,5.0,237000,Tidak,Blok B,Reguler,Aman
PRD-71032,27,37.0,22.0,41000,Ya,Blok A,Reguler,Backorder
PRD-31576,267,29.0,15.0,129000,Tidak,Blok C,premium ,Backorder
PRD-82115,363,16.0,10.0,355000,Tidak,Blok A,Reguler,Aman
PRD-45187,49,20.0,5.0,191000,Ya,Blok C,premium ,Backorder
PRD-30611,97,16.0,29.0,318000,Tidak,Blok C,Premium,Backorder
PRD-56479,486,29.0,17.0,456000,Tidak,Blok C,Premium,Menipis
PRD-30746,55,27.0,10.0,49000,Ya,Blok A,REGULER,Backorder
PRD-92912,442,42.0,999.0,356000,Tidak,Blok C,Premium,Backorder
PRD-67796,307,21.0,21.0,278000,Tidak,Blok C,Premium,Menipis
PRD-33225,180,7.0,15.0,22000,Ya,Blok C,Premium,Menipis
PRD-60654,139,39.0,20.0,153000,Ya,Blok C, reguler ,Backorder
PRD-45294,27,13.0,12.0,127000,Ya,Blok B,Reguler,Backorder
PRD-46113,266,,3.0,449000,Tidak,Blok C,Reguler,Menipis
PRD-20703,493,47.0,8.0,302000,Tidak,Blok C,REGULER,Backorder
PRD-38412,213,,13.0,328000,Ya,Blok C,Premium,Menipis
PRD-98652,52,8.0,15.0,88000,Tidak,Blok A,premium ,Backorder
PRD-90865,13,7.0,7.0,208000,Ya,Blok B,REGULER,Backorder
PRD-22185,389,9.0,27.0,105000,Tidak,Blok C,REGULER,Aman
PRD-85010,30,28.0,14.0,354000,Tidak,Blok C, reguler ,Backorder
PRD-98992,213,46.0,28.0,427000,Ya,Blok C,premium ,Backorder
PRD-35307,73,6.0,14.0,258000,Tidak,Blok A,REGULER,Menipis
PRD-58443,390,14.0,13.0,141000,Tidak,Blok B, reguler ,Aman
PRD-16806,261,,14.0,260000,Tidak,Blok C,premium ,Aman
PRD-43870,277,48.0,28.0,453000,Tidak,Blok B,Premium,Menipis
PRD-29171,346,25.0,17.0,451000,Tidak,Blok C, reguler ,Aman
PRD-35150,347,38.0,16.0,183000,Tidak,Blok A,Premium,Menipis
PRD-14567,375,5.0,6.0,309000,Tidak,Blok A,Premium,Aman
PRD-23580,43,45.0,5.0,449000,Ya,Blok C,premium ,Menipis
PRD-58671,232,10.0,28.0,100000,Tidak,Blok B,REGULER,Backorder
PRD-33171,100,5.0,15.0,32000,Ya,Blok B, reguler ,Aman
PRD-94659,327,9.0,14.0,16000,Tidak,Blok B,premium ,Aman
PRD-37007,151,41.0,,14000,Ya,Blok B,Premium,Backorder
PRD-12196,283,11.0,22.0,355000,Tidak,Blok B, reguler ,Menipis
PRD-54462,157,35.0,21.0,281000,Ya,Blok B,premium ,Backorder
PRD-59589,204,44.0,4.0,253000,Tidak,Blok A, reguler ,Menipis
PRD-46289,172,36.0,7.0,452000,Ya,Blok A,premium ,Menipis
PRD-19493,442,11.0,26.0,248000,Ya,Blok A, reguler ,Aman
PRD-91147,200,1.0,21.0,83000,Tidak,Blok B,Reguler,Aman
PRD-69379,330,9.0,27.0,89000,Tidak,Blok B,premium ,Menipis
PRD-35566,310,27.0,23.0,58000,Ya,Blok B,Reguler,Aman
PRD-13338,75,15.0,22.0,470000,Tidak,Blok C,Premium,Menipis
PRD-46224,163,48.0,27.0,390000,Ya,Blok A,Premium,Backorder
PRD-61028,333,14.0,14.0,171000,Tidak,Blok C, reguler ,Aman
PRD-29420,103,44.0,5.0,14000,Tidak,Blok C, reguler ,Backorder
PRD-96567,404,15.0,26.0,26000,Ya,Blok A,Premium,Menipis
PRD-73350,348,25.0,7.0,252000,Tidak,Blok A, reguler ,Aman
PRD-95090,393,,22.0,494000,Ya,Blok A, reguler ,Backorder
PRD-62853,246,7.0,28.0,331000,Tidak,Blok C, reguler ,Menipis
PRD-29476,87,17.0,3.0,272000,Tidak,Blok C,Reguler,Aman
PRD-38251,193,44.0,16.0,340000,Tidak,Blok B,Reguler,Aman
PRD-57766,328,13.0,19.0,34000,Tidak,Blok B,Reguler,Aman
PRD-12610,210,46.0,13.0,341000,Tidak,Blok B,Reguler,Backorder
PRD-21664,373,1.0,13.0,443000,Tidak,Blok C,Premium,Aman
PRD-50387,129,13.0,28.0,489000,Tidak,Blok A, reguler ,Backorder
PRD-89252,10,29.0,13.0,221000,Ya,Blok C, reguler ,Backorder
PRD-59757,395,37.0,4.0,151000,Tidak,Blok B,Reguler,Aman
PRD-53169,109,28.0,9.0,105000,Tidak,Blok B,premium ,Backorder
PRD-56289,370,45.0,6.0,375000,Tidak,Blok A, reguler ,Menipis
PRD-42920,117,46.0,11.0,161000,Tidak,Blok C,REGULER,Aman
PRD-33664,163,3.0,27.0,156000,Tidak,Blok A, reguler ,Aman
PRD-64659,152,11.0,12.0,34000,Tidak,Blok B,REGULER,Menipis
PRD-31677,358,43.0,24.0,75000,Tidak,Blok A,REGULER,Backorder
PRD-78099,322,42.0,10.0,337000,Tidak,Blok A, reguler ,Backorder
PRD-93860,80,36.0,15.0,68000,Tidak,Blok C,Premium,Backorder
PRD-74041,484,23.0,27.0,440000,Tidak,Blok C, reguler ,Backorder
PRD-39301,470,48.0,10.0,78000,Ya,Blok A,premium ,Menipis
PRD-30923,236,49.0,14.0,322000,Ya,Blok C,REGULER,Backorder
PRD-72403,482,5.0,7.0,475000,Tidak,Blok C,Reguler,Aman
PRD-32923,104,47.0,26.0,275000,Tidak,Blok C,Reguler,Backorder
PRD-60886,29,44.0,28.0,91000,Ya,Blok C,REGULER,Backorder
PRD-68067,472,45.0,999.0,83000,Tidak,Blok C,premium ,Backorder
PRD-34530,149,43.0,27.0,162000,Tidak,Blok A, reguler ,Menipis
PRD-57829,384,3.0,6.0,263000,Tidak,Blok C,REGULER,Aman
PRD-98509,247,47.0,27.0,257000,Tidak,Blok C,premium ,Backorder
PRD-85986,97,27.0,18.0,115000,Ya,Blok B,Reguler,Aman
PRD-96206,107,40.0,9.0,214000,Tidak,Blok A,premium ,Backorder
PRD-78422,430,16.0,28.0,496000,Tidak,Blok B,premium ,Backorder
PRD-79754,360,3.0,8.0,205000,Ya,Blok C,Premium,Aman
PRD-30388,195,18.0,14.0,102000,Tidak,Blok B,Reguler,Menipis
PRD-75618,320,24.0,24.0,67000,Tidak,Blok C,Reguler,Backorder
PRD-91541,483,7.0,19.0,432000,Tidak,Blok C,REGULER,Aman
PRD-96912,112,3.0,17.0,93000,Tidak,Blok C,Premium,Aman
PRD-65096,227,27.0,11.0,189000,Tidak,Blok C, reguler ,Menipis
PRD-48138,10,21.0,4.0,412000,Ya,Blok C,REGULER,Backorder
PRD-55800,327,10.0,22.0,149000,Tidak,Blok A,Premium,Aman
PRD-48110,458,5.0,15.0,340000,Tidak,Blok C,REGULER,Aman
PRD-96450,232,43.0,8.0,123000,Tidak,Blok A,REGULER,Backorder
PRD-81466,478,37.0,14.0,227000,Ya,Blok C,premium ,Menipis
PRD-80093,203,35.0,2.0,331000,Tidak,Blok A, reguler ,Backorder
PRD-43639,301,19.0,13.0,310000,Tidak,Blok B, reguler ,Backorder
PRD-94664,1,34.0,24.0,44000,Ya,Blok B,Reguler,Backorder
PRD-76163,417,48.0,29.0,279000,Tidak,Blok A,Premium,Backorder
PRD-14529,51,17.0,5.0,337000,Tidak,Blok B,premium ,Menipis
PRD-72046,410,41.0,28.0,447000,Tidak,Blok B,Reguler,Backorder
PRD-89071,170,2.0,5.0,417000,Ya,Blok B, reguler ,Aman
PRD-56371,243,47.0,19.0,415000,Tidak,Blok A,premium ,Backorder
PRD-68871,386,44.0,10.0,87000,Ya,Blok B,Premium,Backorder
PRD-27199,89,,19.0,152000,Tidak,Blok A,Reguler,Menipis
PRD-28296,41,14.0,16.0,112000,Tidak,Blok A, reguler ,Aman
PRD-32185,369,35.0,22.0,236000,Tidak,Blok A,premium ,Backorder
PRD-67032,481,2.0,22.0,139000,Tidak,Blok B,premium ,Aman
PRD-43933,258,40.0,22.0,484000,Tidak,Blok A,Premium,Backorder
PRD-99340,166,43.0,15.0,358000,Tidak,Blok C,REGULER,Backorder
PRD-66396,441,3.0,7.0,269000,Ya,Blok C,Premium,Aman
PRD-93656,175,24.0,14.0,440000,Tidak,Blok A,Premium,Backorder
PRD-88002,363,14.0,23.0,144000,Tidak,Blok A,REGULER,Aman
PRD-75633,182,15.0,19.0,110000,Tidak,Blok A,premium ,Backorder
PRD-60812,242,25.0,3.0,384000,Tidak,Blok B,premium ,Aman
PRD-41598,150,48.0,16.0,436000,Ya,Blok C,Reguler,Backorder
PRD-89453,297,49.0,14.0,313000,Tidak,Blok C,Premium,Backorder
PRD-85148,376,36.0,17.0,113000,Tidak,Blok A,REGULER,Backorder
PRD-88915,1,18.0,17.0,194000,Tidak,Blok C,Premium,Backorder
PRD-18572,429,21.0,7.0,430000,Ya,Blok C,Reguler,Aman
PRD-17367,376,11.0,11.0,186000,Tidak,Blok B,REGULER,Aman
PRD-99080,96,28.0,11.0,299000,Tidak,Blok A,Reguler,Aman
PRD-90729,16,24.0,9.0,283000,Ya,Blok C,Premium,Aman
PRD-95314,317,5.0,10.0,21000,Tidak,Blok A, reguler ,Aman
PRD-22109,425,49.0,14.0,441000,Tidak,Blok A,REGULER,Menipis
PRD-68031,237,16.0,10.0,324000,Ya,Blok C,Reguler,Menipis
PRD-39063,126,9.0,999.0,323000,Tidak,Blok A,REGULER,Backorder
PRD-31976,190,3.0,2.0,39000,Ya,Blok B,premium ,Aman
PRD-91905,204,1.0,,236000,Tidak,Blok B,Premium,Aman
PRD-64021,356,47.0,7.0,421000,Ya,Blok B,REGULER,Aman
PRD-38151,83,23.0,999.0,94000,Tidak,Blok A,REGULER,Backorder
PRD-75450,259,18.0,9.0,104000,Ya,Blok B, reguler ,Backorder
PRD-65913,222,23.0,27.0,75000,Ya,Blok A,Premium,Backorder
PRD-61707,404,14.0,15.0,125000,Tidak,Blok A,Premium,Aman
PRD-84328,211,49.0,13.0,141000,Tidak,Blok C,Premium,Backorder
PRD-59648,269,18.0,23.0,242000,Tidak,Blok C,premium ,Backorder
PRD-47030,372,,26.0,145000,Tidak,Blok B,Reguler,Backorder
PRD-21781,159,2.0,20.0,117000,Ya,Blok B,REGULER,Aman
PRD-16047,468,24.0,3.0,353000,Tidak,Blok B,Premium,Aman
PRD-99766,86,7.0,11.0,92000,Ya,Blok A,premium ,Aman
PRD-29288,5,16.0,14.0,218000,Tidak,Blok B,Premium,Backorder
PRD-67196,488,46.0,29.0,72000,Tidak,Blok B,premium ,Menipis
PRD-67021,155,46.0,23.0,85000,Tidak,Blok A,REGULER,Backorder
PRD-96959,492,39.0,25.0,77000,Tidak,Blok B,Reguler,Menipis
PRD-69063,91,42.0,18.0,431000,Tidak,Blok A,Reguler,Backorder
PRD-64471,310,2.0,13.0,262000,Ya,Blok C,Reguler,Backorder
PRD-37843,72,43.0,3.0,291000,Tidak,Blok B,REGULER,Aman
PRD-63502,317,21.0,23.0,159000,Ya,Blok B, reguler ,Backorder
PRD-65123,83,12.0,10.0,13000,Ya,Blok C,premium ,Backorder
PRD-87787,377,1.0,7.0,289000,Ya,Blok A,premium ,Aman
PRD-57701,86,23.0,26.0,484000,Ya,Blok A,REGULER,Backorder
PRD-41971,68,8.0,9.0,61000,Tidak,Blok C,REGULER,Menipis
PRD-12985,380,1.0,3.0,233000,Tidak,Blok B, reguler ,Aman
PRD-75303,211,16.0,22.0,118000,Tidak,Blok B,Premium,Backorder
PRD-56542,343,46.0,10.0,65000,Tidak,Blok A,Reguler,Aman
PRD-73456,329,20.0,21.0,347000,Ya,Blok A, reguler ,Aman
PRD-78916,210,4.0,24.0,252000,Ya,Blok C,premium ,Aman
PRD-21156,454,18.0,17.0,200000,Tidak,Blok A,Reguler,Menipis
PRD-21745,90,43.0,24.0,336000,Tidak,Blok A,Reguler,Menipis
PRD-74973,188,3.0,999.0,28000,Tidak,Blok C,Premium,Menipis
PRD-80949,497,3.0,15.0,75000,Ya,Blok A, reguler ,Aman
PRD-60138,119,34.0,26.0,32000,Tidak,Blok A,Reguler,Backorder
PRD-11832,55,5.0,12.0,86000,Tidak,Blok C,Reguler,Aman
PRD-75864,233,28.0,15.0,441000,Ya,Blok C, reguler ,Backorder
PRD-77443,185,46.0,9.0,357000,Tidak,Blok A,premium ,Aman
PRD-69500,35,25.0,15.0,229000,Tidak,Blok A,REGULER,Backorder
PRD-73353,124,20.0,25.0,291000,Tidak,Blok C,premium ,Aman
PRD-59416,102,34.0,29.0,351000,Ya,Blok A,REGULER,Backorder
PRD-64816,225,15.0,24.0,496000,Tidak,Blok B,REGULER,Backorder
PRD-14030,356,48.0,17.0,285000,Tidak,Blok A,Reguler,Backorder
PRD-98708,442,31.0,23.0,283000,Tidak,Blok A, reguler ,Backorder
PRD-39992,239,7.0,11.0,56000,Tidak,Blok A,Premium,Aman
PRD-15409,261,41.0,18.0,329000,Tidak,Blok C,Premium,Backorder
PRD-77306,340,16.0,5.0,260000,Tidak,Blok B,premium ,Aman
PRD-91131,478,40.0,17.0,84000,Tidak,Blok A,Premium,Menipis
PRD-60374,85,34.0,18.0,474000,Tidak,Blok B,Premium,Backorder
PRD-42099,214,12.0,,345000,Ya,Blok C,premium ,Backorder
PRD-28316,296,11.0,20.0,271000,Tidak,Blok B, reguler ,Backorder
PRD-34976,285,9.0,22.0,404000,Tidak,Blok C,premium ,Aman
PRD-95707,188,12.0,22.0,405000,Tidak,Blok A, reguler ,Menipis
PRD-45157,442,23.0,,276000,Tidak,Blok A,Premium,Backorder
PRD-85153,303,38.0,12.0,84000,Tidak,Blok B,REGULER,Backorder
PRD-67920,45,6.0,,436000,Ya,Blok A,premium ,Menipis
PRD-19649,96,46.0,11.0,191000,Tidak,Blok C,Reguler,Backorder
PRD-25210,318,16.0,8.0,32000,Tidak,Blok B, reguler ,Aman
PRD-13228,186,44.0,19.0,263000,Ya,Blok B,REGULER,Backorder
PRD-46777,431,40.0,11.0,226000,Ya,Blok A,Premium,Menipis
PRD-59996,119,42.0,9.0,185000,Tidak,Blok B,Premium,Backorder
PRD-99349,291,44.0,12.0,311000,Tidak,Blok B, reguler ,Backorder
PRD-65798,31,12.0,16.0,491000,Tidak,Blok B,Premium,Menipis
PRD-90909,30,47.0,28.0,87000,Ya,Blok A,premium ,Backorder
PRD-74265,251,38.0,999.0,71000,Tidak,Blok C, reguler ,Aman
PRD-45440,307,17.0,21.0,12000,Tidak,Blok C, reguler ,Aman
PRD-17942,107,4.0,27.0,208000,Ya,Blok A,REGULER,Backorder
PRD-48736,145,23.0,5.0,67000,Tidak,Blok A,REGULER,Menipis
PRD-76168,336,42.0,,249000,Ya,Blok C,Reguler,Menipis
PRD-17283,73,27.0,26.0,142000,Ya,Blok B,premium ,Menipis
PRD-58268,49,29.0,28.0,373000,Tidak,Blok B,REGULER,Backorder
PRD-33086,251,17.0,15.0,446000,Ya,Blok B, reguler ,Aman
PRD-29256,234,4.0,19.0,236000,Ya,Blok B,Reguler,Aman
PRD-27861,105,17.0,5.0,433000,Ya,Blok B,Reguler,Aman
PRD-77969,367,40.0,9.0,92000,Tidak,Blok A, reguler ,Menipis
PRD-34000,230,24.0,25.0,245000,Tidak,Blok A, reguler ,Backorder
PRD-84051,413,4.0,17.0,439000,Tidak,Blok C,Reguler,Aman
PRD-96695,440,36.0,8.0,35000,Tidak,Blok A, reguler ,Aman
PRD-60288,443,4.0,8.0,61000,Tidak,Blok A,REGULER,Aman
PRD-90158,322,25.0,26.0,179000,Ya,Blok C,Reguler,Backorder
PRD-88422,223,18.0,11.0,267000,Tidak,Blok A,Premium,Aman
PRD-65419,315,14.0,27.0,218000,Tidak,Blok A,Reguler,Backorder
PRD-29416,266,29.0,2.0,94000,Ya,Blok C,Premium,Aman
PRD-83914,187,43.0,29.0,207000,Tidak,Blok B,Reguler,Backorder
PRD-65668,151,8.0,24.0,393000,Tidak,Blok B,REGULER,Backorder
PRD-35425,496,22.0,15.0,499000,Tidak,Blok C,REGULER,Aman
PRD-61925,433,32.0,18.0,207000,Ya,Blok A,premium ,Aman
PRD-98668,446,5.0,23.0,134000,Tidak,Blok A,Premium,Aman
PRD-40133,374,35.0,18.0,420000,Tidak,Blok B, reguler ,Backorder
PRD-97538,358,9.0,28.0,57000,Tidak,Blok C,Premium,Aman
PRD-37206,23,15.0,18.0,172000,Tidak,Blok C,REGULER,Menipis
PRD-38004,98,38.0,999.0,83000,Ya,Blok C,premium ,Backorder
PRD-17235,433,22.0,19.0,311000,Ya,Blok C,Reguler,Aman
PRD-65415,452,16.0,11.0,23000,Tidak,Blok B,Reguler,Menipis
PRD-49749,137,48.0,15.0,240000,Tidak,Blok B,premium ,Backorder
PRD-72537,136,,27.0,41000,Tidak,Blok A,REGULER,Menipis
PRD-97458,301,24.0,21.0,360000,Tidak,Blok C,Reguler,Backorder
PRD-34818,188,22.0,14.0,51000,Tidak,Blok A,premium ,Backorder
PRD-73690,391,30.0,10.0,127000,Tidak,Blok B,Reguler,Aman
PRD-27563,11,25.0,3.0,103000,Tidak,Blok C,Reguler,Backorder
PRD-50438,41,14.0,15.0,102000,Ya,Blok B, reguler ,Menipis
PRD-50647,33,39.0,13.0,136000,Ya,Blok A,REGULER,Backorder
PRD-52470,132,49.0,27.0,98000,Tidak,Blok B, reguler ,Backorder
PRD-91578,339,26.0,27.0,392000,Tidak,Blok A,Premium,Backorder
PRD-21936,184,6.0,24.0,248000,Tidak,Blok C,REGULER,Aman
PRD-70252,70,41.0,28.0,364000,Tidak,Blok A,Premium,Backorder
PRD-37209,249,20.0,7.0,68000,Ya,Blok C,premium ,Aman
PRD-39281,440,4.0,8.0,221000,Ya,Blok A,REGULER,Backorder
PRD-88518,320,47.0,22.0,234000,Ya,Blok A,premium ,Backorder
PRD-96700,366,4.0,27.0,229000,Tidak,Blok C,REGULER,Aman
PRD-35592,498,14.0,26.0,93000,Tidak,Blok A,premium ,Aman
PRD-18802,205,44.0,999.0,475000,Tidak,Blok B,Reguler,Backorder
PRD-98989,222,30.0,8.0,248000,Tidak,Blok C,Reguler,Aman
PRD-68585,6,10.0,19.0,473000,Tidak,Blok A,REGULER,Backorder
PRD-87271,327,49.0,23.0,120000,Tidak,Blok C,Reguler,Backorder
PRD-35121,242,49.0,4.0,419000,Ya,Blok A, reguler ,Aman
PRD-41645,85,10.0,8.0,408000,Tidak,Blok C,REGULER,Backorder
PRD-62136,110,23.0,9.0,162000,Tidak,Blok C,Premium,Backorder
PRD-19927,168,42.0,25.0,310000,Ya,Blok A,Premium,Backorder
PRD-56053,366,3.0,16.0,395000,Tidak,Blok C,premium ,Aman
PRD-70713,366,12.0,26.0,269000,Ya,Blok A,Premium,Backorder
PRD-79212,388,12.0,23.0,454000,Tidak,Blok A,premium ,Aman
PRD-46258,482,45.0,9.0,138000,Tidak,Blok B,premium ,Backorder
PRD-65099,384,37.0,26.0,152000,Tidak,Blok A,premium ,Backorder
PRD-78836,133,34.0,7.0,193000,Tidak,Blok C, reguler ,Aman
PRD-58068,292,10.0,27.0,20000,Ya,Blok C,REGULER,Aman
PRD-17987,289,7.0,8.0,139000,Ya,Blok C,Reguler,Aman
PRD-51787,407,40.0,13.0,184000,Tidak,Blok A,REGULER,Backorder
PRD-50081,237,11.0,20.0,225000,Tidak,Blok A, reguler ,Aman
PRD-84327,91,25.0,10.0,250000,Ya,Blok A,Reguler,Menipis
PRD-39765,478,,17.0,61000,Ya,Blok C,premium ,Aman
PRD-32560,6,36.0,16.0,251000,Ya,Blok C, reguler ,Backorder
PRD-47696,158,32.0,9.0,48000,Tidak,Blok C,REGULER,Menipis
PRD-47841,280,20.0,6.0,416000,Ya,Blok A,Premium,Aman
PRD-70520,358,5.0,2.0,46000,Tidak,Blok A,REGULER,Aman
PRD-44773,216,25.0,25.0,369000,Tidak,Blok A, reguler ,Backorder
PRD-10432,266,5.0,13.0,452000,Ya,Blok A,Reguler,Aman
PRD-70504,167,46.0,4.0,33000,Tidak,Blok B,Premium,Backorder
PRD-95761,293,4.0,12.0,163000,Tidak,Blok B,Premium,Aman
PRD-97886,202,30.0,7.0,65000,Tidak,Blok C,Reguler,Menipis
PRD-32553,487,20.0,24.0,374000,Tidak,Blok B,REGULER,Menipis
PRD-93555,401,7.0,24.0,268000,Ya,Blok A,premium ,Aman
PRD-99723,190,8.0,7.0,137000,Tidak,Blok A,premium ,Menipis
PRD-19277,491,42.0,3.0,261000,Tidak,Blok B, reguler ,Aman
PRD-50870,377,13.0,18.0,210000,Tidak,Blok A,Premium,Aman
PRD-98844,492,39.0,25.0,173000,Tidak,Blok B,Reguler,Backorder
PRD-46062,467,21.0,23.0,433000,Tidak,Blok A,Premium,Menipis
PRD-80316,112,32.0,23.0,217000,Tidak,Blok A,REGULER,Backorder
PRD-74666,13,14.0,10.0,385000,Tidak,Blok B,premium ,Backorder
PRD-65673,43,30.0,8.0,89000,Tidak,Blok C,Reguler,Menipis
PRD-60726,487,37.0,22.0,290000,Ya,Blok C,Reguler,Backorder
PRD-95091,375,23.0,25.0,389000,Tidak,Blok B,REGULER,Backorder
PRD-94196,251,38.0,22.0,110000,Tidak,Blok C,REGULER,Backorder
PRD-15730,18,30.0,15.0,288000,Tidak,Blok B,Reguler,Backorder
PRD-70102,198,30.0,19.0,325000,Tidak,Blok A, reguler ,Menipis
PRD-81923,143,30.0,5.0,255000,Tidak,Blok B,premium ,Menipis
PRD-94040,296,11.0,22.0,240000,Ya,Blok C, reguler ,Backorder
PRD-77263,111,31.0,2.0,474000,Tidak,Blok B,Premium,Menipis
PRD-88187,378,34.0,10.0,363000,Tidak,Blok A,REGULER,Menipis
PRD-81934,480,25.0,12.0,401000,Tidak,Blok B, reguler ,Aman
PRD-40666,458,23.0,15.0,36000,Tidak,Blok C,Premium,Backorder
PRD-59434,46,5.0,9.0,88000,Tidak,Blok B, reguler ,Backorder
PRD-55619,343,28.0,22.0,241000,Tidak,Blok A,Reguler,Aman
PRD-95230,294,4.0,28.0,126000,Ya,Blok C,REGULER,Aman
PRD-64225,107,,13.0,297000,Ya,Blok A,REGULER,Menipis
PRD-98278,171,40.0,18.0,255000,Ya,Blok A,premium ,Backorder
PRD-37306,257,48.0,22.0,396000,Tidak,Blok A,REGULER,Backorder
PRD-81325,153,48.0,19.0,262000,Tidak,Blok C,REGULER,Backorder
PRD-92861,57,38.0,19.0,364000,Tidak,Blok B,Reguler,Menipis
PRD-51792,457,12.0,29.0,391000,Tidak,Blok A,premium ,Aman
PRD-32837,457,45.0,27.0,92000,Tidak,Blok B, reguler ,Backorder
PRD-40087,445,,2.0,100000,Tidak,Blok B,REGULER,Aman
PRD-56514,190,41.0,27.0,153000,Ya,Blok C,Reguler,Backorder
PRD-11341,264,41.0,27.0,312000,Ya,Blok B,premium ,Backorder
PRD-89720,228,47.0,5.0,66000,Ya,Blok A,REGULER,Menipis
PRD-16859,454,41.0,26.0,427000,Tidak,Blok B,Premium,Backorder
PRD-24799,232,2.0,24.0,132000,Ya,Blok B,REGULER,Aman
PRD-69848,465,27.0,10.0,108000,Tidak,Blok C, reguler ,Aman
PRD-99557,291,1.0,16.0,304000,Ya,Blok C,REGULER,Aman
PRD-81334,145,16.0,2.0,279000,Tidak,Blok B,premium ,Backorder
PRD-32191,425,30.0,24.0,86000,Tidak,Blok B,premium ,Backorder
PRD-17704,79,19.0,28.0,332000,Ya,Blok A,REGULER,Backorder
PRD-19337,188,42.0,13.0,410000,Tidak,Blok C,Premium,Backorder
PRD-67042,242,45.0,20.0,145000,Ya,Blok C,REGULER,Backorder
PRD-18417,300,13.0,13.0,130000,Ya,Blok C,REGULER,Aman
PRD-84478,229,10.0,16.0,400000,Ya,Blok C,Premium,Aman
PRD-74550,379,22.0,8.0,148000,Tidak,Blok B,Premium,Menipis
PRD-80984,433,39.0,20.0,362000,Tidak,Blok A,premium ,Backorder
PRD-60877,101,42.0,14.0,18000,Ya,Blok A, reguler ,Backorder
PRD-89301,102,,23.0,414000,Tidak,Blok C,REGULER,Backorder
PRD-88233,92,4.0,8.0,163000,Tidak,Blok C,Reguler,Aman
PRD-72524,383,31.0,15.0,228000,Ya,Blok A,Reguler,Menipis
PRD-50469,439,38.0,16.0,322000,Ya,Blok B,REGULER,Backorder
PRD-26984,279,13.0,10.0,93000,Tidak,Blok C,Premium,Aman
PRD-42117,172,36.0,29.0,164000,Tidak,Blok B,REGULER,Backorder
PRD-52557,265,33.0,9.0,172000,Tidak,Blok C, reguler ,Aman
PRD-48640,465,35.0,17.0,35000,Tidak,Blok B, reguler ,Backorder
PRD-75408,191,47.0,26.0,350000,Ya,Blok C,REGULER,Backorder
PRD-10860,193,28.0,22.0,257000,Tidak,Blok A,REGULER,Menipis
PRD-56101,306,25.0,4.0,305000,Tidak,Blok A,REGULER,Menipis
PRD-55612,405,18.0,18.0,176000,Tidak,Blok B,Reguler,Menipis
PRD-25863,271,9.0,2.0,150000,Ya,Blok C,Premium,Aman
PRD-79351,338,3.0,26.0,145000,Tidak,Blok B,premium ,Menipis
PRD-37094,351,39.0,22.0,161000,Ya,Blok A,Premium,Backorder
PRD-84921,440,34.0,29.0,20000,Tidak,Blok C, reguler ,Menipis
PRD-30313,64,32.0,21.0,97000,Tidak,Blok C,Premium,Backorder
PRD-64708,388,10.0,27.0,484000,Tidak,Blok B,REGULER,Aman
PRD-71997,247,47.0,4.0,31000,Tidak,Blok B,Reguler,Aman
PRD-17851,67,25.0,28.0,267000,Tidak,Blok B, reguler ,Backorder
PRD-66958,351,11.0,9.0,77000,Ya,Blok C,REGULER,Aman
PRD-48737,356,1.0,10.0,458000,Ya,Blok C, reguler ,Aman
PRD-29797,12,4.0,13.0,51000,Ya,Blok A,Premium,Backorder
PRD-66627,370,31.0,9.0,347000,Tidak,Blok B, reguler ,Aman
PRD-29798,415,35.0,15.0,411000,Tidak,Blok A,REGULER,Menipis
PRD-45843,188,31.0,27.0,304000,Tidak,Blok C,Reguler,Backorder
PRD-77568,137,4.0,2.0,120000,Tidak,Blok C,premium ,Aman
PRD-27140,15,14.0,27.0,52000,Tidak,Blok B,Premium,Backorder
PRD-98861,65,2.0,10.0,60000,Tidak,Blok B,Premium,Menipis
PRD-97579,441,24.0,12.0,40000,Tidak,Blok B, reguler ,Aman
PRD-52940,187,32.0,15.0,226000,Tidak,Blok A,Reguler,Aman
PRD-51800,240,32.0,26.0,165000,Tidak,Blok A,REGULER,Menipis
PRD-48059,83,10.0,20.0,329000,Tidak,Blok C,Reguler,Backorder
PRD-98780,176,47.0,26.0,321000,Ya,Blok A, reguler ,Backorder
PRD-18556,141,19.0,19.0,392000,Tidak,Blok B,REGULER,Backorder
PRD-14499,72,25.0,9.0,58000,Tidak,Blok C,REGULER,Backorder
PRD-50239,449,38.0,14.0,137000,Ya,Blok B,Reguler,Menipis
PRD-38460,224,,999.0,486000,Ya,Blok A,REGULER,Backorder
PRD-40544,335,16.0,20.0,351000,Ya,Blok C, reguler ,Menipis
PRD-92566,177,34.0,13.0,216000,Tidak,Blok B, reguler ,Backorder
PRD-93961,96,29.0,,107000,Tidak,Blok B,REGULER,Backorder
PRD-44229,149,5.0,19.0,186000,Tidak,Blok B,Reguler,Menipis
PRD-45030,92,24.0,4.0,341000,Ya,Blok A,Premium,Aman
PRD-60517,23,19.0,5.0,119000,Ya,Blok C, reguler ,Backorder
PRD-16565,122,26.0,24.0,492000,Tidak,Blok C, reguler ,Backorder
PRD-78207,129,27.0,23.0,222000,Tidak,Blok B,REGULER,Backorder
PRD-51723,142,17.0,18.0,408000,Tidak,Blok B,premium ,Backorder
PRD-49477,461,26.0,29.0,482000,Ya,Blok B,REGULER,Backorder
PRD-83719,315,23.0,28.0,178000,Tidak,Blok C, reguler ,Backorder
PRD-89810,378,9.0,13.0,336000,Tidak,Blok A,REGULER,Aman
PRD-49131,58,10.0,8.0,348000,Tidak,Blok C,Reguler,Menipis
PRD-70110,344,39.0,16.0,357000,Ya,Blok B,Reguler,Backorder
PRD-49961,105,13.0,17.0,63000,Tidak,Blok B,premium ,Backorder
PRD-51316,56,5.0,11.0,406000,Ya,Blok C, reguler ,Menipis
PRD-44565,412,7.0,23.0,333000,Ya,Blok B,Reguler,Aman
PRD-89251,389,31.0,23.0,397000,Tidak,Blok B,premium ,Backorder
PRD-39757,475,15.0,15.0,472000,Tidak,Blok B,Premium,Aman
PRD-83567,333,31.0,16.0,121000,Ya,Blok A,Premium,Backorder
PRD-48046,114,41.0,10.0,22000,Ya,Blok B,premium ,Backorder
PRD-62495,227,19.0,15.0,272000,Tidak,Blok B,Reguler,Backorder
PRD-10869,81,30.0,23.0,16000,Tidak,Blok A,REGULER,Backorder
PRD-10887,182,19.0,9.0,336000,Tidak,Blok A,Reguler,Menipis
PRD-83374,86,32.0,9.0,211000,Tidak,Blok B, reguler ,Backorder
PRD-42449,291,46.0,23.0,365000,Tidak,Blok A,Reguler,Backorder
PRD-46818,387,21.0,11.0,43000,Ya,Blok B, reguler ,Backorder
PRD-96672,494,4.0,20.0,285000,Tidak,Blok C, reguler ,Aman
PRD-38341,384,5.0,16.0,474000,Tidak,Blok C,Reguler,Aman
PRD-93624,54,14.0,4.0,14000,Tidak,Blok C,Reguler,Aman
PRD-64771,66,28.0,21.0,98000,Ya,Blok C,premium ,Menipis
PRD-63222,428,28.0,14.0,55000,Tidak,Blok C,REGULER,Menipis
PRD-59167,149,37.0,27.0,101000,Tidak,Blok A,premium ,Aman
PRD-44980,278,46.0,28.0,497000,Tidak,Blok B,Reguler,Menipis
PRD-72222,7,42.0,4.0,192000,Tidak,Blok A,REGULER,Aman
PRD-13017,331,11.0,28.0,96000,Ya,Blok A,REGULER,Menipis
PRD-21908,29,33.0,3.0,164000,Ya,Blok C,Reguler,Menipis
PRD-47695,191,29.0,999.0,310000,Ya,Blok B,Reguler,Menipis
PRD-94817,398,19.0,10.0,215000,Tidak,Blok B,premium ,Aman
PRD-11214,34,3.0,20.0,105000,Ya,Blok B,Reguler,Backorder
PRD-45709,181,3.0,10.0,249000,Ya,Blok A,Premium,Aman
PRD-93721,440,10.0,11.0,67000,Tidak,Blok A,REGULER,Aman
PRD-23329,435,19.0,27.0,344000,Tidak,Blok B,Premium,Backorder
PRD-36309,434,17.0,7.0,480000,Tidak,Blok B, reguler ,Aman
PRD-27776,373,4.0,12.0,401000,Tidak,Blok B,Premium,Aman
PRD-50172,41,23.0,6.0,282000,Ya,Blok A,Premium,Backorder
PRD-57406,68,10.0,,495000,Tidak,Blok C,REGULER,Backorder
PRD-51679,454,29.0,26.0,401000,Tidak,Blok B,REGULER,Backorder
PRD-56874,480,18.0,11.0,309000,Tidak,Blok B,premium ,Aman
PRD-58845,260,36.0,21.0,333000,Ya,Blok A, reguler ,Backorder
PRD-27790,455,40.0,29.0,220000,Tidak,Blok B,Reguler,Backorder
PRD-46519,332,5.0,9.0,182000,Tidak,Blok A,REGULER,Aman
PRD-57573,419,19.0,4.0,329000,Tidak,Blok B,Reguler,Aman
PRD-30932,372,47.0,6.0,244000,Ya,Blok A,REGULER,Menipis
PRD-48097,376,30.0,9.0,366000,Tidak,Blok C,REGULER,Menipis
PRD-54358,114,41.0,3.0,271000,Ya,Blok A,Reguler,Aman
PRD-61939,248,29.0,10.0,460000,Tidak,Blok B,Reguler,Menipis
PRD-76262,303,19.0,26.0,451000,Tidak,Blok B,premium ,Backorder
PRD-64469,111,13.0,5.0,276000,Tidak,Blok B, reguler ,Aman
PRD-34142,246,43.0,14.0,221000,Tidak,Blok C,Premium,Aman
PRD-15147,27,9.0,6.0,124000,Ya,Blok B,premium ,Menipis
PRD-11542,396,33.0,,441000,Ya,Blok B,REGULER,Backorder
PRD-45109,115,16.0,23.0,279000,Tidak,Blok B,premium ,Backorder
PRD-26571,236,43.0,26.0,425000,Tidak,Blok A,Reguler,Backorder
PRD-26984,157,31.0,17.0,100000,Tidak,Blok A,Reguler,Backorder
PRD-90960,373,9.0,10.0,113000,Ya,Blok C,REGULER,Aman
PRD-60583,358,24.0,8.0,119000,Ya,Blok C,premium ,Menipis
PRD-69470,340,,2.0,320000,Tidak,Blok A,Reguler,Aman
PRD-51190,426,21.0,10.0,39000,Tidak,Blok A,Reguler,Aman
PRD-36149,412,16.0,7.0,464000,Tidak,Blok C,premium ,Aman
PRD-15492,128,23.0,17.0,149000,Tidak,Blok C,Reguler,Backorder
PRD-23163,200,30.0,26.0,273000,Ya,Blok B,premium ,Menipis
PRD-21036,53,,29.0,52000,Ya,Blok A,REGULER,Backorder
PRD-73294,237,2.0,17.0,153000,Ya,Blok B,REGULER,Aman
PRD-37045,337,47.0,18.0,415000,Tidak,Blok B, reguler ,Backorder
PRD-78653,494,3.0,4.0,432000,Tidak,Blok A, reguler ,Menipis
PRD-66830,479,4.0,16.0,473000,Tidak,Blok C,premium ,Aman
PRD-97739,53,5.0,27.0,154000,Ya,Blok C,Reguler,Backorder
PRD-36987,481,16.0,26.0,269000,Ya,Blok C,Reguler,Menipis
PRD-54247,424,5.0,5.0,367000,Tidak,Blok A,Reguler,Aman
PRD-44207,366,15.0,17.0,179000,Tidak,Blok C,Premium,Aman
PRD-58812,496,1.0,20.0,447000,Ya,Blok C,REGULER,Aman
PRD-57664,115,37.0,26.0,89000,Tidak,Blok A,Premium,Aman
PRD-29956,126,21.0,7.0,245000,Tidak,Blok A,Premium,Backorder
PRD-82298,150,30.0,12.0,338000,Tidak,Blok B,Reguler,Backorder
PRD-52879,224,34.0,11.0,222000,Tidak,Blok C,premium ,Backorder
PRD-44675,196,44.0,26.0,89000,Ya,Blok B,Premium,Backorder
PRD-78835,373,1.0,16.0,251000,Tidak,Blok A,Premium,Aman
PRD-11279,478,7.0,999.0,289000,Ya,Blok A,Premium,Aman
PRD-67799,177,15.0,4.0,482000,Tidak,Blok B,premium ,Aman
PRD-15666,249,26.0,9.0,396000,Ya,Blok A,Reguler,Aman
PRD-93828,399,12.0,5.0,233000,Tidak,Blok A,Reguler,Aman
PRD-58821,348,49.0,19.0,362000,Ya,Blok C,REGULER,Backorder
PRD-50639,483,22.0,16.0,243000,Tidak,Blok C, reguler ,Menipis
PRD-10877,256,13.0,25.0,487000,Tidak,Blok B,Premium,Aman
PRD-40075,31,19.0,,259000,Ya,Blok A,Reguler,Menipis
PRD-37962,54,39.0,12.0,419000,Tidak,Blok A,Reguler,Menipis
PRD-56737,22,44.0,10.0,104000,Tidak,Blok A,Premium,Backorder
PRD-87475,54,5.0,5.0,31000,Tidak,Blok A,Reguler,Menipis
PRD-53372,182,5.0,3.0,365000,Tidak,Blok B, reguler ,Aman
PRD-49713,25,41.0,24.0,201000,Tidak,Blok B,Premium,Backorder
PRD-98464,129,27.0,12.0,306000,Tidak,Blok C,REGULER,Backorder
PRD-18155,340,22.0,21.0,229000,Tidak,Blok B, reguler ,Backorder
PRD-10301,392,30.0,25.0,197000,Tidak,Blok A,premium ,Backorder
PRD-86289,296,44.0,11.0,174000,Tidak,Blok A,premium ,Menipis
PRD-93106,230,48.0,12.0,117000,Tidak,Blok B,Premium,Backorder
PRD-93111,27,9.0,5.0,44000,Tidak,Blok A,Premium,Backorder
PRD-39831,407,4.0,29.0,235000,Ya,Blok B, reguler ,Aman
PRD-33949,23,30.0,15.0,144000,Tidak,Blok B,REGULER,Backorder
PRD-10203,128,48.0,6.0,317000,Tidak,Blok C, reguler ,Backorder
PRD-69004,186,7.0,999.0,202000,Ya,Blok A,premium ,Aman
PRD-28895,301,48.0,25.0,380000,Tidak,Blok A, reguler ,Backorder
PRD-69812,34,37.0,10.0,403000,Ya,Blok B,REGULER,Backorder
PRD-85713,85,9.0,11.0,77000,Tidak,Blok A,premium ,Menipis
PRD-38024,196,10.0,26.0,458000,Ya,Blok C,REGULER,Backorder
PRD-92180,17,28.0,26.0,499000,Tidak,Blok C, reguler ,Backorder
PRD-64380,134,18.0,24.0,28000,Tidak,Blok C,REGULER,Backorder
PRD-50379,341,3.0,17.0,367000,Tidak,Blok C,Premium,Aman
PRD-18521,30,16.0,13.0,325000,Tidak,Blok C,premium ,Menipis
PRD-73310,213,47.0,10.0,192000,Ya,Blok C, reguler ,Menipis
PRD-16155,331,,28.0,320000,Tidak,Blok C,Premium,Backorder
PRD-79711,99,1.0,27.0,64000,Tidak,Blok C,REGULER,Aman
PRD-43320,31,2.0,18.0,294000,Tidak,Blok A, reguler ,Backorder
PRD-37127,405,45.0,13.0,44000,Ya,Blok A,REGULER,Menipis
PRD-12224,315,41.0,21.0,303000,Ya,Blok C,premium ,Backorder
PRD-20807,249,41.0,10.0,379000,Ya,Blok C,premium ,Backorder
PRD-63459,241,15.0,21.0,320000,Tidak,Blok B,Reguler,Backorder
PRD-63084,444,48.0,21.0,30000,Tidak,Blok B,Premium,Backorder
PRD-65781,171,14.0,29.0,195000,Ya,Blok A,Reguler,Backorder
PRD-33930,383,5.0,21.0,231000,Tidak,Blok C,Reguler,Aman
PRD-77847,227,23.0,15.0,252000,Tidak,Blok B,premium ,Backorder
PRD-52318,412,3.0,17.0,406000,Tidak,Blok A, reguler ,Menipis
PRD-61374,116,43.0,28.0,51000,Tidak,Blok C,premium ,Backorder
PRD-56835,180,3.0,2.0,341000,Tidak,Blok B,Reguler,Aman
PRD-43576,383,41.0,16.0,331000,Tidak,Blok A,Reguler,Aman
PRD-49915,389,31.0,2.0,23000,Tidak,Blok C,premium ,Aman
PRD-35954,163,16.0,24.0,402000,Tidak,Blok C,REGULER,Backorder
PRD-14535,439,16.0,29.0,121000,Ya,Blok C,Reguler,Aman
PRD-28199,70,1.0,2.0,434000,Ya,Blok A,premium ,Aman
PRD-40776,91,33.0,,460000,Tidak,Blok C,REGULER,Aman
PRD-34366,175,15.0,17.0,54000,Tidak,Blok B,Reguler,Menipis
PRD-46701,87,7.0,3.0,125000,Tidak,Blok C,REGULER,Aman
PRD-33383,174,34.0,28.0,347000,Tidak,Blok C,premium ,Backorder
PRD-70931,448,19.0,2.0,475000,Tidak,Blok C,REGULER,Aman
PRD-80202,431,41.0,18.0,333000,Tidak,Blok C, reguler ,Backorder
PRD-88405,393,4.0,7.0,173000,Tidak,Blok C, reguler ,Aman
PRD-74471,152,30.0,29.0,189000,Tidak,Blok A, reguler ,Backorder
PRD-18392,156,36.0,22.0,214000,Ya,Blok C, reguler ,Backorder
PRD-94896,172,16.0,18.0,324000,Tidak,Blok B,Premium,Backorder
PRD-16256,352,36.0,5.0,497000,Tidak,Blok A, reguler ,Menipis
PRD-96803,98,34.0,28.0,237000,Ya,Blok C,Reguler,Backorder
PRD-78475,112,12.0,7.0,83000,Ya,Blok B, reguler ,Menipis
PRD-15626,42,21.0,999.0,493000,Tidak,Blok B,premium ,Backorder
PRD-37181,76,39.0,16.0,155000,Tidak,Blok B, reguler ,Backorder
PRD-30047,175,32.0,24.0,242000,Ya,Blok C, reguler ,Aman
PRD-17848,374,27.0,28.0,464000,Tidak,Blok C,premium ,Backorder
PRD-87722,17,42.0,14.0,245000,Tidak,Blok C, reguler ,Backorder
PRD-26651,404,29.0,25.0,91000,Tidak,Blok A,Reguler,Backorder
PRD-17016,37,41.0,4.0,279000,Ya,Blok C,Reguler,Backorder
PRD-87231,291,38.0,29.0,479000,Tidak,Blok A,premium ,Backorder
PRD-54464,430,24.0,5.0,400000,Tidak,Blok A, reguler ,Aman
PRD-94289,418,22.0,20.0,434000,Ya,Blok C,premium ,Aman
PRD-26375,67,39.0,16.0,25000,Tidak,Blok C,Premium,Backorder
PRD-78226,364,10.0,5.0,171000,Tidak,Blok A, reguler ,Aman
PRD-92970,54,9.0,18.0,14000,Tidak,Blok C,Reguler,Backorder
PRD-10557,347,29.0,5.0,278000,Ya,Blok B,Reguler,Aman
PRD-25690,406,41.0,10.0,346000,Tidak,Blok A,Premium,Menipis
PRD-25708,499,27.0,10.0,367000,Tidak,Blok A,Reguler,Aman
PRD-74157,31,37.0,13.0,376000,Tidak,Blok A, reguler ,Backorder
PRD-30918,300,36.0,9.0,444000,Ya,Blok A,Premium,Backorder
PRD-15974,413,4.0,28.0,67000,Tidak,Blok A,Premium,Aman
PRD-43038,293,40.0,27.0,484000,Tidak,Blok C, reguler ,Backorder
PRD-44414,179,,28.0,164000,Tidak,Blok B,premium ,Backorder
PRD-19435,332,35.0,20.0,56000,Tidak,Blok B,Reguler,Backorder
PRD-87850,26,46.0,14.0,182000,Ya,Blok C,REGULER,Backorder
PRD-82534,285,22.0,13.0,270000,Ya,Blok B,Reguler,Menipis
PRD-82847,246,29.0,19.0,192000,Tidak,Blok B,REGULER,Backorder
PRD-51873,200,22.0,11.0,245000,Tidak,Blok C,REGULER,Backorder
PRD-13273,142,33.0,12.0,32000,Tidak,Blok C,Premium,Backorder
PRD-64973,414,20.0,23.0,407000,Tidak,Blok C,premium ,Backorder
PRD-76197,316,45.0,5.0,346000,Ya,Blok B,premium ,Aman
PRD-57498,130,38.0,9.0,152000,Tidak,Blok B,Premium,Backorder
PRD-94633,108,5.0,14.0,381000,Tidak,Blok B,premium ,Aman
PRD-20956,122,8.0,17.0,474000,Tidak,Blok A,Premium,Backorder
PRD-68232,255,8.0,999.0,315000,Ya,Blok A,premium ,Aman
PRD-96436,25,11.0,10.0,317000,Tidak,Blok A,premium ,Backorder
PRD-82240,129,46.0,23.0,247000,Tidak,Blok A,premium ,Aman
PRD-55772,162,6.0,12.0,29000,Ya,Blok B, reguler ,Aman
PRD-50475,35,30.0,14.0,205000,Ya,Blok B,Premium,Backorder
PRD-82227,431,10.0,6.0,469000,Tidak,Blok C,Reguler,Aman
PRD-67134,0,25.0,4.0,241000,Tidak,Blok C,premium ,Backorder
PRD-44998,129,1.0,10.0,352000,Tidak,Blok A,Reguler,Aman
PRD-85851,205,41.0,27.0,56000,Ya,Blok A,premium ,Menipis
PRD-32052,52,10.0,25.0,418000,Tidak,Blok B,premium ,Backorder
PRD-49867,437,34.0,23.0,345000,Ya,Blok C,REGULER,Menipis
PRD-49994,486,40.0,21.0,119000,Ya,Blok C,Premium,Backorder
PRD-84960,404,20.0,5.0,193000,Ya,Blok A, reguler ,Menipis
PRD-96511,35,31.0,,450000,Ya,Blok A, reguler ,Backorder
PRD-11816,4,6.0,14.0,163000,Tidak,Blok B,Reguler,Backorder
PRD-78580,227,42.0,12.0,423000,Tidak,Blok C,premium ,Backorder
PRD-31256,489,27.0,13.0,234000,Ya,Blok B,Premium,Aman
PRD-48015,442,35.0,24.0,180000,Tidak,Blok B,Reguler,Backorder
PRD-69076,416,11.0,13.0,307000,Tidak,Blok A,Reguler,Aman
PRD-47148,477,20.0,11.0,416000,Tidak,Blok A,REGULER,Aman
PRD-13823,426,7.0,14.0,483000,Tidak,Blok B,Premium,Aman
PRD-85039,334,7.0,999.0,198000,Tidak,Blok B,premium ,Aman
PRD-69694,143,21.0,10.0,94000,Tidak,Blok B,Premium,Menipis
PRD-21586,106,32.0,3.0,350000,Tidak,Blok A,Reguler,Menipis
PRD-96807,90,17.0,28.0,236000,Tidak,Blok B,premium ,Menipis
PRD-60408,432,,13.0,348000,Tidak,Blok A, reguler ,Menipis
PRD-50806,260,19.0,19.0,265000,Ya,Blok B,Reguler,Backorder
PRD-60015,454,6.0,999.0,177000,Ya,Blok C,Premium,Aman
PRD-22055,493,33.0,24.0,413000,Tidak,Blok C,Premium,Menipis
PRD-77563,220,14.0,18.0,379000,Tidak,Blok B,Reguler,Menipis
PRD-71627,292,46.0,16.0,453000,Tidak,Blok B, reguler ,Backorder
PRD-93285,315,13.0,23.0,14000,Tidak,Blok A,premium ,Menipis
PRD-63744,458,41.0,27.0,371000,Tidak,Blok A,Reguler,Backorder
PRD-10389,110,,4.0,308000,Ya,Blok B,REGULER,Menipis
PRD-84777,59,24.0,4.0,310000,Ya,Blok C,REGULER,Menipis
PRD-17853,366,10.0,26.0,134000,Tidak,Blok B,premium ,Aman
PRD-12597,86,14.0,29.0,169000,Tidak,Blok C,premium ,Backorder
PRD-25078,223,2.0,11.0,473000,Tidak,Blok C,Premium,Aman
PRD-70101,10,38.0,18.0,177000,Ya,Blok C,premium ,Aman
PRD-82991,429,20.0,10.0,323000,Tidak,Blok B,premium ,Aman
PRD-76576,364,44.0,11.0,404000,Tidak,Blok C,Reguler,Backorder
PRD-11408,85,39.0,7.0,140000,Ya,Blok A,REGULER,Backorder
PRD-93879,149,13.0,26.0,437000,Ya,Blok B, reguler ,Backorder
PRD-62999,227,2.0,999.0,192000,Tidak,Blok C,Reguler,Aman
PRD-74093,176,42.0,8.0,166000,Ya,Blok A,premium ,Backorder
PRD-44178,255,29.0,21.0,319000,Tidak,Blok B,Premium,Menipis
PRD-70782,167,11.0,29.0,365000,Ya,Blok A,premium ,Aman
PRD-72107,37,35.0,14.0,432000,Ya,Blok B, reguler ,Menipis
PRD-67828,83,39.0,29.0,195000,Tidak,Blok C,REGULER,Backorder
PRD-61934,26,40.0,22.0,236000,Tidak,Blok C,Reguler,Backorder
PRD-83366,486,23.0,13.0,243000,Tidak,Blok B,REGULER,Menipis
PRD-77766,109,48.0,27.0,294000,Ya,Blok B,premium ,Backorder
PRD-83391,364,30.0,29.0,402000,Tidak,Blok A,REGULER,Backorder
PRD-93265,209,38.0,4.0,476000,Ya,Blok A,Reguler,Menipis
PRD-15105,358,,14.0,198000,Tidak,Blok A,Premium,Backorder
PRD-52678,382,11.0,4.0,454000,Ya,Blok A,premium ,Aman
PRD-51574,281,29.0,999.0,406000,Tidak,Blok C,Premium,Backorder
PRD-48165,378,22.0,2.0,320000,Ya,Blok A, reguler ,Aman
PRD-93848,342,10.0,27.0,336000,Tidak,Blok C,REGULER,Aman
PRD-35395,24,25.0,27.0,132000,Tidak,Blok C,Reguler,Backorder
PRD-25187,93,39.0,29.0,386000,Tidak,Blok A,REGULER,Backorder
PRD-82232,199,28.0,25.0,403000,Tidak,Blok C,REGULER,Backorder
PRD-56246,47,9.0,14.0,228000,Tidak,Blok A,Premium,Backorder
PRD-83757,243,,11.0,323000,Tidak,Blok B,Premium,Aman
PRD-67828,83,39.0,29.0,195000,Tidak,Blok C,REGULER,Backorder
PRD-40607,118,38.0,28.0,496000,Tidak,Blok A,REGULER,Menipis
PRD-58784,342,43.0,15.0,51000,Tidak,Blok C,premium ,Menipis
PRD-45262,491,39.0,5.0,267000,Ya,Blok B,Premium,Aman
PRD-27297,195,32.0,17.0,422000,Tidak,Blok A,Reguler,Backorder
PRD-14213,404,,25.0,107000,Tidak,Blok C,Premium,Aman
PRD-50935,99,1.0,15.0,480000,Tidak,Blok C,Reguler,Aman
PRD-29201,249,19.0,18.0,36000,Ya,Blok A,REGULER,Backorder
PRD-46820,345,23.0,999.0,378000,Tidak,Blok C,premium ,Menipis
PRD-45195,341,12.0,16.0,131000,Tidak,Blok C, reguler ,Aman
PRD-38731,10,12.0,3.0,473000,Ya,Blok A,premium ,Aman
PRD-36957,153,11.0,12.0,203000,Ya,Blok A,Reguler,Aman
PRD-54414,156,3.0,13.0,406000,Tidak,Blok C,REGULER,Aman
PRD-84716,398,17.0,13.0,101000,Ya,Blok B,Premium,Menipis
PRD-21950,184,11.0,27.0,363000,Tidak,Blok C,premium ,Backorder
PRD-43455,497,25.0,28.0,158000,Ya,Blok C,premium ,Backorder
PRD-67065,273,5.0,11.0,198000,Tidak,Blok C,REGULER,Aman
PRD-86368,158,29.0,16.0,78000,Tidak,Blok B,Premium,Backorder
PRD-26493,31,25.0,13.0,450000,Tidak,Blok B,Reguler,Backorder
PRD-67042,60,37.0,999.0,341000,Tidak,Blok A, reguler ,Backorder
PRD-72389,40,25.0,20.0,470000,Tidak,Blok C,premium ,Backorder
PRD-52814,193,4.0,10.0,221000,Ya,Blok C, reguler ,Aman
PRD-42624,107,3.0,27.0,87000,Ya,Blok A,REGULER,Aman
PRD-87258,482,27.0,10.0,171000,Ya,Blok B,premium ,Menipis
PRD-12881,484,44.0,5.0,423000,Ya,Blok A,REGULER,Menipis
PRD-89311,317,13.0,21.0,48000,Tidak,Blok A,Reguler,Menipis
PRD-44801,5,18.0,2.0,33000,Tidak,Blok B,premium ,Backorder
PRD-57361,274,12.0,29.0,215000,Ya,Blok A, reguler ,Aman
PRD-37114,132,21.0,5.0,25000,Tidak,Blok B,REGULER,Menipis
PRD-70287,216,11.0,5.0,390000,Tidak,Blok A,Reguler,Aman
PRD-11537,175,49.0,4.0,195000,Tidak,Blok C, reguler ,Menipis
PRD-34496,127,17.0,11.0,217000,Tidak,Blok B,Premium,Backorder
PRD-87597,420,10.0,27.0,15000,Tidak,Blok A, reguler ,Aman
PRD-13932,201,49.0,8.0,395000,Tidak,Blok B,premium ,Backorder
PRD-83686,236,30.0,14.0,324000,Tidak,Blok C,Premium,Aman
PRD-22974,377,42.0,,373000,Ya,Blok B,Premium,Menipis
PRD-70156,212,46.0,21.0,239000,Tidak,Blok B, reguler ,Backorder
PRD-28743,427,42.0,19.0,382000,Tidak,Blok B,Reguler,Backorder
PRD-21394,73,3.0,18.0,442000,Tidak,Blok C,Premium,Backorder
PRD-95712,185,34.0,13.0,254000,Ya,Blok A,REGULER,Backorder
PRD-37588,320,33.0,11.0,406000,Ya,Blok A,premium ,Menipis
PRD-26574,481,38.0,8.0,40000,Ya,Blok C, reguler ,Aman
PRD-87061,213,44.0,6.0,444000,Ya,Blok C,Premium,Menipis
PRD-33572,100,11.0,5.0,111000,Tidak,Blok A,Premium,Menipis
PRD-97116,98,33.0,12.0,204000,Tidak,Blok B,Reguler,Menipis
PRD-82069,26,,29.0,89000,Tidak,Blok A,Premium,Backorder
PRD-80934,482,20.0,23.0,58000,Ya,Blok C,premium ,Menipis
PRD-12368,277,8.0,24.0,255000,Ya,Blok B,Reguler,Aman
PRD-96436,336,24.0,21.0,481000,Tidak,Blok C,premium ,Backorder
PRD-81158,79,46.0,20.0,173000,Tidak,Blok B,Premium,Menipis
PRD-73001,340,34.0,10.0,168000,Tidak,Blok C,Premium,Menipis
PRD-59004,420,16.0,22.0,267000,Tidak,Blok A,REGULER,Aman
PRD-16796,262,48.0,13.0,24000,Ya,Blok B,REGULER,Menipis
PRD-58777,99,2.0,11.0,221000,Tidak,Blok B,premium ,Aman
PRD-56104,445,47.0,12.0,180000,Tidak,Blok A,Premium,Backorder
PRD-99941,429,5.0,7.0,350000,Ya,Blok C,REGULER,Aman
PRD-35230,298,29.0,4.0,369000,Tidak,Blok C,Premium,Menipis
PRD-49369,70,40.0,15.0,68000,Tidak,Blok C, reguler ,Backorder
PRD-99678,344,22.0,21.0,420000,Tidak,Blok A,Premium,Menipis
PRD-14042,458,15.0,15.0,318000,Tidak,Blok C,Reguler,Aman
PRD-23266,255,6.0,6.0,179000,Tidak,Blok C,Reguler,Aman
PRD-11980,45,,13.0,227000,Tidak,Blok A,REGULER,Backorder
PRD-41629,422,21.0,29.0,132000,Tidak,Blok B,Reguler,Backorder
PRD-60715,131,25.0,15.0,103000,Tidak,Blok C,REGULER,Backorder
PRD-55475,268,23.0,22.0,224000,Tidak,Blok C, reguler ,Backorder
PRD-47420,233,30.0,10.0,471000,Tidak,Blok C,Premium,Menipis
PRD-37460,495,25.0,10.0,392000,Ya,Blok C,premium ,Aman
PRD-27997,330,32.0,13.0,224000,Tidak,Blok B, reguler ,Backorder
PRD-97487,116,1.0,13.0,366000,Tidak,Blok A,REGULER,Aman
PRD-68643,154,4.0,6.0,305000,Ya,Blok C,premium ,Backorder
PRD-44578,157,30.0,22.0,459000,Tidak,Blok C,Premium,Backorder
PRD-16221,14,7.0,,17000,Tidak,Blok C,Premium,Backorder
PRD-23944,465,27.0,22.0,264000,Ya,Blok C,Premium,Backorder
PRD-17111,438,41.0,,488000,Ya,Blok C, reguler ,Aman
PRD-15774,487,35.0,9.0,102000,Tidak,Blok B, reguler ,Aman
PRD-65718,207,20.0,18.0,358000,Tidak,Blok B,Premium,Backorder
PRD-45507,6,32.0,15.0,33000,Tidak,Blok A,Premium,Aman
PRD-59630,348,15.0,7.0,331000,Tidak,Blok B, reguler ,Menipis
PRD-33061,239,37.0,28.0,383000,Ya,Blok C,REGULER,Backorder
PRD-31341,342,47.0,999.0,378000,Tidak,Blok A,Reguler,Menipis
PRD-24260,129,48.0,4.0,311000,Tidak,Blok C,Premium,Aman
PRD-60300,301,30.0,8.0,414000,Tidak,Blok B,Reguler,Aman
PRD-79042,462,35.0,15.0,298000,Ya,Blok A,Premium,Aman
PRD-61690,17,26.0,2.0,326000,Tidak,Blok A,Premium,Menipis
PRD-36673,255,24.0,4.0,378000,Tidak,Blok B, reguler ,Aman
PRD-13646,370,34.0,5.0,493000,Tidak,Blok B,premium ,Menipis
PRD-89575,422,4.0,23.0,334000,Tidak,Blok B,Reguler,Aman
PRD-81942,67,2.0,26.0,316000,Tidak,Blok A,Reguler,Aman
PRD-61168,395,22.0,27.0,17000,Ya,Blok B, reguler ,Backorder
PRD-65129,267,,26.0,367000,Tidak,Blok C,Reguler,Backorder
PRD-31352,110,46.0,22.0,448000,Tidak,Blok C,premium ,Backorder
PRD-11885,267,40.0,12.0,227000,Tidak,Blok B,REGULER,Backorder
PRD-92665,97,38.0,19.0,259000,Tidak,Blok B,Premium,Backorder
PRD-17960,47,48.0,3.0,166000,Ya,Blok A,Premium,Backorder
PRD-30666,41,42.0,5.0,82000,Tidak,Blok C,Premium,Menipis
PRD-91434,104,43.0,25.0,71000,Tidak,Blok A,REGULER,Backorder
PRD-10228,346,34.0,3.0,314000,Ya,Blok C, reguler ,Aman
PRD-57684,422,36.0,17.0,433000,Tidak,Blok C,premium ,Backorder
PRD-31067,184,26.0,10.0,299000,Tidak,Blok C, reguler ,Menipis
PRD-31767,281,15.0,18.0,388000,Ya,Blok A,REGULER,Menipis
PRD-64800,183,35.0,10.0,432000,Ya,Blok B, reguler ,Menipis
PRD-91397,105,16.0,12.0,28000,Tidak,Blok C,premium ,Backorder
PRD-23403,114,39.0,2.0,48000,Tidak,Blok B,Reguler,Backorder
PRD-36641,86,22.0,18.0,417000,Tidak,Blok B, reguler ,Menipis
PRD-52968,357,,16.0,457000,Tidak,Blok C,Premium,Aman
PRD-11014,56,13.0,2.0,384000,Tidak,Blok B,Reguler,Menipis
PRD-90440,241,,,226000,Tidak,Blok B,Premium,Backorder
PRD-64333,286,28.0,4.0,75000,Ya,Blok A,premium ,Aman
PRD-37856,465,17.0,3.0,75000,Tidak,Blok B,premium ,Aman
PRD-34335,381,40.0,19.0,46000,Ya,Blok C,premium ,Menipis
PRD-78878,194,47.0,7.0,359000,Tidak,Blok C, reguler ,Menipis
PRD-48258,79,17.0,13.0,187000,Tidak,Blok A,REGULER,Backorder
PRD-85287,23,18.0,25.0,21000,Tidak,Blok C,premium ,Backorder
PRD-69055,103,18.0,17.0,377000,Tidak,Blok C,REGULER,Backorder
PRD-58845,260,36.0,21.0,333000,Ya,Blok A, reguler ,Backorder
PRD-87990,423,11.0,5.0,385000,Tidak,Blok C, reguler ,Aman
PRD-28708,111,7.0,24.0,30000,Tidak,Blok B, reguler ,Backorder
PRD-15271,384,9.0,9.0,265000,Ya,Blok A,Reguler,Aman
PRD-21738,264,37.0,19.0,327000,Tidak,Blok B,Reguler,Backorder
PRD-46145,134,,3.0,412000,Tidak,Blok C,REGULER,Menipis
PRD-65860,243,28.0,9.0,338000,Ya,Blok C,Reguler,Menipis
PRD-64182,103,34.0,2.0,456000,Tidak,Blok B,Premium,Backorder
PRD-99023,41,38.0,2.0,91000,Tidak,Blok C,Premium,Menipis
PRD-97593,230,2.0,15.0,313000,Ya,Blok B,Reguler,Aman
PRD-79224,400,47.0,20.0,306000,Tidak,Blok A,REGULER,Backorder
PRD-82743,170,24.0,15.0,274000,Tidak,Blok C,Premium,Aman
PRD-79876,449,25.0,,343000,Ya,Blok C, reguler ,Backorder
PRD-47136,72,23.0,19.0,71000,Tidak,Blok C,REGULER,Menipis
PRD-92324,41,19.0,5.0,305000,Tidak,Blok B, reguler ,Backorder
PRD-93691,72,14.0,,309000,Ya,Blok B, reguler ,Aman
PRD-59377,488,28.0,24.0,493000,Tidak,Blok B, reguler ,Backorder
PRD-89675,18,14.0,24.0,378000,Ya,Blok B,Premium,Backorder
PRD-90559,178,8.0,4.0,384000,Ya,Blok B, reguler ,Aman
PRD-59815,180,12.0,13.0,280000,Tidak,Blok C, reguler ,Menipis
PRD-78993,458,44.0,21.0,300000,Tidak,Blok B,REGULER,Backorder
PRD-57908,16,14.0,28.0,338000,Tidak,Blok C,premium ,Backorder
PRD-76900,160,7.0,5.0,307000,Tidak,Blok B,Reguler,Aman
PRD-90770,126,12.0,19.0,282000,Tidak,Blok C,Reguler,Backorder
PRD-39299,403,9.0,16.0,352000,Tidak,Blok A, reguler ,Aman
PRD-39424,155,15.0,7.0,120000,Tidak,Blok B,Premium,Menipis
PRD-52818,212,38.0,2.0,23000,Ya,Blok A,REGULER,Menipis
PRD-34016,171,21.0,18.0,437000,Tidak,Blok A,REGULER,Backorder
PRD-23107,280,42.0,11.0,101000,Ya,Blok B,Reguler,Backorder
PRD-35251,88,25.0,999.0,39000,Ya,Blok C, reguler ,Backorder
PRD-57109,88,10.0,27.0,302000,Tidak,Blok B, reguler ,Backorder
PRD-28677,150,15.0,999.0,65000,Tidak,Blok A,Premium,Menipis
PRD-97046,199,31.0,29.0,253000,Ya,Blok B, reguler ,Backorder
PRD-48243,341,33.0,7.0,190000,Tidak,Blok A,Premium,Aman
PRD-97592,312,40.0,6.0,311000,Ya,Blok B,premium ,Menipis
PRD-73080,142,42.0,19.0,209000,Ya,Blok C,premium ,Backorder
PRD-76422,102,18.0,16.0,403000,Ya,Blok C,premium ,Menipis
PRD-84219,160,12.0,15.0,259000,Ya,Blok B,Premium,Menipis
PRD-88943,476,2.0,14.0,115000,Ya,Blok C,Reguler,Aman
PRD-11746,116,8.0,24.0,22000,Ya,Blok A,Premium,Aman
PRD-10282,167,34.0,3.0,175000,Ya,Blok B,Premium,Aman
PRD-49974,366,23.0,25.0,35000,Tidak,Blok A,Reguler,Backorder
PRD-94685,48,,23.0,135000,Tidak,Blok B,Premium,Backorder
PRD-83479,264,15.0,6.0,16000,Tidak,Blok C, reguler ,Aman
PRD-37048,299,9.0,15.0,144000,Tidak,Blok A,premium ,Aman
PRD-65114,7,,20.0,382000,Tidak,Blok B,Reguler,Backorder
PRD-21093,288,,11.0,408000,Tidak,Blok C,REGULER,Backorder
PRD-68579,161,19.0,6.0,229000,Tidak,Blok B,Premium,Aman
PRD-72711,300,25.0,26.0,401000,Tidak,Blok C, reguler ,Backorder
PRD-66575,35,46.0,16.0,238000,Tidak,Blok B,REGULER,Backorder
PRD-53601,56,47.0,23.0,284000,Tidak,Blok C,Reguler,Backorder
PRD-25198,112,22.0,16.0,53000,Tidak,Blok A,Premium,Backorder
PRD-74892,234,30.0,13.0,465000,Ya,Blok C, reguler ,Backorder
PRD-43139,323,24.0,999.0,465000,Tidak,Blok C,REGULER,Aman
PRD-65204,160,28.0,20.0,175000,Ya,Blok B,premium ,Backorder
PRD-30054,335,5.0,5.0,457000,Tidak,Blok A, reguler ,Aman
PRD-23733,97,46.0,15.0,29000,Tidak,Blok B,premium ,Menipis
PRD-61759,219,15.0,29.0,220000,Tidak,Blok A,Reguler,Backorder
PRD-64596,303,4.0,4.0,166000,Tidak,Blok B, reguler ,Backorder
PRD-97081,111,36.0,999.0,461000,Ya,Blok A,REGULER,Menipis
PRD-45525,352,41.0,5.0,421000,Tidak,Blok B,premium ,Menipis
PRD-25417,11,25.0,28.0,147000,Tidak,Blok C, reguler ,Backorder
PRD-86850,88,33.0,6.0,99000,Tidak,Blok B,premium ,Menipis
PRD-77613,391,4.0,8.0,38000,Tidak,Blok B,premium ,Aman
PRD-98731,163,38.0,21.0,42000,Ya,Blok A,REGULER,Aman
PRD-98607,492,34.0,18.0,195000,Ya,Blok A, reguler ,Backorder
PRD-56073,233,13.0,19.0,262000,Tidak,Blok A,Premium,Menipis
PRD-14823,28,17.0,9.0,246000,Tidak,Blok A,Premium,Backorder
PRD-94651,25,30.0,10.0,387000,Ya,Blok B,REGULER,Backorder
PRD-14358,393,13.0,27.0,230000,Tidak,Blok A, reguler ,Backorder
PRD-29810,33,43.0,27.0,382000,Ya,Blok B,premium ,Backorder
PRD-38270,384,49.0,6.0,369000,Tidak,Blok A,Reguler,Menipis
PRD-13932,201,49.0,8.0,395000,Tidak,Blok B,premium ,Backorder
PRD-80480,182,1.0,9.0,374000,Tidak,Blok C,REGULER,Aman
PRD-44470,281,38.0,4.0,374000,Ya,Blok C,Reguler,Backorder
PRD-89944,447,31.0,24.0,163000,Ya,Blok C,Premium,Backorder
PRD-76267,187,30.0,16.0,430000,Ya,Blok B, reguler ,Backorder
PRD-95929,413,16.0,7.0,242000,Ya,Blok A,Reguler,Aman
PRD-52520,182,7.0,11.0,199000,Tidak,Blok C, reguler ,Aman
PRD-32700,487,18.0,20.0,488000,Tidak,Blok B,Premium,Aman
PRD-29198,223,21.0,2.0,224000,Tidak,Blok B, reguler ,Aman
PRD-48185,443,8.0,15.0,20000,Tidak,Blok C,REGULER,Backorder
PRD-90818,290,35.0,3.0,261000,Tidak,Blok A,premium ,Aman
PRD-57993,404,9.0,18.0,457000,Ya,Blok B,Reguler,Aman
PRD-74729,205,43.0,21.0,313000,Tidak,Blok B, reguler ,Backorder
PRD-82413,269,32.0,7.0,472000,Ya,Blok B, reguler ,Menipis
PRD-26566,246,33.0,13.0,326000,Tidak,Blok C,Reguler,Backorder
PRD-72003,183,12.0,4.0,454000,Tidak,Blok A,REGULER,Menipis
PRD-57574,180,9.0,25.0,376000,Tidak,Blok C,Reguler,Backorder
PRD-90165,192,9.0,18.0,97000,Ya,Blok A,REGULER,Menipis
PRD-40109,196,34.0,13.0,443000,Tidak,Blok C, reguler ,Backorder
PRD-92928,101,16.0,11.0,360000,Tidak,Blok B,Premium,Backorder
PRD-39203,417,26.0,28.0,83000,Tidak,Blok C,premium ,Backorder
PRD-26682,140,17.0,11.0,411000,Tidak,Blok C,Premium,Backorder
PRD-82237,357,,23.0,300000,Tidak,Blok B,Reguler,Aman
PRD-44314,405,35.0,21.0,113000,Tidak,Blok B,Premium,Backorder
PRD-88506,370,19.0,14.0,293000,Tidak,Blok B,premium ,Menipis
PRD-21085,321,,12.0,97000,Tidak,Blok A,REGULER,Backorder
PRD-33671,446,24.0,12.0,487000,Tidak,Blok B,Premium,Backorder
PRD-57241,441,27.0,8.0,27000,Tidak,Blok B,premium ,Aman
PRD-59223,93,22.0,6.0,158000,Ya,Blok B,REGULER,Backorder
PRD-63117,127,22.0,26.0,122000,Ya,Blok C,Reguler,Backorder
PRD-23598,320,41.0,9.0,213000,Tidak,Blok A, reguler ,Backorder
PRD-99906,394,48.0,18.0,417000,Tidak,Blok B, reguler ,Backorder
PRD-79803,319,10.0,20.0,474000,Tidak,Blok C,Premium,Aman
PRD-78591,351,47.0,28.0,125000,Tidak,Blok A, reguler ,Backorder
PRD-52770,488,14.0,25.0,334000,Tidak,Blok A,Reguler,Backorder
PRD-27110,249,29.0,9.0,247000,Tidak,Blok A,Reguler,Menipis
PRD-17805,285,49.0,8.0,141000,Tidak,Blok A,REGULER,Backorder
PRD-82075,352,8.0,28.0,347000,Ya,Blok C,premium ,Aman
PRD-46303,306,4.0,10.0,113000,Tidak,Blok B,Reguler,Aman
PRD-99388,263,22.0,20.0,129000,Ya,Blok A, reguler ,Backorder
PRD-63767,42,49.0,22.0,289000,Tidak,Blok A,premium ,Backorder
PRD-68150,78,45.0,23.0,19000,Tidak,Blok C,REGULER,Backorder
PRD-18245,118,30.0,21.0,330000,Tidak,Blok B,REGULER,Menipis
PRD-94791,434,9.0,,25000,Ya,Blok A,Premium,Aman
PRD-29739,129,28.0,13.0,49000,Tidak,Blok A,REGULER,Backorder
PRD-76098,418,19.0,5.0,420000,Tidak,Blok C,REGULER,Aman
PRD-43690,128,26.0,6.0,27000,Ya,Blok C, reguler ,Aman
PRD-87360,423,11.0,29.0,299000,Tidak,Blok C,Reguler,Backorder
PRD-54990,211,35.0,7.0,261000,Tidak,Blok C,Premium,Aman
PRD-46491,116,19.0,28.0,330000,Ya,Blok A,premium ,Backorder
PRD-79918,422,45.0,14.0,95000,Tidak,Blok C,Premium,Backorder
PRD-64081,59,40.0,14.0,283000,Tidak,Blok C, reguler ,Backorder
PRD-73985,46,4.0,8.0,70000,Tidak,Blok B,Reguler,Backorder
PRD-20681,459,2.0,9.0,210000,Ya,Blok A,Premium,Aman
PRD-58136,295,14.0,15.0,24000,Tidak,Blok B,REGULER,Aman
PRD-63053,95,10.0,5.0,149000,Tidak,Blok A,REGULER,Aman
PRD-98667,95,49.0,22.0,274000,Tidak,Blok A,REGULER,Backorder
PRD-78943,397,32.0,29.0,104000,Tidak,Blok C,premium ,Backorder
PRD-73924,380,43.0,,33000,Ya,Blok A, reguler ,Backorder
PRD-18989,272,34.0,4.0,280000,Tidak,Blok C,Premium,Menipis
PRD-38453,227,42.0,23.0,217000,Tidak,Blok B,REGULER,Backorder
PRD-36962,263,23.0,4.0,112000,Ya,Blok C,Reguler,Menipis
PRD-53271,83,20.0,27.0,374000,Tidak,Blok B,premium ,Backorder
PRD-61287,480,5.0,18.0,337000,Tidak,Blok B,REGULER,Aman
PRD-27630,295,47.0,27.0,488000,Ya,Blok A, reguler ,Backorder
PRD-24484,437,18.0,8.0,494000,Tidak,Blok C,Reguler,Aman
PRD-93820,39,29.0,4.0,324000,Tidak,Blok C,premium ,Menipis
PRD-98576,386,25.0,24.0,76000,Tidak,Blok B,premium ,Backorder
PRD-68712,336,31.0,2.0,325000,Tidak,Blok A,premium ,Menipis
PRD-29404,435,10.0,29.0,33000,Tidak,Blok A,premium ,Aman
PRD-13688,353,40.0,8.0,311000,Tidak,Blok C, reguler ,Backorder
PRD-66800,63,4.0,28.0,54000,Ya,Blok C,REGULER,Menipis
PRD-95836,147,29.0,13.0,484000,Tidak,Blok A, reguler ,Backorder
PRD-99792,323,48.0,24.0,314000,Ya,Blok A,Premium,Aman
PRD-13515,17,16.0,15.0,426000,Ya,Blok C,Reguler,Backorder
PRD-53952,292,21.0,23.0,177000,Ya,Blok C,premium ,Backorder
PRD-72946,18,4.0,21.0,321000,Ya,Blok A,Premium,Backorder
PRD-85242,116,24.0,7.0,469000,Ya,Blok A,premium ,Menipis
PRD-60772,247,28.0,11.0,354000,Tidak,Blok C, reguler ,Menipis
PRD-76025,84,,2.0,117000,Tidak,Blok B,Reguler,Aman
PRD-92464,96,24.0,2.0,20000,Tidak,Blok C,Reguler,Menipis
PRD-19486,206,30.0,28.0,80000,Ya,Blok C,Premium,Backorder
PRD-23965,13,9.0,20.0,426000,Ya,Blok C,Premium,Backorder
PRD-26101,321,22.0,10.0,468000,Tidak,Blok A,Premium,Aman
PRD-89025,73,8.0,5.0,289000,Ya,Blok C,premium ,Menipis
PRD-47544,265,47.0,8.0,191000,Ya,Blok C,Premium,Menipis
PRD-75458,177,49.0,29.0,475000,Tidak,Blok A,Premium,Backorder
PRD-89322,462,48.0,3.0,217000,Tidak,Blok C,Premium,Menipis
PRD-99367,144,19.0,,305000,Ya,Blok B,premium ,Menipis
PRD-32485,323,17.0,12.0,381000,Tidak,Blok A,premium ,Aman
PRD-72320,110,4.0,18.0,471000,Tidak,Blok A,premium ,Backorder
PRD-52244,344,1.0,22.0,478000,Tidak,Blok C,premium ,Aman
PRD-13642,421,19.0,26.0,495000,Tidak,Blok A,REGULER,Menipis
PRD-63312,291,18.0,15.0,442000,Tidak,Blok B,Reguler,Aman
PRD-66886,491,7.0,25.0,220000,Tidak,Blok C, reguler ,Aman
PRD-41821,202,24.0,15.0,62000,Tidak,Blok A,premium ,Backorder
PRD-28062,211,48.0,26.0,249000,Tidak,Blok B,premium ,Backorder
PRD-67320,480,,18.0,86000,Ya,Blok B,Reguler,Menipis
PRD-99791,202,22.0,7.0,31000,Tidak,Blok B,Premium,Backorder
PRD-96489,305,14.0,11.0,275000,Tidak,Blok B,Reguler,Aman
PRD-95956,414,35.0,21.0,94000,Ya,Blok B,premium ,Backorder
PRD-12369,235,47.0,19.0,445000,Ya,Blok B,premium ,Backorder
PRD-14827,198,2.0,29.0,163000,Tidak,Blok A,Reguler,Aman
PRD-58766,477,8.0,27.0,111000,Tidak,Blok A,premium ,Aman
PRD-38523,185,30.0,6.0,385000,Tidak,Blok A, reguler ,Aman
PRD-97493,208,18.0,26.0,288000,Tidak,Blok C,Reguler,Backorder
PRD-64850,469,19.0,12.0,300000,Tidak,Blok C,premium ,Aman
PRD-31498,47,33.0,29.0,278000,Tidak,Blok B,premium ,Backorder
PRD-60477,27,28.0,24.0,450000,Ya,Blok A,Reguler,Aman
PRD-88928,415,25.0,9.0,402000,Tidak,Blok A,Premium,Aman
PRD-61786,267,4.0,19.0,181000,Tidak,Blok C,Reguler,Aman
PRD-45497,123,32.0,2.0,362000,Tidak,Blok C,premium ,Aman
PRD-63365,110,36.0,11.0,141000,Tidak,Blok C,Reguler,Menipis
PRD-90098,25,42.0,22.0,459000,Ya,Blok C,REGULER,Backorder
PRD-79569,390,37.0,11.0,223000,Ya,Blok A,REGULER,Menipis
PRD-27174,101,25.0,9.0,20000,Tidak,Blok B,Reguler,Aman
PRD-70635,465,25.0,2.0,432000,Tidak,Blok A, reguler ,Aman
PRD-97265,308,12.0,28.0,169000,Tidak,Blok A,Reguler,Aman
PRD-47158,34,23.0,7.0,15000,Ya,Blok A,Premium,Backorder
PRD-24678,86,31.0,28.0,362000,Tidak,Blok B, reguler ,Backorder
PRD-51037,465,31.0,22.0,168000,Ya,Blok B,Reguler,Backorder
PRD-32190,202,31.0,14.0,105000,Tidak,Blok B,Premium,Menipis
PRD-99081,448,2.0,20.0,129000,Ya,Blok C,Reguler,Aman
PRD-77470,17,10.0,3.0,318000,Tidak,Blok B,premium ,Backorder
PRD-33446,11,8.0,8.0,78000,Tidak,Blok C,REGULER,Backorder
PRD-19589,326,33.0,23.0,211000,Tidak,Blok B,Reguler,Backorder
PRD-20860,304,4.0,21.0,65000,Tidak,Blok C,Reguler,Aman
PRD-91352,396,45.0,13.0,367000,Tidak,Blok A,premium ,Backorder
PRD-79463,292,20.0,,184000,Tidak,Blok B, reguler ,Menipis
PRD-84085,150,20.0,13.0,490000,Tidak,Blok B,REGULER,Menipis
PRD-86208,393,14.0,22.0,32000,Tidak,Blok A,Reguler,Aman
PRD-13255,94,20.0,22.0,105000,Tidak,Blok A,Reguler,Backorder
PRD-81718,126,43.0,23.0,146000,Tidak,Blok A,Premium,Menipis
PRD-49419,494,31.0,7.0,242000,Tidak,Blok C,Premium,Menipis
PRD-90152,165,,,367000,Tidak,Blok A,premium ,Menipis
PRD-34741,148,22.0,6.0,96000,Tidak,Blok C,Reguler,Backorder
PRD-64333,84,36.0,21.0,485000,Tidak,Blok C,REGULER,Backorder
PRD-16471,323,11.0,17.0,32000,Tidak,Blok B,Premium,Aman
PRD-12606,240,13.0,4.0,318000,Tidak,Blok B, reguler ,Aman
PRD-32419,283,26.0,29.0,134000,Tidak,Blok A, reguler ,Backorder
PRD-40707,391,22.0,20.0,352000,Tidak,Blok A, reguler ,Aman
PRD-44674,50,42.0,24.0,237000,Tidak,Blok B,premium ,Backorder
PRD-66227,420,36.0,11.0,373000,Tidak,Blok A,premium ,Aman
PRD-12920,30,,17.0,254000,Tidak,Blok A,Premium,Backorder
PRD-38308,151,13.0,17.0,230000,Ya,Blok B, reguler ,Backorder
PRD-38365,355,8.0,29.0,373000,Ya,Blok A,premium ,Aman
PRD-50403,149,32.0,25.0,426000,Ya,Blok C, reguler ,Backorder
PRD-34151,64,4.0,15.0,160000,Ya,Blok B,Reguler,Backorder
PRD-75733,391,33.0,3.0,316000,Tidak,Blok A,Reguler,Aman
PRD-42356,143,41.0,27.0,12000,Tidak,Blok B,Reguler,Backorder
PRD-58408,353,10.0,19.0,100000,Ya,Blok B,Premium,Aman
PRD-67022,62,41.0,12.0,58000,Tidak,Blok C,Reguler,Menipis
PRD-23269,347,3.0,4.0,87000,Ya,Blok C, reguler ,Aman
PRD-15741,354,29.0,9.0,270000,Tidak,Blok C,premium ,Aman
PRD-67866,222,,7.0,388000,Tidak,Blok A,REGULER,Backorder
PRD-79906,178,26.0,11.0,72000,Tidak,Blok C,premium ,Menipis
PRD-63909,273,48.0,22.0,175000,Tidak,Blok C,premium ,Backorder
PRD-12093,382,,4.0,359000,Tidak,Blok B,Reguler,Aman
PRD-61310,403,26.0,21.0,301000,Ya,Blok B, reguler ,Menipis
PRD-41555,145,14.0,28.0,454000,Ya,Blok A,Reguler,Aman
PRD-15039,223,17.0,23.0,313000,Tidak,Blok A, reguler ,Backorder
PRD-69189,166,15.0,8.0,301000,Ya,Blok C,premium ,Menipis
PRD-74340,153,38.0,12.0,457000,Tidak,Blok A,Reguler,Backorder
PRD-36469,276,9.0,18.0,145000,Tidak,Blok B,Reguler,Aman
PRD-66747,4,10.0,20.0,256000,Ya,Blok B,REGULER,Menipis
PRD-88707,302,17.0,17.0,347000,Tidak,Blok C,premium ,Backorder
PRD-52597,143,,4.0,179000,Ya,Blok A,premium ,Aman
PRD-53826,183,23.0,7.0,128000,Tidak,Blok A,Premium,Backorder
PRD-98726,324,36.0,27.0,158000,Tidak,Blok B,Premium,Backorder
PRD-54674,394,48.0,999.0,483000,Tidak,Blok B,Reguler,Aman
PRD-48346,240,29.0,27.0,28000,Tidak,Blok B,premium ,Backorder
PRD-84182,164,42.0,18.0,321000,Tidak,Blok C,Reguler,Backorder
PRD-53427,141,,28.0,30000,Tidak,Blok B,Reguler,Backorder
PRD-16295,334,46.0,,107000,Tidak,Blok A, reguler ,Aman
PRD-73925,202,2.0,22.0,492000,Tidak,Blok B,REGULER,Aman
PRD-93559,82,41.0,8.0,118000,Ya,Blok A, reguler ,Aman
PRD-30093,146,29.0,2.0,466000,Tidak,Blok A,Reguler,Menipis
PRD-82474,351,38.0,3.0,149000,Tidak,Blok B,premium ,Menipis
PRD-88069,185,35.0,15.0,300000,Ya,Blok C,Premium,Backorder
PRD-74772,331,33.0,9.0,37000,Tidak,Blok A,Reguler,Menipis
PRD-46593,404,6.0,23.0,93000,Ya,Blok A,Premium,Aman
PRD-48428,338,25.0,19.0,69000,Tidak,Blok A,premium ,Menipis
PRD-11095,432,29.0,5.0,437000,Tidak,Blok B,Reguler,Menipis
PRD-86000,324,13.0,3.0,291000,Tidak,Blok C,Reguler,Aman
PRD-95501,421,9.0,3.0,438000,Tidak,Blok B,premium ,Aman
PRD-17566,204,9.0,5.0,287000,Tidak,Blok A,Reguler,Aman
PRD-36336,60,47.0,6.0,225000,Ya,Blok A,premium ,Backorder
PRD-69342,67,1.0,6.0,414000,Tidak,Blok A,Reguler,Aman
PRD-51627,476,22.0,10.0,90000,Tidak,Blok B,REGULER,Aman
PRD-97755,467,26.0,19.0,127000,Tidak,Blok C,Premium,Menipis
PRD-93795,250,28.0,7.0,162000,Ya,Blok B, reguler ,Aman
PRD-77439,85,2.0,11.0,79000,Tidak,Blok B,Premium,Aman
PRD-24079,144,46.0,2.0,85000,Tidak,Blok B,Reguler,Aman
PRD-59733,392,39.0,23.0,480000,Tidak,Blok C,premium ,Menipis
PRD-37563,283,35.0,23.0,436000,Tidak,Blok A, reguler ,Backorder
PRD-77038,477,32.0,999.0,90000,Tidak,Blok B, reguler ,Aman
PRD-69889,318,11.0,16.0,459000,Tidak,Blok B,premium ,Aman
PRD-60713,207,,11.0,188000,Tidak,Blok A,REGULER,Backorder
PRD-62528,409,30.0,9.0,134000,Ya,Blok C, reguler ,Aman
PRD-17338,346,5.0,3.0,31000,Tidak,Blok B,REGULER,Aman
PRD-60231,399,3.0,28.0,281000,Ya,Blok C, reguler ,Menipis
PRD-34578,175,7.0,21.0,254000,Tidak,Blok B,Premium,Menipis
PRD-52929,498,15.0,29.0,239000,Tidak,Blok A, reguler ,Menipis
PRD-33559,73,10.0,16.0,424000,Tidak,Blok B, reguler ,Backorder
PRD-97876,451,30.0,14.0,267000,Tidak,Blok B,premium ,Aman
PRD-42275,59,28.0,8.0,61000,Tidak,Blok B,Premium,Backorder
PRD-97893,318,38.0,29.0,172000,Ya,Blok C,REGULER,Backorder
PRD-34226,132,10.0,17.0,413000,Ya,Blok A,REGULER,Menipis
PRD-81749,254,6.0,23.0,71000,Tidak,Blok C,premium ,Aman
PRD-18539,76,43.0,25.0,206000,Tidak,Blok C,Premium,Menipis
PRD-24211,116,37.0,,471000,Tidak,Blok B,premium ,Menipis
PRD-77067,136,9.0,3.0,229000,Tidak,Blok C,Reguler,Aman
PRD-83155,65,17.0,6.0,137000,Tidak,Blok B,Premium,Backorder
PRD-34519,359,13.0,14.0,168000,Tidak,Blok C,premium ,Aman
PRD-22239,185,34.0,17.0,42000,Ya,Blok C,Reguler,Backorder
PRD-72680,339,13.0,4.0,400000,Tidak,Blok A,premium ,Menipis
PRD-43161,33,41.0,18.0,229000,Ya,Blok A,REGULER,Backorder
PRD-13212,435,3.0,8.0,398000,Ya,Blok A, reguler ,Aman
PRD-11883,236,49.0,11.0,136000,Tidak,Blok C,Reguler,Menipis
PRD-88015,152,12.0,11.0,170000,Tidak,Blok B,Reguler,Menipis
PRD-48756,143,29.0,15.0,496000,Tidak,Blok C, reguler ,Menipis
PRD-63472,53,11.0,9.0,423000,Tidak,Blok C,premium ,Backorder
PRD-11207,184,4.0,11.0,458000,Tidak,Blok B, reguler ,Aman
PRD-16721,338,14.0,2.0,192000,Tidak,Blok B, reguler ,Aman
PRD-66809,443,8.0,16.0,266000,Tidak,Blok B,REGULER,Aman
PRD-85199,321,34.0,10.0,312000,Ya,Blok C,Reguler,Backorder
PRD-10567,52,,11.0,474000,Tidak,Blok A,REGULER,Aman
PRD-32746,267,29.0,24.0,91000,Tidak,Blok C,Reguler,Backorder
PRD-49082,398,23.0,3.0,157000,Tidak,Blok A,REGULER,Aman
PRD-33954,405,27.0,6.0,119000,Tidak,Blok B, reguler ,Aman
PRD-75355,69,31.0,14.0,262000,Ya,Blok C,Reguler,Backorder
PRD-53481,390,11.0,12.0,109000,Ya,Blok B,premium ,Aman
PRD-55530,336,7.0,24.0,264000,Ya,Blok C, reguler ,Aman
PRD-28715,51,20.0,15.0,450000,Tidak,Blok A,REGULER,Backorder
PRD-25438,407,37.0,27.0,371000,Tidak,Blok C,Premium,Backorder
PRD-19107,152,45.0,27.0,454000,Tidak,Blok B,Reguler,Backorder
PRD-73852,411,3.0,10.0,374000,Tidak,Blok B, reguler ,Aman
PRD-46490,76,45.0,29.0,283000,Tidak,Blok C,premium ,Backorder
PRD-77364,96,37.0,17.0,303000,Ya,Blok C,Reguler,Backorder
PRD-14895,209,39.0,14.0,406000,Ya,Blok C, reguler ,Backorder
PRD-63682,98,31.0,27.0,269000,Ya,Blok A,Reguler,Backorder
PRD-94161,364,49.0,24.0,479000,Tidak,Blok B,REGULER,Menipis
PRD-25733,471,14.0,14.0,239000,Tidak,Blok B,Reguler,Menipis
PRD-84218,342,40.0,12.0,461000,Tidak,Blok C,Reguler,Aman
PRD-35557,438,41.0,15.0,188000,Tidak,Blok A,premium ,Backorder
PRD-23435,144,40.0,3.0,187000,Tidak,Blok A,Premium,Menipis
PRD-31446,13,48.0,10.0,434000,Tidak,Blok A,REGULER,Backorder
PRD-78945,446,8.0,15.0,369000,Ya,Blok C, reguler ,Aman
PRD-54813,142,21.0,23.0,158000,Tidak,Blok C,Premium,Backorder
PRD-50076,295,42.0,,378000,Tidak,Blok C,premium ,Backorder
PRD-81031,191,8.0,29.0,22000,Tidak,Blok A,Premium,Backorder
PRD-34170,32,11.0,5.0,174000,Tidak,Blok B,Reguler,Backorder
PRD-47744,212,6.0,6.0,232000,Tidak,Blok C,Premium,Menipis
PRD-89553,61,49.0,2.0,285000,Tidak,Blok B,Premium,Aman
PRD-63463,122,45.0,10.0,488000,Tidak,Blok C,Reguler,Backorder
PRD-98835,137,19.0,6.0,469000,Tidak,Blok C,Premium,Backorder
PRD-96649,456,17.0,3.0,391000,Tidak,Blok A,Reguler,Aman
PRD-36917,382,2.0,17.0,162000,Ya,Blok C, reguler ,Aman
PRD-32301,196,49.0,28.0,340000,Tidak,Blok C,Premium,Backorder
PRD-78385,91,11.0,7.0,180000,Tidak,Blok C, reguler ,Aman
PRD-22288,135,46.0,25.0,462000,Ya,Blok C,Premium,Backorder
PRD-46912,324,1.0,25.0,37000,Tidak,Blok B,premium ,Aman
PRD-73197,92,22.0,5.0,205000,Tidak,Blok B, reguler ,Menipis
PRD-11942,0,41.0,11.0,139000,Ya,Blok C,Reguler,Menipis
PRD-66827,348,4.0,18.0,429000,Tidak,Blok A,premium ,Aman
PRD-97505,69,39.0,17.0,345000,Tidak,Blok C,Reguler,Backorder
PRD-36898,29,33.0,15.0,388000,Tidak,Blok B,premium ,Backorder
PRD-30187,325,11.0,16.0,461000,Tidak,Blok B,Reguler,Aman
PRD-79122,457,19.0,13.0,46000,Tidak,Blok C,Premium,Aman
PRD-84704,92,20.0,17.0,206000,Ya,Blok C, reguler ,Backorder
PRD-20737,209,20.0,8.0,303000,Tidak,Blok C,premium ,Backorder
PRD-35538,65,34.0,12.0,96000,Tidak,Blok C,premium ,Backorder
PRD-33091,319,47.0,4.0,87000,Ya,Blok C,Reguler,Menipis
PRD-66638,150,35.0,2.0,480000,Tidak,Blok B,premium ,Menipis
PRD-18433,59,37.0,11.0,309000,Tidak,Blok C, reguler ,Aman
PRD-21314,112,27.0,,273000,Tidak,Blok A, reguler ,Backorder
PRD-59145,338,32.0,27.0,42000,Ya,Blok A,REGULER,Backorder
PRD-39061,315,19.0,17.0,106000,Ya,Blok B,REGULER,Aman
PRD-72820,303,44.0,25.0,93000,Ya,Blok B,premium ,Backorder
PRD-37788,484,17.0,27.0,281000,Tidak,Blok B,premium ,Menipis
PRD-14482,69,19.0,20.0,194000,Ya,Blok B, reguler ,Backorder
PRD-79050,303,44.0,19.0,125000,Tidak,Blok B,Premium,Menipis
PRD-38001,287,48.0,11.0,458000,Tidak,Blok B,Reguler,Aman
PRD-33833,189,16.0,14.0,323000,Tidak,Blok A,Premium,Aman
PRD-95092,28,,9.0,272000,Ya,Blok B,REGULER,Menipis
PRD-82255,228,17.0,10.0,407000,Tidak,Blok C,Premium,Backorder
PRD-97802,453,38.0,29.0,289000,Tidak,Blok B,premium ,Backorder
PRD-58570,84,38.0,29.0,334000,Tidak,Blok C, reguler ,Backorder
PRD-40408,386,5.0,8.0,315000,Tidak,Blok C,Premium,Aman
PRD-25704,470,33.0,29.0,20000,Tidak,Blok C,Reguler,Backorder
PRD-18016,134,,4.0,134000,Tidak,Blok C,premium ,Menipis
PRD-43371,41,22.0,2.0,47000,Tidak,Blok C,Premium,Menipis
PRD-26940,154,49.0,20.0,367000,Ya,Blok B, reguler ,Backorder
PRD-57897,277,5.0,15.0,165000,Tidak,Blok C, reguler ,Aman
PRD-89422,390,9.0,17.0,65000,Ya,Blok C,REGULER,Aman
PRD-83591,226,13.0,19.0,430000,Tidak,Blok B, reguler ,Backorder
PRD-23669,243,18.0,8.0,299000,Tidak,Blok B,premium ,Menipis
PRD-98220,394,,4.0,45000,Tidak,Blok A,premium ,Aman
PRD-66570,407,41.0,9.0,241000,Tidak,Blok A,premium ,Aman
PRD-92215,222,8.0,17.0,27000,Tidak,Blok C,Premium,Aman
PRD-99353,220,34.0,29.0,125000,Tidak,Blok A, reguler ,Backorder
PRD-35683,497,40.0,20.0,470000,Tidak,Blok B,Reguler,Backorder
PRD-24292,180,39.0,10.0,162000,Tidak,Blok C,REGULER,Backorder
PRD-93028,157,43.0,28.0,481000,Ya,Blok A,Premium,Backorder
PRD-52051,444,6.0,5.0,173000,Tidak,Blok C,REGULER,Aman
PRD-85452,426,34.0,22.0,411000,Tidak,Blok C,premium ,Menipis
PRD-97640,347,11.0,27.0,404000,Tidak,Blok B,premium ,Backorder
PRD-52503,66,1.0,5.0,444000,Tidak,Blok A,REGULER,Aman
PRD-76732,120,,8.0,48000,Tidak,Blok B, reguler ,Menipis
PRD-13240,436,12.0,2.0,300000,Tidak,Blok B,Reguler,Backorder
PRD-26705,93,15.0,,345000,Tidak,Blok A, reguler ,Menipis
PRD-22112,356,22.0,6.0,201000,Tidak,Blok A,Reguler,Aman
PRD-70686,238,42.0,2.0,416000,Tidak,Blok C,premium ,Aman
PRD-83746,7,16.0,25.0,497000,Tidak,Blok B, reguler ,Backorder
PRD-81558,406,35.0,16.0,189000,Tidak,Blok A,Reguler,Aman
PRD-30150,248,22.0,4.0,382000,Ya,Blok C,REGULER,Aman
PRD-35242,311,45.0,23.0,468000,Ya,Blok A,Premium,Backorder
PRD-27106,498,26.0,3.0,419000,Tidak,Blok B, reguler ,Aman
PRD-77843,449,27.0,15.0,260000,Tidak,Blok A,Premium,Menipis
PRD-75455,437,8.0,18.0,407000,Ya,Blok A,Premium,Menipis
PRD-86975,272,31.0,5.0,279000,Tidak,Blok B,REGULER,Menipis
PRD-78731,257,25.0,8.0,333000,Ya,Blok A,Premium,Menipis
PRD-48485,494,24.0,29.0,374000,Tidak,Blok A,premium ,Backorder
PRD-18888,134,49.0,24.0,111000,Tidak,Blok C,premium ,Backorder
PRD-84816,467,40.0,3.0,471000,Tidak,Blok C, reguler ,Aman
PRD-16511,275,40.0,,371000,Tidak,Blok A,REGULER,Aman
PRD-34363,332,25.0,16.0,126000,Tidak,Blok B,premium ,Backorder
PRD-25867,54,30.0,16.0,482000,Tidak,Blok C, reguler ,Backorder
PRD-52808,153,47.0,22.0,31000,Tidak,Blok A,Reguler,Backorder
PRD-30714,11,12.0,12.0,272000,Tidak,Blok A,REGULER,Backorder
PRD-82902,175,40.0,15.0,264000,Ya,Blok A,premium ,Backorder
PRD-85697,301,21.0,22.0,159000,Tidak,Blok A,premium ,Aman
PRD-60435,49,21.0,6.0,480000,Tidak,Blok B,Reguler,Menipis
PRD-87120,327,2.0,21.0,197000,Ya,Blok C,REGULER,Menipis
PRD-93482,445,35.0,999.0,94000,Tidak,Blok B,premium ,Aman
PRD-21534,323,23.0,22.0,73000,Tidak,Blok C,REGULER,Backorder
PRD-38230,332,45.0,8.0,10000,Tidak,Blok A, reguler ,Backorder
PRD-56146,495,14.0,23.0,205000,Ya,Blok A,Premium,Aman
PRD-12419,326,47.0,13.0,131000,Tidak,Blok A, reguler ,Backorder
PRD-71687,194,28.0,8.0,374000,Tidak,Blok C,premium ,Menipis
PRD-58438,495,30.0,29.0,101000,Tidak,Blok A,Premium,Backorder
PRD-89703,299,21.0,10.0,320000,Tidak,Blok C, reguler ,Menipis
PRD-96676,402,12.0,21.0,408000,Tidak,Blok C,premium ,Aman
PRD-45398,373,3.0,9.0,390000,Tidak,Blok B,premium ,Aman
PRD-41973,364,4.0,29.0,113000,Tidak,Blok B,Premium,Aman
PRD-92427,435,30.0,6.0,127000,Ya,Blok C,Premium,Menipis
PRD-12469,131,39.0,19.0,89000,Tidak,Blok B,premium ,Backorder
PRD-17352,85,37.0,20.0,334000,Tidak,Blok B,Reguler,Backorder
PRD-75149,187,48.0,15.0,432000,Tidak,Blok C, reguler ,Aman
PRD-17526,200,37.0,16.0,467000,Tidak,Blok B,premium ,Backorder
PRD-75661,82,15.0,22.0,55000,Ya,Blok A,premium ,Backorder
PRD-98321,408,47.0,27.0,109000,Tidak,Blok A,premium ,Aman
PRD-11605,252,27.0,23.0,194000,Tidak,Blok A, reguler ,Menipis
PRD-43302,295,1.0,8.0,250000,Tidak,Blok C,Reguler,Aman
PRD-53001,351,31.0,5.0,131000,Tidak,Blok B,premium ,Backorder
PRD-34089,39,45.0,15.0,438000,Tidak,Blok A, reguler ,Backorder
PRD-37355,289,46.0,25.0,248000,Tidak,Blok B, reguler ,Backorder
PRD-74324,308,27.0,3.0,112000,Tidak,Blok C,REGULER,Aman
PRD-49560,84,26.0,999.0,97000,Tidak,Blok B,Reguler,Backorder
PRD-97985,119,45.0,4.0,43000,Ya,Blok B,Premium,Menipis
PRD-47500,397,3.0,25.0,137000,Tidak,Blok A,Premium,Aman
PRD-20537,261,34.0,24.0,38000,Tidak,Blok C,Reguler,Menipis
PRD-30806,464,48.0,8.0,275000,Tidak,Blok A,premium ,Backorder
PRD-35805,346,3.0,5.0,327000,Tidak,Blok C,Premium,Aman
PRD-89273,12,2.0,23.0,488000,Tidak,Blok B,REGULER,Backorder
PRD-22875,354,15.0,25.0,212000,Ya,Blok A,REGULER,Backorder
PRD-83445,376,49.0,2.0,382000,Tidak,Blok B,REGULER,Aman
PRD-14369,448,31.0,5.0,275000,Tidak,Blok A,premium ,Backorder
PRD-20510,469,28.0,2.0,97000,Tidak,Blok C,premium ,Aman
PRD-65797,150,3.0,5.0,170000,Tidak,Blok A,premium ,Aman
PRD-41153,179,35.0,27.0,405000,Tidak,Blok A,REGULER,Backorder
PRD-11016,227,36.0,26.0,182000,Tidak,Blok A,REGULER,Backorder
PRD-60711,432,15.0,19.0,165000,Tidak,Blok C,Reguler,Menipis
PRD-32340,198,40.0,15.0,316000,Tidak,Blok B,Reguler,Backorder
PRD-40921,182,7.0,6.0,72000,Tidak,Blok A,Premium,Aman
PRD-14632,269,45.0,14.0,23000,Ya,Blok A, reguler ,Backorder
PRD-74929,402,27.0,23.0,180000,Ya,Blok B, reguler ,Aman
PRD-17099,151,24.0,3.0,241000,Ya,Blok A,premium ,Menipis
PRD-30103,70,37.0,19.0,13000,Tidak,Blok A,premium ,Backorder
PRD-30056,355,4.0,27.0,397000,Tidak,Blok A,Reguler,Aman
PRD-95205,319,47.0,29.0,434000,Ya,Blok C,Reguler,Backorder
PRD-35651,321,48.0,5.0,277000,Tidak,Blok C,Reguler,Menipis
PRD-12837,268,3.0,16.0,296000,Tidak,Blok C,Premium,Aman
PRD-94328,208,15.0,28.0,105000,Tidak,Blok C, reguler ,Backorder
PRD-11140,98,,999.0,426000,Ya,Blok B,premium ,Menipis
PRD-48452,198,6.0,25.0,226000,Tidak,Blok A,Premium,Menipis
PRD-55434,274,39.0,20.0,369000,Tidak,Blok B, reguler ,Aman
PRD-89714,277,13.0,26.0,395000,Tidak,Blok C,premium ,Aman
PRD-88344,171,47.0,23.0,427000,Tidak,Blok C, reguler ,Aman
PRD-16611,167,11.0,8.0,136000,Tidak,Blok C,Reguler,Menipis
PRD-35457,238,15.0,9.0,496000,Tidak,Blok C, reguler ,Aman
PRD-57788,225,3.0,17.0,35000,Tidak,Blok C,premium ,Aman
PRD-53890,409,36.0,22.0,441000,Ya,Blok B,REGULER,Backorder
PRD-53909,30,41.0,12.0,58000,Ya,Blok B, reguler ,Backorder
PRD-15529,233,21.0,10.0,142000,Tidak,Blok C, reguler ,Menipis
PRD-44393,38,14.0,12.0,85000,Tidak,Blok C,premium ,Menipis
PRD-74805,347,18.0,5.0,377000,Tidak,Blok B,REGULER,Aman
PRD-21938,272,34.0,11.0,411000,Tidak,Blok A,Reguler,Menipis
PRD-16057,319,40.0,21.0,232000,Tidak,Blok A,REGULER,Backorder
PRD-39605,126,28.0,19.0,498000,Tidak,Blok A, reguler ,Backorder
PRD-45524,498,29.0,4.0,228000,Ya,Blok B,Reguler,Aman
PRD-23869,239,25.0,26.0,69000,Ya,Blok B, reguler ,Backorder
PRD-34904,245,42.0,23.0,165000,Tidak,Blok B,Premium,Menipis
PRD-22884,255,6.0,17.0,119000,Tidak,Blok B, reguler ,Aman
PRD-98697,406,5.0,9.0,337000,Ya,Blok B,REGULER,Aman
PRD-80316,383,10.0,19.0,328000,Tidak,Blok C,premium ,Aman
PRD-37115,455,29.0,7.0,250000,Ya,Blok C, reguler ,Aman
PRD-32440,208,22.0,24.0,289000,Tidak,Blok C,Premium,Menipis
PRD-58747,70,,14.0,463000,Tidak,Blok B, reguler ,Backorder
PRD-26260,484,45.0,14.0,332000,Tidak,Blok B,premium ,Backorder
PRD-72008,48,9.0,2.0,64000,Tidak,Blok A, reguler ,Menipis
PRD-60411,332,40.0,15.0,404000,Tidak,Blok C, reguler ,Menipis
PRD-37082,110,37.0,17.0,221000,Ya,Blok B,REGULER,Backorder
PRD-79374,486,13.0,7.0,97000,Tidak,Blok B, reguler ,Aman
PRD-13317,210,48.0,7.0,104000,Tidak,Blok B,premium ,Menipis
PRD-41969,258,43.0,999.0,139000,Tidak,Blok A,premium ,Aman
PRD-92799,396,31.0,17.0,479000,Tidak,Blok B,premium ,Backorder
PRD-88002,142,3.0,3.0,370000,Tidak,Blok A,Premium,Aman
PRD-33989,205,1.0,16.0,401000,Tidak,Blok B,Reguler,Aman
PRD-37723,83,,11.0,76000,Tidak,Blok A,premium ,Menipis
PRD-20681,29,4.0,11.0,339000,Ya,Blok B,REGULER,Backorder
PRD-81274,114,33.0,18.0,79000,Tidak,Blok B,Premium,Aman
PRD-81910,424,32.0,10.0,272000,Tidak,Blok C,premium ,Aman
PRD-46021,142,20.0,27.0,188000,Tidak,Blok C,Reguler,Backorder
PRD-34014,89,27.0,16.0,109000,Ya,Blok C,REGULER,Backorder
PRD-15435,226,45.0,2.0,310000,Tidak,Blok A,Premium,Aman
PRD-34502,394,43.0,8.0,354000,Ya,Blok A,premium ,Menipis
PRD-69658,5,18.0,18.0,443000,Tidak,Blok B, reguler ,Backorder
PRD-56815,208,47.0,9.0,347000,Tidak,Blok A,Premium,Backorder
PRD-58200,41,48.0,16.0,111000,Tidak,Blok A, reguler ,Menipis
PRD-97245,3,32.0,6.0,359000,Tidak,Blok A,Premium,Aman
PRD-48619,326,30.0,4.0,25000,Tidak,Blok C,Reguler,Aman
PRD-75018,88,23.0,22.0,322000,Tidak,Blok B,Premium,Backorder
PRD-30618,479,4.0,19.0,254000,Tidak,Blok B, reguler ,Aman
PRD-70610,139,8.0,15.0,334000,Tidak,Blok A, reguler ,Aman
PRD-34464,315,6.0,11.0,159000,Ya,Blok C, reguler ,Aman
PRD-20060,131,12.0,999.0,268000,Tidak,Blok A,REGULER,Aman
PRD-38901,157,29.0,25.0,145000,Tidak,Blok B,Premium,Backorder
PRD-93536,17,39.0,7.0,440000,Tidak,Blok C, reguler ,Menipis
PRD-45773,148,45.0,9.0,194000,Tidak,Blok A, reguler ,Backorder
PRD-39631,424,19.0,22.0,351000,Ya,Blok A,Premium,Menipis
PRD-55771,183,6.0,21.0,390000,Tidak,Blok B,premium ,Aman
PRD-14923,330,43.0,14.0,71000,Ya,Blok B,Reguler,Backorder
PRD-83794,2,20.0,23.0,200000,Tidak,Blok A,Premium,Backorder
PRD-64774,274,31.0,13.0,383000,Tidak,Blok B,REGULER,Backorder
PRD-15845,241,27.0,11.0,269000,Tidak,Blok B,REGULER,Backorder
PRD-13471,363,3.0,9.0,400000,Ya,Blok A,REGULER,Aman
PRD-36685,163,11.0,29.0,330000,Ya,Blok C,Reguler,Menipis
PRD-24123,213,18.0,17.0,427000,Tidak,Blok A, reguler ,Backorder
PRD-57307,399,42.0,17.0,74000,Ya,Blok A,Reguler,Backorder
PRD-81315,229,30.0,29.0,35000,Tidak,Blok A,REGULER,Backorder
PRD-99001,155,,2.0,328000,Tidak,Blok B,REGULER,Aman
PRD-53298,212,4.0,8.0,168000,Tidak,Blok B, reguler ,Aman
PRD-22145,112,11.0,5.0,191000,Tidak,Blok A,Reguler,Menipis
PRD-16853,323,5.0,24.0,299000,Ya,Blok A, reguler ,Menipis
PRD-38930,15,30.0,29.0,112000,Tidak,Blok B, reguler ,Backorder
PRD-84910,66,24.0,27.0,32000,Tidak,Blok A,REGULER,Backorder
PRD-39113,261,38.0,15.0,369000,Tidak,Blok A,premium ,Backorder
PRD-62395,25,25.0,18.0,350000,Tidak,Blok C,Reguler,Backorder
PRD-92896,144,44.0,17.0,173000,Tidak,Blok C, reguler ,Backorder
PRD-34594,174,41.0,2.0,327000,Ya,Blok B,premium ,Backorder
PRD-83927,32,8.0,5.0,144000,Ya,Blok B, reguler ,Aman
PRD-29156,312,36.0,5.0,392000,Tidak,Blok C,Premium,Aman
PRD-79603,274,21.0,13.0,351000,Ya,Blok B,REGULER,Backorder
PRD-16783,193,,23.0,241000,Tidak,Blok A,REGULER,Backorder
PRD-29665,151,38.0,8.0,431000,Tidak,Blok C,Reguler,Menipis
PRD-60492,427,14.0,5.0,454000,Tidak,Blok A,REGULER,Aman
PRD-43172,61,6.0,24.0,56000,Tidak,Blok A,Premium,Backorder
PRD-98747,454,38.0,6.0,440000,Tidak,Blok C, reguler ,Aman
PRD-71748,54,22.0,999.0,488000,Tidak,Blok C, reguler ,Backorder
PRD-46931,176,14.0,17.0,496000,Tidak,Blok A,premium ,Menipis
PRD-95366,176,18.0,6.0,385000,Tidak,Blok C,Reguler,Backorder
PRD-73190,430,25.0,28.0,64000,Tidak,Blok A, reguler ,Backorder
PRD-89622,190,23.0,,66000,Ya,Blok A,Premium,Aman
PRD-25422,382,41.0,12.0,204000,Tidak,Blok C, reguler ,Menipis
PRD-27629,423,16.0,21.0,293000,Ya,Blok A, reguler ,Backorder
PRD-44386,24,23.0,4.0,192000,Tidak,Blok B,Reguler,Aman
PRD-72522,432,46.0,8.0,449000,Tidak,Blok C,REGULER,Aman
PRD-73528,304,21.0,13.0,258000,Tidak,Blok C, reguler ,Aman
PRD-23833,104,47.0,16.0,386000,Tidak,Blok B,Premium,Backorder
PRD-29455,22,43.0,16.0,349000,Tidak,Blok A, reguler ,Menipis
PRD-82603,264,,18.0,139000,Tidak,Blok B, reguler ,Backorder
PRD-15741,215,45.0,12.0,478000,Tidak,Blok B,REGULER,Menipis
PRD-97858,362,13.0,6.0,116000,Ya,Blok C, reguler ,Aman
PRD-31288,86,33.0,24.0,132000,Ya,Blok A,premium ,Backorder
PRD-48374,412,25.0,6.0,299000,Ya,Blok B,Reguler,Aman
PRD-35989,264,1.0,4.0,431000,Tidak,Blok A, reguler ,Aman
PRD-54116,135,9.0,9.0,435000,Tidak,Blok B, reguler ,Aman
PRD-59112,381,36.0,9.0,395000,Tidak,Blok C,premium ,Backorder
PRD-95184,138,11.0,24.0,419000,Tidak,Blok A,Reguler,Backorder
PRD-39241,415,48.0,11.0,258000,Tidak,Blok B,Reguler,Aman
PRD-84905,182,16.0,26.0,378000,Tidak,Blok B,premium ,Backorder
PRD-52600,102,41.0,5.0,446000,Tidak,Blok C, reguler ,Backorder
PRD-24677,450,33.0,26.0,278000,Tidak,Blok C,Reguler,Backorder
PRD-91899,312,6.0,9.0,402000,Ya,Blok C,Reguler,Aman
PRD-36370,67,,23.0,363000,Tidak,Blok B,premium ,Backorder
PRD-44758,383,27.0,24.0,309000,Tidak,Blok A,Reguler,Menipis
PRD-24026,121,13.0,18.0,21000,Tidak,Blok B,premium ,Backorder
PRD-12994,76,39.0,9.0,158000,Tidak,Blok A,Reguler,Menipis
PRD-40436,206,33.0,10.0,475000,Ya,Blok C, reguler ,Backorder
PRD-66044,12,9.0,13.0,237000,Tidak,Blok B,premium ,Menipis
PRD-28909,325,19.0,15.0,65000,Tidak,Blok B,Reguler,Backorder
PRD-71914,165,41.0,16.0,253000,Tidak,Blok B, reguler ,Backorder
PRD-78431,217,7.0,18.0,374000,Tidak,Blok B,premium ,Aman
PRD-81524,215,32.0,12.0,486000,Tidak,Blok C,Reguler,Menipis
PRD-62587,45,22.0,28.0,59000,Ya,Blok A,REGULER,Backorder
PRD-62805,380,17.0,18.0,104000,Tidak,Blok B, reguler ,Aman
PRD-21049,120,22.0,,224000,Tidak,Blok B,Reguler,Backorder
PRD-92806,69,9.0,8.0,115000,Tidak,Blok A,Premium,Menipis
PRD-81474,10,39.0,24.0,484000,Tidak,Blok A,REGULER,Backorder
PRD-46787,425,14.0,7.0,237000,Tidak,Blok A,premium ,Aman
PRD-97212,60,10.0,15.0,374000,Tidak,Blok C,premium ,Backorder
PRD-14703,384,39.0,10.0,439000,Ya,Blok C,premium ,Aman
PRD-12654,153,31.0,27.0,48000,Ya,Blok A,REGULER,Backorder
PRD-40698,464,45.0,11.0,207000,Ya,Blok B,Premium,Aman
PRD-83319,127,48.0,5.0,448000,Ya,Blok C,REGULER,Menipis
PRD-41921,6,6.0,16.0,306000,Tidak,Blok A,REGULER,Backorder
PRD-48417,77,14.0,9.0,489000,Tidak,Blok A,premium ,Menipis
PRD-49711,240,25.0,9.0,134000,Tidak,Blok B,REGULER,Menipis
PRD-35968,410,26.0,,167000,Tidak,Blok C,Premium,Menipis
PRD-58226,435,49.0,22.0,414000,Ya,Blok A,REGULER,Aman
PRD-33350,438,47.0,14.0,153000,Ya,Blok C,Reguler,Backorder
PRD-74148,421,23.0,8.0,301000,Tidak,Blok A, reguler ,Aman
PRD-19475,249,19.0,29.0,250000,Ya,Blok C,Premium,Backorder
PRD-17797,265,,4.0,178000,Ya,Blok B,Reguler,Backorder
PRD-91768,92,2.0,19.0,71000,Ya,Blok A,Premium,Aman
PRD-91110,51,17.0,24.0,152000,Tidak,Blok A,REGULER,Backorder
PRD-88958,418,1.0,6.0,407000,Tidak,Blok C,premium ,Aman
PRD-80400,361,45.0,29.0,155000,Tidak,Blok C,premium ,Backorder
PRD-21954,329,43.0,,143000,Ya,Blok C,Reguler,Backorder
PRD-56607,343,27.0,23.0,381000,Tidak,Blok C,Premium,Menipis
PRD-52874,241,6.0,9.0,468000,Tidak,Blok A,Premium,Aman
PRD-57945,254,7.0,20.0,37000,Tidak,Blok A,Reguler,Aman
PRD-67724,67,43.0,999.0,402000,Ya,Blok C,Premium,Menipis
PRD-65568,218,,20.0,21000,Tidak,Blok A,REGULER,Backorder
PRD-38834,390,6.0,26.0,480000,Tidak,Blok C,Premium,Aman
PRD-81121,60,,3.0,109000,Ya,Blok B,REGULER,Menipis
PRD-57374,276,44.0,6.0,100000,Ya,Blok B,Reguler,Aman
PRD-24256,207,4.0,8.0,73000,Tidak,Blok B,REGULER,Aman
PRD-97359,190,44.0,20.0,48000,Ya,Blok A,REGULER,Backorder
PRD-65830,485,2.0,5.0,405000,Tidak,Blok A,premium ,Aman
PRD-20293,94,28.0,20.0,471000,Tidak,Blok B,REGULER,Backorder
PRD-32228,283,10.0,19.0,32000,Tidak,Blok B, reguler ,Aman
PRD-36425,275,33.0,29.0,476000,Tidak,Blok C,REGULER,Backorder
PRD-82920,398,7.0,20.0,37000,Ya,Blok B,premium ,Aman
PRD-14833,105,,8.0,77000,Ya,Blok C,Reguler,Menipis
PRD-80283,219,35.0,3.0,185000,Tidak,Blok B, reguler ,Aman
PRD-18983,82,35.0,17.0,370000,Tidak,Blok B,premium ,Backorder
PRD-68627,179,33.0,21.0,158000,Ya,Blok C,Premium,Backorder
PRD-49901,381,42.0,29.0,300000,Ya,Blok C,Reguler,Backorder
PRD-78026,283,7.0,17.0,258000,Ya,Blok A,REGULER,Aman
PRD-54695,373,9.0,7.0,182000,Tidak,Blok B,Premium,Aman
PRD-94390,22,27.0,29.0,339000,Tidak,Blok B, reguler ,Menipis
PRD-39001,244,37.0,28.0,87000,Tidak,Blok C,Premium,Backorder
PRD-61016,36,8.0,16.0,196000,Ya,Blok C,REGULER,Backorder
PRD-90720,389,37.0,999.0,179000,Tidak,Blok C, reguler ,Aman
PRD-34532,478,44.0,7.0,443000,Tidak,Blok B, reguler ,Aman
PRD-39009,191,8.0,10.0,301000,Tidak,Blok B,Reguler,Backorder
PRD-42733,289,10.0,11.0,429000,Ya,Blok B,premium ,Aman
PRD-73704,418,28.0,4.0,438000,Ya,Blok B,premium ,Aman
PRD-31386,170,46.0,14.0,351000,Ya,Blok B,REGULER,Backorder
PRD-98207,348,,14.0,282000,Ya,Blok C, reguler ,Menipis
PRD-30095,356,24.0,24.0,111000,Ya,Blok C,REGULER,Backorder
PRD-91701,260,5.0,7.0,87000,Tidak,Blok A,premium ,Aman
PRD-65571,357,31.0,26.0,155000,Tidak,Blok C,Reguler,Backorder
PRD-89083,154,26.0,21.0,308000,Tidak,Blok C,REGULER,Backorder
PRD-93211,184,32.0,12.0,117000,Tidak,Blok C, reguler ,Menipis
PRD-24571,481,7.0,9.0,156000,Tidak,Blok C, reguler ,Aman
PRD-80014,96,7.0,9.0,247000,Tidak,Blok B,Premium,Aman
PRD-33093,422,45.0,27.0,159000,Tidak,Blok B,REGULER,Backorder
PRD-91816,493,11.0,3.0,121000,Tidak,Blok A,Reguler,Menipis
PRD-28639,208,10.0,27.0,42000,Tidak,Blok B,premium ,Aman
PRD-91470,33,,21.0,434000,Tidak,Blok C,Premium,Backorder
PRD-54425,440,19.0,12.0,397000,Tidak,Blok B,REGULER,Menipis
PRD-88537,482,18.0,999.0,317000,Tidak,Blok A,REGULER,Menipis
PRD-96908,217,49.0,23.0,118000,Tidak,Blok C,premium ,Backorder
PRD-13679,147,38.0,19.0,254000,Ya,Blok B,premium ,Backorder
PRD-18831,135,14.0,13.0,443000,Tidak,Blok B,Reguler,Backorder
PRD-13465,85,24.0,5.0,30000,Tidak,Blok C,premium ,Menipis
PRD-40306,59,32.0,20.0,456000,Tidak,Blok A,Premium,Backorder
PRD-11049,392,44.0,11.0,198000,Tidak,Blok B,Premium,Backorder
PRD-23882,79,31.0,7.0,271000,Tidak,Blok B,Reguler,Backorder
PRD-14239,364,30.0,22.0,436000,Tidak,Blok A,REGULER,Backorder
PRD-98356,138,32.0,20.0,115000,Ya,Blok A,premium ,Backorder
PRD-17044,52,13.0,9.0,443000,Ya,Blok C,premium ,Aman
PRD-37050,261,20.0,11.0,30000,Tidak,Blok A, reguler ,Aman
PRD-33341,388,39.0,6.0,132000,Tidak,Blok B,Premium,Menipis
PRD-91442,271,22.0,13.0,349000,Ya,Blok C,premium ,Backorder
PRD-10048,138,27.0,7.0,163000,Tidak,Blok C,Premium,Aman
PRD-97483,232,19.0,9.0,148000,Ya,Blok C,Premium,Aman
PRD-42317,398,24.0,3.0,402000,Ya,Blok B, reguler ,Aman
PRD-52025,100,38.0,,217000,Tidak,Blok A,REGULER,Aman
PRD-20106,319,36.0,24.0,149000,Tidak,Blok B,premium ,Menipis
PRD-87603,262,45.0,28.0,285000,Tidak,Blok B,Reguler,Menipis
PRD-28816,270,9.0,17.0,93000,Tidak,Blok C, reguler ,Aman
PRD-13883,53,25.0,999.0,139000,Tidak,Blok A, reguler ,Backorder
PRD-43123,111,16.0,19.0,445000,Tidak,Blok C,premium ,Aman
PRD-54435,305,6.0,17.0,247000,Ya,Blok C,REGULER,Aman
PRD-91171,366,2.0,19.0,182000,Tidak,Blok A,Premium,Aman
PRD-68847,177,31.0,15.0,131000,Tidak,Blok C, reguler ,Backorder
PRD-98559,161,26.0,24.0,384000,Tidak,Blok A,REGULER,Backorder
PRD-79836,405,12.0,9.0,495000,Tidak,Blok A,REGULER,Menipis
PRD-13832,483,,19.0,187000,Ya,Blok A,Reguler,Menipis
PRD-18733,339,,5.0,353000,Tidak,Blok C,Reguler,Aman
PRD-90249,209,47.0,18.0,175000,Tidak,Blok A,Premium,Backorder
PRD-98938,99,18.0,3.0,303000,Tidak,Blok A, reguler ,Aman
PRD-37740,414,,6.0,236000,Tidak,Blok B,REGULER,Aman
PRD-40448,462,43.0,8.0,127000,Ya,Blok B,Reguler,Aman
PRD-72979,25,49.0,4.0,278000,Ya,Blok C,premium ,Backorder
PRD-91029,233,20.0,13.0,128000,Ya,Blok B,Premium,Backorder
PRD-27065,230,8.0,17.0,253000,Tidak,Blok A, reguler ,Aman
PRD-99900,258,41.0,19.0,327000,Tidak,Blok A,Premium,Backorder
PRD-99431,89,31.0,24.0,67000,Ya,Blok C,REGULER,Backorder
PRD-13216,437,43.0,20.0,55000,Tidak,Blok A,REGULER,Backorder
PRD-68066,378,21.0,5.0,90000,Tidak,Blok C,Premium,Aman
PRD-74881,355,22.0,29.0,31000,Ya,Blok C,REGULER,Backorder
PRD-20692,385,46.0,18.0,201000,Tidak,Blok C,premium ,Backorder
PRD-26082,321,40.0,13.0,260000,Tidak,Blok C,Premium,Aman
PRD-78344,227,6.0,6.0,318000,Ya,Blok A,premium ,Aman
PRD-83282,242,13.0,17.0,453000,Ya,Blok A,premium ,Backorder
PRD-37180,56,24.0,5.0,347000,Ya,Blok A,REGULER,Aman
PRD-38865,477,23.0,24.0,136000,Tidak,Blok B, reguler ,Menipis
PRD-11986,484,5.0,17.0,16000,Ya,Blok C,Premium,Aman
PRD-43062,0,5.0,13.0,340000,Ya,Blok B, reguler ,Backorder
PRD-98733,109,40.0,7.0,390000,Ya,Blok A,REGULER,Backorder
PRD-73879,342,32.0,15.0,338000,Tidak,Blok B,premium ,Aman
PRD-66851,24,42.0,28.0,286000,Tidak,Blok A,REGULER,Backorder
PRD-78045,404,11.0,2.0,182000,Ya,Blok A, reguler ,Aman
PRD-40930,211,38.0,17.0,394000,Tidak,Blok A,premium ,Menipis
PRD-93683,375,41.0,26.0,497000,Tidak,Blok C,premium ,Backorder
PRD-11524,357,31.0,,243000,Ya,Blok C,Premium,Aman
PRD-83535,361,11.0,27.0,140000,Ya,Blok A,Premium,Backorder
PRD-97911,273,49.0,29.0,498000,Tidak,Blok A,premium ,Backorder
PRD-37472,244,18.0,7.0,466000,Ya,Blok C,premium ,Menipis
PRD-39299,64,23.0,10.0,415000,Ya,Blok C,REGULER,Backorder
PRD-88249,177,41.0,14.0,340000,Tidak,Blok C,premium ,Backorder
PRD-76945,182,3.0,5.0,476000,Tidak,Blok C,REGULER,Aman
PRD-23917,350,20.0,20.0,333000,Tidak,Blok C, reguler ,Menipis
PRD-60755,326,6.0,28.0,105000,Tidak,Blok A,REGULER,Aman
PRD-31381,393,13.0,29.0,46000,Tidak,Blok C,REGULER,Menipis
PRD-84135,370,33.0,5.0,433000,Ya,Blok B,REGULER,Aman
PRD-19522,293,,5.0,345000,Ya,Blok A,Reguler,Aman
PRD-49255,467,,28.0,128000,Ya,Blok C,premium ,Backorder
PRD-45349,339,9.0,29.0,287000,Tidak,Blok A,Reguler,Backorder
PRD-16928,146,42.0,12.0,210000,Tidak,Blok B,premium ,Backorder
PRD-86848,17,14.0,17.0,466000,Tidak,Blok B,Premium,Backorder
PRD-56220,250,14.0,5.0,276000,Tidak,Blok B,Premium,Menipis
PRD-54645,157,,27.0,274000,Tidak,Blok C,Premium,Backorder
PRD-55987,111,28.0,20.0,220000,Tidak,Blok A,Premium,Backorder
PRD-88345,428,9.0,3.0,357000,Ya,Blok C,REGULER,Aman
PRD-92386,114,25.0,999.0,37000,Ya,Blok C,Premium,Backorder
PRD-35595,37,3.0,9.0,205000,Tidak,Blok B,Premium,Menipis
PRD-83273,46,9.0,13.0,268000,Ya,Blok B,Reguler,Menipis
PRD-67530,34,36.0,6.0,102000,Tidak,Blok C, reguler ,Menipis
PRD-81695,461,44.0,9.0,93000,Tidak,Blok C,REGULER,Menipis
PRD-61798,93,,8.0,473000,Tidak,Blok C, reguler ,Backorder
PRD-13196,417,5.0,23.0,232000,Tidak,Blok A,Reguler,Aman
PRD-90070,106,10.0,2.0,384000,Tidak,Blok B,REGULER,Aman
PRD-97700,355,46.0,22.0,401000,Tidak,Blok B,REGULER,Backorder
PRD-47430,30,25.0,9.0,90000,Ya,Blok A,REGULER,Backorder
PRD-55320,165,30.0,10.0,495000,Ya,Blok A,Reguler,Backorder
PRD-88250,440,36.0,24.0,192000,Ya,Blok A,premium ,Menipis
PRD-21555,260,18.0,15.0,459000,Tidak,Blok B,Reguler,Aman
PRD-77173,264,7.0,25.0,93000,Ya,Blok B,Premium,Aman
PRD-48314,173,27.0,20.0,22000,Ya,Blok C,Reguler,Backorder
PRD-79479,22,21.0,2.0,192000,Ya,Blok A,premium ,Menipis
PRD-88798,313,24.0,20.0,214000,Ya,Blok A, reguler ,Backorder
PRD-82847,325,4.0,16.0,253000,Tidak,Blok B,Premium,Aman
PRD-25089,495,33.0,15.0,475000,Tidak,Blok A,REGULER,Backorder
PRD-33387,353,45.0,7.0,449000,Tidak,Blok B,premium ,Aman
PRD-68478,120,14.0,16.0,454000,Tidak,Blok B,Reguler,Backorder
PRD-91348,39,24.0,13.0,58000,Ya,Blok B,premium ,Aman
PRD-35510,118,14.0,14.0,416000,Ya,Blok A,Reguler,Backorder
PRD-84248,389,41.0,22.0,32000,Tidak,Blok A, reguler ,Aman
PRD-93424,486,45.0,2.0,105000,Tidak,Blok C,Premium,Aman
PRD-27850,5,17.0,25.0,309000,Tidak,Blok C,Reguler,Backorder
PRD-60493,476,16.0,29.0,195000,Tidak,Blok C,Reguler,Backorder
PRD-28807,179,40.0,999.0,39000,Tidak,Blok C,Reguler,Menipis
PRD-27322,73,43.0,11.0,128000,Tidak,Blok A,Premium,Menipis
PRD-44262,287,36.0,26.0,496000,Tidak,Blok B, reguler ,Backorder
PRD-53950,204,24.0,18.0,450000,Tidak,Blok B,REGULER,Menipis
PRD-43840,71,30.0,23.0,499000,Tidak,Blok B,Reguler,Backorder
PRD-67124,276,20.0,15.0,353000,Ya,Blok B,Reguler,Backorder
PRD-94082,245,41.0,,477000,Ya,Blok A, reguler ,Menipis
PRD-82489,346,47.0,12.0,93000,Tidak,Blok B,premium ,Backorder
PRD-38716,67,29.0,22.0,327000,Ya,Blok A,Reguler,Backorder
PRD-96126,191,14.0,999.0,368000,Tidak,Blok C,REGULER,Menipis
PRD-83225,291,46.0,28.0,162000,Ya,Blok C,Reguler,Backorder
PRD-67169,301,3.0,20.0,120000,Tidak,Blok C, reguler ,Aman
PRD-20756,379,40.0,10.0,230000,Tidak,Blok C,premium ,Backorder
PRD-23919,355,,15.0,26000,Tidak,Blok C,REGULER,Menipis
PRD-55482,127,15.0,16.0,285000,Ya,Blok A,Reguler,Backorder
PRD-54194,279,11.0,17.0,26000,Ya,Blok C,Premium,Menipis
PRD-26371,203,38.0,14.0,54000,Ya,Blok C,Reguler,Backorder
PRD-56216,467,23.0,17.0,146000,Tidak,Blok C,premium ,Aman
PRD-28394,80,41.0,9.0,52000,Ya,Blok A,premium ,Backorder
PRD-81576,379,42.0,15.0,134000,Tidak,Blok A,Reguler,Backorder
PRD-48518,168,33.0,19.0,151000,Tidak,Blok B,Reguler,Backorder
PRD-73753,244,30.0,5.0,25000,Tidak,Blok B,REGULER,Menipis
PRD-16574,426,36.0,23.0,476000,Tidak,Blok B,Reguler,Menipis
PRD-79863,305,28.0,11.0,32000,Tidak,Blok B,REGULER,Menipis
PRD-42658,415,3.0,27.0,473000,Tidak,Blok B,Reguler,Aman
PRD-80532,122,35.0,9.0,10000,Tidak,Blok A,Reguler,Backorder
PRD-68865,307,11.0,24.0,183000,Ya,Blok C,Reguler,Menipis
PRD-15713,353,46.0,28.0,203000,Ya,Blok B,REGULER,Backorder
PRD-52534,411,18.0,10.0,295000,Tidak,Blok A,Reguler,Aman
PRD-33227,162,2.0,17.0,496000,Tidak,Blok A, reguler ,Aman
PRD-71602,1,27.0,11.0,402000,Ya,Blok A,Reguler,Backorder
PRD-17410,434,32.0,17.0,386000,Tidak,Blok C,Reguler,Backorder
PRD-94861,427,31.0,18.0,204000,Tidak,Blok A,REGULER,Backorder
PRD-36853,395,13.0,,393000,Ya,Blok A,REGULER,Backorder
PRD-94216,444,12.0,27.0,195000,Tidak,Blok A,Premium,Aman
PRD-63420,110,36.0,23.0,255000,Ya,Blok C,Premium,Backorder
PRD-77359,471,28.0,7.0,344000,Tidak,Blok A,REGULER,Menipis
PRD-48665,254,18.0,12.0,342000,Ya,Blok C,REGULER,Menipis
PRD-14414,369,25.0,14.0,195000,Tidak,Blok B,premium ,Backorder
PRD-68436,284,33.0,5.0,374000,Tidak,Blok A, reguler ,Menipis
PRD-36160,70,32.0,9.0,165000,Tidak,Blok A,REGULER,Backorder
PRD-48169,444,11.0,11.0,334000,Tidak,Blok A,Premium,Aman
PRD-66378,55,23.0,16.0,299000,Tidak,Blok B,REGULER,Backorder
PRD-17170,64,48.0,17.0,445000,Ya,Blok A,Reguler,Backorder
PRD-39318,109,17.0,20.0,32000,Tidak,Blok B,Premium,Menipis
PRD-23739,324,14.0,4.0,53000,Tidak,Blok B,Premium,Aman
PRD-58454,324,10.0,25.0,315000,Tidak,Blok A,Premium,Aman
PRD-74514,145,6.0,26.0,79000,Ya,Blok C,REGULER,Menipis
PRD-25926,468,48.0,13.0,189000,Tidak,Blok C,Premium,Backorder
PRD-26374,146,43.0,20.0,30000,Tidak,Blok A,REGULER,Backorder
PRD-39794,440,5.0,8.0,332000,Tidak,Blok C,premium ,Menipis
PRD-97659,191,4.0,12.0,343000,Ya,Blok B,Premium,Aman
PRD-35081,16,41.0,21.0,127000,Tidak,Blok A,Premium,Backorder
PRD-31662,15,41.0,3.0,72000,Tidak,Blok C,Premium,Backorder
PRD-25328,92,22.0,18.0,137000,Ya,Blok B,REGULER,Backorder
PRD-82460,323,40.0,13.0,204000,Ya,Blok A,Premium,Backorder
PRD-86666,136,4.0,20.0,94000,Tidak,Blok B,Reguler,Menipis
PRD-40873,30,42.0,12.0,341000,Tidak,Blok B,Reguler,Backorder
PRD-59573,15,4.0,7.0,80000,Tidak,Blok C, reguler ,Backorder
PRD-58940,179,,23.0,464000,Tidak,Blok B,REGULER,Aman
PRD-59678,449,28.0,26.0,342000,Tidak,Blok A,Reguler,Backorder
PRD-65915,451,4.0,20.0,362000,Tidak,Blok C,REGULER,Aman
PRD-60391,225,14.0,28.0,313000,Tidak,Blok A,premium ,Backorder
PRD-93163,336,28.0,29.0,248000,Ya,Blok B,REGULER,Backorder
PRD-25850,270,46.0,4.0,130000,Tidak,Blok A,Premium,Aman
PRD-16276,494,2.0,7.0,367000,Tidak,Blok C, reguler ,Aman
PRD-27207,2,19.0,17.0,360000,Tidak,Blok B,Reguler,Backorder
PRD-65863,72,38.0,9.0,48000,Ya,Blok A,Premium,Backorder
PRD-24429,436,18.0,2.0,256000,Tidak,Blok C,premium ,Aman
PRD-85118,142,30.0,29.0,122000,Ya,Blok A, reguler ,Backorder
PRD-87485,308,38.0,9.0,67000,Tidak,Blok C, reguler ,Backorder
PRD-70774,64,,12.0,350000,Tidak,Blok A,Premium,Menipis
PRD-22877,315,21.0,8.0,111000,Ya,Blok A,premium ,Aman
PRD-76202,206,11.0,28.0,408000,Tidak,Blok C, reguler ,Backorder
PRD-68548,289,40.0,28.0,359000,Tidak,Blok B,Premium,Backorder
PRD-69474,290,30.0,27.0,16000,Tidak,Blok B,premium ,Backorder
PRD-57645,251,,4.0,255000,Ya,Blok C,premium ,Aman
PRD-99407,16,1.0,13.0,155000,Tidak,Blok B,Premium,Menipis
PRD-41551,225,25.0,27.0,143000,Tidak,Blok B, reguler ,Backorder
PRD-92735,70,17.0,9.0,447000,Tidak,Blok B,premium ,Menipis
PRD-65778,262,18.0,7.0,341000,Ya,Blok B,Reguler,Aman
PRD-66572,20,18.0,8.0,282000,Tidak,Blok A,Premium,Aman
PRD-71082,152,28.0,13.0,303000,Tidak,Blok C,Premium,Backorder
PRD-41822,146,17.0,17.0,484000,Ya,Blok C,Reguler,Backorder
PRD-60639,456,11.0,28.0,33000,Tidak,Blok A, reguler ,Aman
PRD-54254,211,37.0,19.0,58000,Tidak,Blok B, reguler ,Backorder
PRD-37073,472,11.0,2.0,146000,Tidak,Blok A, reguler ,Aman
PRD-55382,423,25.0,,203000,Tidak,Blok C,Premium,Aman
PRD-51235,393,40.0,27.0,105000,Ya,Blok C,premium ,Backorder
PRD-74732,400,,11.0,460000,Tidak,Blok B,Reguler,Menipis
PRD-27165,153,26.0,14.0,76000,Tidak,Blok C,Reguler,Backorder
PRD-54859,350,38.0,20.0,162000,Tidak,Blok B,premium ,Backorder
PRD-63934,257,11.0,15.0,420000,Ya,Blok B,Premium,Aman
PRD-71788,29,37.0,24.0,444000,Tidak,Blok B,Premium,Backorder
PRD-93251,94,36.0,5.0,400000,Ya,Blok B, reguler ,Aman
PRD-62269,293,11.0,11.0,350000,Tidak,Blok A,premium ,Aman
PRD-89099,234,42.0,5.0,49000,Tidak,Blok A,premium ,Menipis
PRD-97236,311,13.0,2.0,167000,Ya,Blok A,REGULER,Aman
PRD-48547,434,41.0,10.0,283000,Tidak,Blok A,premium ,Aman
PRD-34028,479,4.0,7.0,32000,Tidak,Blok C,Premium,Aman
PRD-19982,120,5.0,19.0,157000,Tidak,Blok B, reguler ,Aman
PRD-14551,101,24.0,15.0,221000,Ya,Blok A,REGULER,Menipis
PRD-22356,210,47.0,20.0,116000,Tidak,Blok A,Premium,Backorder
PRD-48084,354,12.0,20.0,311000,Tidak,Blok B,Reguler,Aman
PRD-62284,101,7.0,13.0,490000,Ya,Blok B,REGULER,Menipis
PRD-54413,61,12.0,3.0,366000,Ya,Blok C,premium ,Aman
PRD-58773,464,49.0,26.0,385000,Ya,Blok B, reguler ,Menipis
PRD-96486,491,30.0,3.0,232000,Tidak,Blok B, reguler ,Menipis
PRD-61883,62,4.0,23.0,224000,Tidak,Blok A, reguler ,Backorder
PRD-55687,452,20.0,25.0,359000,Tidak,Blok A,Reguler,Backorder
PRD-60113,268,14.0,27.0,40000,Ya,Blok B,premium ,Backorder
PRD-35345,410,49.0,999.0,396000,Tidak,Blok C,premium ,Menipis
PRD-74505,152,13.0,,265000,Tidak,Blok A,Premium,Menipis
PRD-38482,355,,24.0,430000,Ya,Blok A, reguler ,Backorder
PRD-31621,256,4.0,25.0,130000,Tidak,Blok A,premium ,Aman
PRD-26059,468,34.0,4.0,343000,Ya,Blok C,Premium,Aman
PRD-59294,257,9.0,5.0,14000,Tidak,Blok C,Premium,Backorder
PRD-13632,395,20.0,28.0,417000,Ya,Blok C,premium ,Menipis
PRD-77163,385,23.0,19.0,196000,Tidak,Blok B,REGULER,Menipis
PRD-74575,495,24.0,9.0,495000,Ya,Blok C,REGULER,Aman
PRD-65479,463,48.0,20.0,48000,Tidak,Blok A,REGULER,Backorder
PRD-40080,141,34.0,4.0,403000,Ya,Blok A,Reguler,Menipis
PRD-38016,358,26.0,21.0,242000,Tidak,Blok C, reguler ,Backorder
PRD-49986,235,46.0,19.0,332000,Ya,Blok A, reguler ,Backorder
PRD-21360,356,44.0,20.0,219000,Tidak,Blok C,Reguler,Backorder
PRD-81186,155,19.0,18.0,435000,Tidak,Blok C,REGULER,Backorder
PRD-47044,147,35.0,22.0,450000,Tidak,Blok A,REGULER,Backorder
PRD-15898,491,4.0,4.0,438000,Tidak,Blok C,premium ,Aman
PRD-29276,367,49.0,23.0,251000,Tidak,Blok B, reguler ,Backorder
PRD-90818,241,48.0,22.0,16000,Tidak,Blok A,premium ,Backorder
PRD-77067,392,3.0,9.0,119000,Tidak,Blok A,REGULER,Menipis
PRD-60430,302,22.0,2.0,450000,Ya,Blok A,premium ,Aman
PRD-14830,203,37.0,5.0,431000,Ya,Blok C,Reguler,Menipis
PRD-24327,289,35.0,6.0,166000,Tidak,Blok A,Premium,Menipis
PRD-16050,153,48.0,,138000,Tidak,Blok B,Reguler,Backorder
PRD-15722,335,32.0,7.0,349000,Tidak,Blok A,premium ,Aman
PRD-19244,69,24.0,17.0,247000,Tidak,Blok B,Premium,Backorder
PRD-82833,478,41.0,14.0,149000,Tidak,Blok B,premium ,Backorder
PRD-87575,271,42.0,6.0,468000,Tidak,Blok C,premium ,Menipis
PRD-10526,413,41.0,17.0,498000,Tidak,Blok C,Premium,Backorder
PRD-35901,136,48.0,28.0,457000,Tidak,Blok B,Reguler,Menipis
PRD-82723,404,8.0,10.0,309000,Tidak,Blok A,REGULER,Aman
PRD-72261,321,23.0,7.0,79000,Ya,Blok B, reguler ,Aman
PRD-71886,425,44.0,12.0,291000,Ya,Blok A, reguler ,Menipis
PRD-15520,491,37.0,17.0,278000,Ya,Blok C,Premium,Menipis
PRD-30175,108,23.0,27.0,417000,Tidak,Blok A, reguler ,Backorder
PRD-35991,29,16.0,4.0,264000,Ya,Blok A, reguler ,Backorder
PRD-11695,56,3.0,6.0,252000,Ya,Blok A,premium ,Backorder
PRD-26896,213,44.0,14.0,403000,Ya,Blok C, reguler ,Menipis
PRD-29456,60,6.0,17.0,350000,Ya,Blok A,premium ,Backorder
PRD-62960,228,43.0,16.0,236000,Ya,Blok B,Premium,Backorder
PRD-89768,30,15.0,20.0,429000,Tidak,Blok B,Reguler,Backorder
PRD-70233,352,18.0,11.0,442000,Tidak,Blok A, reguler ,Menipis
PRD-87395,92,25.0,28.0,124000,Tidak,Blok C,REGULER,Menipis
PRD-93807,148,18.0,25.0,230000,Tidak,Blok C,Premium,Backorder
PRD-31359,140,37.0,29.0,473000,Tidak,Blok B,Premium,Backorder
PRD-95920,170,38.0,18.0,494000,Tidak,Blok A, reguler ,Backorder
PRD-17771,459,48.0,12.0,286000,Tidak,Blok B,premium ,Menipis
PRD-57377,435,15.0,4.0,364000,Ya,Blok B,Premium,Aman
PRD-14621,275,39.0,24.0,145000,Tidak,Blok C, reguler ,Backorder
PRD-42479,166,41.0,5.0,401000,Tidak,Blok B, reguler ,Backorder
PRD-35068,417,8.0,10.0,45000,Tidak,Blok B, reguler ,Aman
PRD-96072,132,21.0,13.0,118000,Tidak,Blok A, reguler ,Backorder
PRD-76670,492,46.0,27.0,291000,Ya,Blok B,Premium,Menipis
PRD-85046,32,14.0,12.0,246000,Tidak,Blok B,premium ,Backorder
PRD-23794,426,24.0,23.0,273000,Ya,Blok C,Premium,Backorder
PRD-59699,429,,5.0,252000,Tidak,Blok C,Premium,Aman
PRD-82903,127,26.0,5.0,318000,Tidak,Blok B,REGULER,Aman
PRD-42402,99,15.0,10.0,213000,Tidak,Blok C,REGULER,Menipis
PRD-92263,413,5.0,25.0,294000,Tidak,Blok A,Reguler,Aman
PRD-40881,241,30.0,11.0,293000,Tidak,Blok A,Reguler,Aman
PRD-52863,54,9.0,27.0,56000,Ya,Blok A, reguler ,Backorder
PRD-71314,418,49.0,11.0,314000,Tidak,Blok C, reguler ,Aman
PRD-53397,101,9.0,17.0,80000,Ya,Blok B,REGULER,Menipis
PRD-55520,8,32.0,,101000,Ya,Blok C, reguler ,Backorder
PRD-56219,277,34.0,20.0,237000,Ya,Blok B,REGULER,Backorder
PRD-73472,327,11.0,16.0,470000,Ya,Blok A,Reguler,Aman
PRD-30545,413,24.0,6.0,81000,Ya,Blok C,Reguler,Backorder
PRD-97455,6,3.0,7.0,121000,Tidak,Blok A,Reguler,Backorder
PRD-88653,47,19.0,23.0,12000,Tidak,Blok B,REGULER,Backorder
PRD-75421,201,13.0,14.0,252000,Tidak,Blok A, reguler ,Menipis
PRD-92594,367,26.0,19.0,54000,Ya,Blok A, reguler ,Backorder
PRD-64460,303,19.0,9.0,10000,Ya,Blok B,Reguler,Aman
PRD-74427,440,6.0,23.0,33000,Ya,Blok C, reguler ,Aman
PRD-59907,356,43.0,7.0,89000,Tidak,Blok C, reguler ,Menipis
PRD-82594,474,11.0,11.0,249000,Ya,Blok B,Reguler,Aman
PRD-44028,60,14.0,3.0,239000,Tidak,Blok C, reguler ,Menipis
PRD-11062,471,12.0,25.0,484000,Ya,Blok B,REGULER,Aman
PRD-17939,241,3.0,3.0,499000,Tidak,Blok B,premium ,Aman
PRD-35792,149,43.0,28.0,461000,Tidak,Blok C,premium ,Backorder
PRD-89955,418,35.0,2.0,298000,Tidak,Blok A,REGULER,Aman
PRD-93747,397,4.0,19.0,143000,Tidak,Blok C, reguler ,Aman
PRD-63535,188,36.0,25.0,76000,Tidak,Blok B,premium ,Menipis
PRD-24974,267,23.0,21.0,409000,Ya,Blok C,REGULER,Backorder
PRD-18329,300,5.0,27.0,256000,Ya,Blok B, reguler ,Aman
PRD-41876,329,12.0,10.0,256000,Tidak,Blok A,premium ,Aman
PRD-84619,492,2.0,26.0,345000,Tidak,Blok A,premium ,Aman
PRD-28133,486,47.0,5.0,389000,Tidak,Blok C, reguler ,Backorder
PRD-63311,438,37.0,26.0,327000,Ya,Blok B,Premium,Backorder
PRD-52903,166,44.0,16.0,163000,Tidak,Blok C,Premium,Backorder
PRD-14434,248,26.0,23.0,433000,Tidak,Blok A, reguler ,Backorder
PRD-96269,380,21.0,15.0,36000,Tidak,Blok B,REGULER,Menipis
PRD-82778,289,13.0,,60000,Ya,Blok C,Reguler,Menipis
PRD-65779,485,19.0,10.0,182000,Tidak,Blok B,REGULER,Aman
PRD-54409,471,14.0,8.0,88000,Ya,Blok B, reguler ,Aman
PRD-68760,22,39.0,9.0,258000,Tidak,Blok A,REGULER,Backorder
PRD-94627,0,42.0,23.0,386000,Tidak,Blok C,Reguler,Backorder
PRD-66325,120,42.0,4.0,270000,Tidak,Blok C,REGULER,Backorder
PRD-91449,212,43.0,21.0,366000,Ya,Blok B,premium ,Backorder
PRD-98540,433,31.0,3.0,76000,Tidak,Blok A,Premium,Aman
PRD-91264,262,5.0,29.0,262000,Tidak,Blok A,Reguler,Aman
PRD-64797,319,30.0,21.0,354000,Ya,Blok A,Premium,Backorder
PRD-37584,457,18.0,23.0,424000,Tidak,Blok C, reguler ,Aman
PRD-90578,108,11.0,29.0,230000,Ya,Blok A,Reguler,Backorder
PRD-31825,333,35.0,3.0,430000,Tidak,Blok C,Reguler,Aman
PRD-39265,211,28.0,7.0,436000,Tidak,Blok C,Reguler,Menipis
PRD-33574,457,18.0,11.0,135000,Tidak,Blok C,Reguler,Menipis
PRD-52771,251,41.0,27.0,296000,Tidak,Blok B,REGULER,Backorder
PRD-13880,325,24.0,20.0,252000,Ya,Blok C,premium ,Aman
PRD-70032,482,1.0,11.0,135000,Ya,Blok B,premium ,Aman
PRD-37598,112,20.0,12.0,282000,Ya,Blok B, reguler ,Backorder
PRD-43055,258,30.0,11.0,254000,Tidak,Blok A,premium ,Backorder
PRD-43477,139,41.0,11.0,365000,Tidak,Blok B, reguler ,Backorder
PRD-32694,312,42.0,8.0,406000,Tidak,Blok B,REGULER,Backorder
PRD-39565,310,40.0,16.0,175000,Tidak,Blok A,Reguler,Backorder
PRD-85831,246,29.0,27.0,121000,Tidak,Blok C, reguler ,Backorder
PRD-91502,423,30.0,19.0,474000,Tidak,Blok B,Premium,Menipis
PRD-67196,48,21.0,23.0,409000,Ya,Blok C,premium ,Backorder
PRD-31029,268,40.0,21.0,408000,Tidak,Blok B,Reguler,Aman
PRD-26991,395,8.0,7.0,313000,Tidak,Blok C, reguler ,Aman
PRD-36069,234,25.0,9.0,429000,Tidak,Blok C, reguler ,Menipis
PRD-21539,162,26.0,27.0,453000,Ya,Blok A,REGULER,Menipis
PRD-80897,168,47.0,21.0,405000,Tidak,Blok B,premium ,Backorder
PRD-85955,51,4.0,10.0,257000,Tidak,Blok B,Premium,Backorder
PRD-42088,244,45.0,25.0,256000,Ya,Blok A,REGULER,Backorder
PRD-61543,9,48.0,14.0,368000,Tidak,Blok C,Premium,Backorder
PRD-48278,50,30.0,4.0,373000,Ya,Blok B, reguler ,Aman
PRD-33016,304,15.0,11.0,494000,Tidak,Blok B,Premium,Menipis
PRD-84965,339,17.0,4.0,359000,Tidak,Blok B, reguler ,Aman
PRD-26576,429,29.0,25.0,189000,Ya,Blok A,Reguler,Backorder
PRD-16727,60,32.0,14.0,358000,Tidak,Blok A,REGULER,Backorder
PRD-75677,180,13.0,12.0,188000,Tidak,Blok C,Premium,Menipis
PRD-72147,367,38.0,4.0,29000,Tidak,Blok B,REGULER,Menipis
PRD-31246,134,5.0,7.0,128000,Tidak,Blok B,Reguler,Aman
PRD-60072,185,26.0,3.0,492000,Tidak,Blok A,Premium,Aman
PRD-18646,68,10.0,29.0,499000,Ya,Blok A,premium ,Backorder
PRD-10244,70,23.0,20.0,270000,Ya,Blok A,Reguler,Backorder
PRD-78476,36,36.0,25.0,52000,Tidak,Blok B, reguler ,Backorder
PRD-41131,377,35.0,4.0,196000,Tidak,Blok C,Reguler,Aman
PRD-81696,247,10.0,26.0,346000,Tidak,Blok A,premium ,Menipis
PRD-82374,28,43.0,22.0,35000,Tidak,Blok A,Premium,Backorder
PRD-15415,147,12.0,23.0,357000,Ya,Blok C,Reguler,Backorder
PRD-92410,192,40.0,28.0,94000,Tidak,Blok A, reguler ,Backorder
PRD-21246,470,39.0,3.0,44000,Ya,Blok B,premium ,Menipis
PRD-45950,250,11.0,4.0,64000,Tidak,Blok B,REGULER,Aman
PRD-78876,176,7.0,11.0,150000,Tidak,Blok C,Reguler,Menipis
PRD-40461,125,26.0,28.0,370000,Tidak,Blok B,premium ,Backorder
PRD-87909,49,6.0,25.0,163000,Ya,Blok A,REGULER,Backorder
PRD-12708,177,34.0,17.0,179000,Tidak,Blok B,Reguler,Backorder
PRD-83356,446,9.0,28.0,224000,Ya,Blok C,REGULER,Aman
PRD-21308,40,5.0,8.0,110000,Ya,Blok B,premium ,Backorder
PRD-65751,404,27.0,14.0,486000,Tidak,Blok A,Premium,Backorder
PRD-44112,351,1.0,16.0,461000,Ya,Blok A,REGULER,Aman
PRD-69846,415,36.0,16.0,339000,Tidak,Blok C,Premium,Backorder
PRD-75037,41,39.0,3.0,248000,Ya,Blok B,REGULER,Backorder
PRD-59063,276,37.0,29.0,467000,Tidak,Blok B,REGULER,Menipis
PRD-53516,447,41.0,14.0,180000,Ya,Blok C, reguler ,Backorder
PRD-35939,343,4.0,7.0,53000,Ya,Blok C,premium ,Menipis
PRD-30108,326,42.0,,56000,Tidak,Blok B,Premium,Backorder
PRD-92336,200,28.0,29.0,111000,Tidak,Blok A,Reguler,Backorder
PRD-39048,49,29.0,21.0,425000,Ya,Blok C,Premium,Backorder
PRD-40720,428,12.0,19.0,368000,Ya,Blok A,premium ,Aman
PRD-62995,302,44.0,14.0,123000,Tidak,Blok C,premium ,Menipis
PRD-83770,245,25.0,26.0,274000,Tidak,Blok B,premium ,Backorder
PRD-73355,485,7.0,,459000,Tidak,Blok B,Premium,Aman
PRD-65186,48,13.0,5.0,395000,Ya,Blok A,Premium,Aman
PRD-88287,481,48.0,3.0,310000,Tidak,Blok B, reguler ,Aman
PRD-23777,58,1.0,15.0,144000,Tidak,Blok C,Reguler,Aman
PRD-54859,274,5.0,14.0,444000,Ya,Blok B,REGULER,Aman
PRD-71192,163,29.0,7.0,396000,Tidak,Blok C,REGULER,Menipis
PRD-50927,193,24.0,25.0,425000,Tidak,Blok C,premium ,Backorder
PRD-68161,496,16.0,10.0,211000,Tidak,Blok B,REGULER,Aman
PRD-71389,380,39.0,,22000,Tidak,Blok C,premium ,Aman
PRD-80968,494,23.0,8.0,94000,Ya,Blok A,REGULER,Aman
PRD-21085,305,5.0,20.0,234000,Tidak,Blok A,REGULER,Aman
PRD-75603,423,20.0,,346000,Ya,Blok C, reguler ,Backorder
PRD-27347,184,,4.0,240000,Tidak,Blok B,Premium,Menipis
PRD-53618,464,27.0,18.0,141000,Tidak,Blok A,Premium,Menipis
PRD-89309,121,21.0,29.0,355000,Tidak,Blok B,premium ,Backorder
PRD-34596,373,31.0,12.0,45000,Ya,Blok A,Reguler,Backorder
PRD-22360,246,9.0,17.0,275000,Tidak,Blok A,Reguler,Aman
PRD-25003,432,20.0,22.0,134000,Tidak,Blok C,REGULER,Aman
PRD-68959,28,4.0,29.0,270000,Ya,Blok B, reguler ,Backorder
PRD-61928,149,35.0,4.0,109000,Ya,Blok A,premium ,Aman
PRD-20278,153,23.0,18.0,332000,Ya,Blok B, reguler ,Menipis
PRD-26448,68,12.0,26.0,360000,Tidak,Blok B, reguler ,Backorder
PRD-78049,447,26.0,24.0,335000,Ya,Blok B,Premium,Backorder
PRD-59556,301,22.0,6.0,116000,Tidak,Blok C,Reguler,Menipis
PRD-95132,403,19.0,14.0,148000,Tidak,Blok B,REGULER,Menipis
PRD-34262,77,4.0,6.0,266000,Tidak,Blok A, reguler ,Aman
PRD-63027,322,36.0,15.0,416000,Tidak,Blok C,Premium,Backorder
PRD-48893,158,28.0,29.0,320000,Tidak,Blok A,REGULER,Backorder
PRD-40225,76,49.0,22.0,412000,Ya,Blok C,REGULER,Backorder
PRD-80721,326,27.0,25.0,323000,Tidak,Blok A,Premium,Menipis
PRD-38018,243,31.0,5.0,322000,Ya,Blok A,Premium,Aman
PRD-11669,54,45.0,24.0,491000,Tidak,Blok B, reguler ,Aman
PRD-79298,113,48.0,999.0,15000,Tidak,Blok A,premium ,Backorder
PRD-54363,0,15.0,25.0,95000,Tidak,Blok A,REGULER,Menipis
PRD-21109,315,31.0,12.0,114000,Tidak,Blok B,Premium,Menipis
PRD-22924,423,1.0,23.0,424000,Tidak,Blok B,Reguler,Aman
PRD-18837,284,22.0,15.0,170000,Tidak,Blok B, reguler ,Aman
PRD-85257,358,38.0,22.0,269000,Tidak,Blok C,REGULER,Backorder
PRD-24334,5,2.0,24.0,457000,Tidak,Blok A,Reguler,Backorder
PRD-56840,243,7.0,17.0,444000,Tidak,Blok C, reguler ,Aman
PRD-97840,434,36.0,5.0,273000,Ya,Blok C,REGULER,Menipis
PRD-35342,368,18.0,15.0,323000,Tidak,Blok A,premium ,Backorder
PRD-16406,13,15.0,13.0,102000,Tidak,Blok B,REGULER,Backorder
PRD-36069,429,8.0,14.0,115000,Tidak,Blok C,Reguler,Aman
PRD-78785,483,33.0,20.0,246000,Tidak,Blok B,Premium,Menipis
PRD-31534,480,31.0,28.0,472000,Ya,Blok A, reguler ,Menipis
PRD-57922,116,43.0,25.0,419000,Tidak,Blok C,premium ,Backorder
PRD-60934,433,36.0,2.0,108000,Ya,Blok A,REGULER,Menipis
PRD-49811,408,41.0,3.0,62000,Ya,Blok A,Reguler,Backorder
PRD-70758,24,30.0,18.0,432000,Ya,Blok A,REGULER,Backorder
PRD-17310,467,44.0,25.0,174000,Tidak,Blok A,Reguler,Aman
PRD-53147,438,26.0,22.0,244000,Tidak,Blok C,premium ,Menipis
PRD-27881,362,27.0,17.0,89000,Tidak,Blok C, reguler ,Menipis
PRD-48712,375,40.0,4.0,338000,Tidak,Blok B,Premium,Backorder
PRD-61432,348,10.0,13.0,363000,Ya,Blok A, reguler ,Aman
PRD-18080,460,38.0,7.0,482000,Tidak,Blok B,Reguler,Aman
PRD-24456,236,31.0,17.0,91000,Tidak,Blok B,Reguler,Backorder
PRD-84312,86,25.0,15.0,437000,Tidak,Blok B, reguler ,Aman
PRD-28395,363,18.0,17.0,249000,Tidak,Blok B,premium ,Backorder
PRD-89910,89,49.0,12.0,391000,Ya,Blok A,Reguler,Backorder
PRD-40480,409,37.0,29.0,199000,Tidak,Blok C,premium ,Menipis
PRD-22612,172,38.0,21.0,116000,Tidak,Blok A,REGULER,Backorder
PRD-76017,152,19.0,23.0,361000,Tidak,Blok A,premium ,Backorder
PRD-86106,132,9.0,29.0,14000,Tidak,Blok A,Reguler,Backorder
PRD-93778,431,17.0,6.0,328000,Tidak,Blok C,REGULER,Aman
PRD-14686,72,9.0,7.0,370000,Tidak,Blok A,Reguler,Backorder
PRD-13631,319,38.0,27.0,354000,Ya,Blok B,premium ,Backorder
PRD-34917,336,25.0,,148000,Tidak,Blok A,REGULER,Menipis
PRD-72744,473,34.0,29.0,163000,Tidak,Blok A,Reguler,Backorder
PRD-36762,300,44.0,4.0,477000,Tidak,Blok B,premium ,Backorder
PRD-85515,218,24.0,7.0,255000,Ya,Blok A, reguler ,Aman
PRD-12866,82,2.0,18.0,208000,Ya,Blok C,Premium,Menipis
PRD-97959,214,37.0,23.0,460000,Ya,Blok B,Reguler,Backorder
PRD-48057,33,48.0,2.0,165000,Tidak,Blok B, reguler ,Aman
PRD-39047,296,20.0,2.0,143000,Tidak,Blok A, reguler ,Aman
PRD-21116,12,15.0,3.0,222000,Tidak,Blok A,Reguler,Backorder
PRD-23255,201,2.0,6.0,303000,Tidak,Blok B,Premium,Aman
PRD-81835,54,30.0,11.0,48000,Ya,Blok B,Premium,Backorder
PRD-48333,136,19.0,27.0,218000,Tidak,Blok B,premium ,Backorder
PRD-91532,413,36.0,5.0,12000,Tidak,Blok A,premium ,Aman
PRD-67384,285,33.0,24.0,374000,Tidak,Blok B,Premium,Menipis
PRD-74230,103,40.0,14.0,257000,Ya,Blok C,Premium,Backorder
PRD-37663,418,11.0,8.0,144000,Tidak,Blok C,REGULER,Aman
PRD-44157,147,9.0,19.0,125000,Tidak,Blok B,Premium,Aman
PRD-27727,474,21.0,21.0,102000,Tidak,Blok A,REGULER,Backorder
PRD-81017,142,7.0,15.0,57000,Ya,Blok A,Premium,Menipis
PRD-61364,209,15.0,2.0,222000,Ya,Blok B,premium ,Aman
PRD-78148,498,2.0,14.0,197000,Tidak,Blok C,premium ,Aman
PRD-33049,36,27.0,,429000,Ya,Blok A,REGULER,Backorder
PRD-91422,20,8.0,17.0,401000,Ya,Blok A,Premium,Backorder
PRD-94790,491,1.0,8.0,57000,Tidak,Blok C,Reguler,Aman
PRD-55167,384,28.0,6.0,103000,Tidak,Blok A, reguler ,Aman
PRD-78960,315,,7.0,474000,Tidak,Blok C, reguler ,Aman
PRD-13271,388,28.0,19.0,219000,Ya,Blok A,REGULER,Backorder
PRD-82976,221,,20.0,204000,Tidak,Blok B, reguler ,Backorder
PRD-22192,195,14.0,22.0,193000,Tidak,Blok C,Premium,Backorder
PRD-66699,76,3.0,13.0,330000,Tidak,Blok B,Premium,Menipis
PRD-35156,342,,6.0,184000,Tidak,Blok C,REGULER,Aman
PRD-48885,407,31.0,18.0,381000,Tidak,Blok B,Premium,Backorder
PRD-64304,215,28.0,29.0,495000,Tidak,Blok B, reguler ,Menipis
PRD-57894,368,11.0,6.0,462000,Ya,Blok C,REGULER,Aman
PRD-92637,204,48.0,17.0,139000,Tidak,Blok B,premium ,Backorder
PRD-71916,434,38.0,26.0,359000,Ya,Blok A,premium ,Menipis
PRD-57118,427,33.0,22.0,431000,Tidak,Blok B,REGULER,Backorder
PRD-24650,111,49.0,15.0,324000,Tidak,Blok C,Premium,Menipis
PRD-31183,380,33.0,27.0,408000,Tidak,Blok B,premium ,Backorder
PRD-26740,300,7.0,5.0,284000,Tidak,Blok B,REGULER,Aman
PRD-35761,242,42.0,14.0,203000,Tidak,Blok B,premium ,Backorder
PRD-90879,347,32.0,29.0,194000,Ya,Blok C, reguler ,Backorder
PRD-94335,16,,13.0,395000,Tidak,Blok B, reguler ,Backorder
PRD-45699,222,12.0,27.0,457000,Tidak,Blok C, reguler ,Backorder
PRD-93569,141,8.0,17.0,155000,Ya,Blok A,Premium,Aman
PRD-40949,379,1.0,999.0,267000,Ya,Blok B,premium ,Aman
PRD-43722,349,47.0,20.0,199000,Ya,Blok B,Premium,Backorder
PRD-60952,192,,27.0,456000,Tidak,Blok A,Premium,Backorder
PRD-10112,180,3.0,999.0,111000,Tidak,Blok C,Premium,Menipis
PRD-57929,48,28.0,,474000,Tidak,Blok A,Reguler,Backorder
PRD-67473,41,2.0,4.0,280000,Tidak,Blok B, reguler ,Aman
PRD-58929,172,20.0,9.0,180000,Tidak,Blok B,REGULER,Aman
PRD-19718,451,43.0,25.0,196000,Ya,Blok B,REGULER,Backorder
PRD-59666,358,10.0,5.0,31000,Tidak,Blok A,REGULER,Aman
PRD-49941,469,31.0,18.0,234000,Ya,Blok B,REGULER,Backorder
PRD-99588,168,7.0,5.0,294000,Tidak,Blok C,REGULER,Aman
PRD-39520,318,37.0,24.0,476000,Tidak,Blok A,REGULER,Backorder
PRD-98593,166,21.0,2.0,457000,Tidak,Blok B,premium ,Aman
PRD-78247,294,13.0,19.0,258000,Tidak,Blok A,REGULER,Backorder
PRD-57076,15,2.0,19.0,383000,Tidak,Blok A, reguler ,Backorder
PRD-94431,57,32.0,3.0,460000,Tidak,Blok A,Reguler,Menipis
PRD-12994,455,16.0,25.0,271000,Tidak,Blok B,Reguler,Backorder
PRD-74094,184,31.0,999.0,62000,Tidak,Blok A,REGULER,Backorder
PRD-20222,368,13.0,8.0,144000,Tidak,Blok B,REGULER,Aman
PRD-50583,6,11.0,21.0,380000,Ya,Blok C, reguler ,Backorder
PRD-38527,145,13.0,5.0,79000,Tidak,Blok B, reguler ,Aman
PRD-60248,467,37.0,15.0,270000,Tidak,Blok B,Reguler,Backorder
PRD-83948,450,14.0,999.0,231000,Tidak,Blok B,REGULER,Aman
PRD-66440,63,16.0,15.0,402000,Ya,Blok B,REGULER,Backorder
PRD-55095,4,2.0,25.0,398000,Tidak,Blok C,Premium,Menipis
PRD-32740,142,31.0,27.0,318000,Ya,Blok C,Reguler,Backorder
PRD-65168,408,28.0,3.0,227000,Tidak,Blok A,REGULER,Aman
PRD-35425,20,2.0,4.0,137000,Ya,Blok C,REGULER,Menipis
PRD-17910,42,7.0,15.0,125000,Tidak,Blok B, reguler ,Backorder
PRD-73593,112,8.0,19.0,388000,Ya,Blok B,Premium,Menipis
PRD-95643,387,13.0,27.0,485000,Tidak,Blok B, reguler ,Aman
PRD-78178,468,27.0,24.0,340000,Tidak,Blok B,Reguler,Backorder
PRD-64254,277,42.0,25.0,432000,Tidak,Blok C,premium ,Backorder
PRD-98700,339,8.0,,289000,Ya,Blok C,Premium,Aman
PRD-43896,157,37.0,9.0,60000,Tidak,Blok B,Premium,Backorder
PRD-67913,301,42.0,14.0,159000,Tidak,Blok C,premium ,Backorder
PRD-63950,272,21.0,9.0,284000,Tidak,Blok C,Reguler,Menipis
PRD-59510,157,26.0,2.0,134000,Ya,Blok A,premium ,Backorder
PRD-29508,36,47.0,5.0,345000,Tidak,Blok C,premium ,Menipis
PRD-44560,194,13.0,19.0,382000,Tidak,Blok C,REGULER,Aman
PRD-10786,212,29.0,5.0,230000,Tidak,Blok C,Premium,Aman
PRD-72576,132,14.0,12.0,284000,Ya,Blok B,Reguler,Menipis
PRD-43719,493,45.0,999.0,57000,Tidak,Blok A,Reguler,Aman
PRD-66063,426,17.0,21.0,54000,Tidak,Blok C,Reguler,Menipis
PRD-17634,284,8.0,,415000,Tidak,Blok A,Premium,Aman
PRD-72999,491,16.0,29.0,240000,Tidak,Blok B, reguler ,Aman
PRD-80382,160,25.0,16.0,76000,Tidak,Blok B,REGULER,Aman
PRD-39802,201,22.0,4.0,208000,Tidak,Blok C, reguler ,Aman
PRD-72780,67,2.0,27.0,395000,Ya,Blok A,premium ,Menipis
PRD-39483,461,20.0,27.0,324000,Ya,Blok A,Premium,Aman
PRD-33289,215,33.0,23.0,112000,Tidak,Blok C,Reguler,Backorder
PRD-28013,152,19.0,7.0,459000,Tidak,Blok A,Reguler,Menipis
PRD-36398,33,35.0,14.0,87000,Tidak,Blok B,premium ,Backorder
PRD-44457,333,47.0,20.0,112000,Tidak,Blok C,Reguler,Backorder
PRD-56710,255,39.0,25.0,28000,Tidak,Blok C,REGULER,Backorder
PRD-27413,257,,,495000,Ya,Blok A, reguler ,Aman
PRD-96124,50,1.0,16.0,354000,Ya,Blok A,Premium,Aman
PRD-94106,361,,18.0,114000,Tidak,Blok A, reguler ,Aman
PRD-97545,78,47.0,15.0,68000,Tidak,Blok C,Premium,Backorder
PRD-74591,46,31.0,23.0,385000,Tidak,Blok A,REGULER,Backorder
PRD-62224,317,18.0,13.0,498000,Ya,Blok B,Premium,Aman
PRD-35218,113,13.0,9.0,478000,Ya,Blok B,Reguler,Menipis
PRD-67138,348,26.0,17.0,376000,Tidak,Blok A,REGULER,Menipis
PRD-97369,173,41.0,20.0,205000,Tidak,Blok B,REGULER,Backorder
PRD-97178,181,30.0,18.0,429000,Tidak,Blok B,REGULER,Backorder
PRD-85023,167,23.0,24.0,159000,Tidak,Blok C,premium ,Backorder
PRD-91641,285,1.0,23.0,477000,Tidak,Blok B,REGULER,Aman
PRD-50180,13,32.0,14.0,394000,Ya,Blok A,Premium,Backorder
PRD-89468,191,41.0,13.0,133000,Tidak,Blok C, reguler ,Menipis
PRD-81831,115,27.0,19.0,188000,Tidak,Blok A,Premium,Backorder
PRD-66373,164,9.0,19.0,49000,Tidak,Blok C, reguler ,Menipis
PRD-71501,166,10.0,2.0,95000,Ya,Blok A,Premium,Aman
PRD-66035,247,47.0,25.0,404000,Tidak,Blok C,REGULER,Backorder
PRD-67865,115,24.0,5.0,41000,Ya,Blok A,Reguler,Aman
PRD-96544,69,47.0,25.0,466000,Tidak,Blok C,Premium,Backorder
PRD-86709,491,33.0,12.0,99000,Ya,Blok C,Premium,Menipis
PRD-93551,52,3.0,10.0,239000,Tidak,Blok C,Premium,Menipis
PRD-56121,65,9.0,2.0,298000,Tidak,Blok C,Reguler,Aman
PRD-26661,353,42.0,24.0,415000,Tidak,Blok C,REGULER,Backorder
PRD-85446,186,9.0,24.0,473000,Tidak,Blok B,REGULER,Menipis
PRD-34435,375,29.0,15.0,385000,Tidak,Blok B,Reguler,Backorder
PRD-10916,192,40.0,25.0,420000,Ya,Blok A,Reguler,Backorder
PRD-98116,232,31.0,23.0,93000,Tidak,Blok C,Premium,Backorder
PRD-82595,175,,23.0,384000,Tidak,Blok B,premium ,Backorder
PRD-48635,317,29.0,9.0,20000,Ya,Blok A,Premium,Aman
PRD-17637,190,33.0,23.0,187000,Tidak,Blok C,premium ,Backorder
PRD-42330,487,34.0,11.0,351000,Tidak,Blok C,Reguler,Aman
PRD-37959,185,37.0,3.0,480000,Ya,Blok B,premium ,Backorder
PRD-40105,131,,7.0,254000,Tidak,Blok A, reguler ,Menipis
PRD-80248,439,12.0,12.0,435000,Ya,Blok B,premium ,Aman
PRD-72443,297,17.0,2.0,464000,Tidak,Blok B, reguler ,Aman
PRD-77664,240,43.0,25.0,97000,Ya,Blok C,Premium,Backorder
PRD-30447,489,41.0,21.0,71000,Tidak,Blok C,premium ,Backorder
PRD-25591,65,32.0,,64000,Ya,Blok A,Reguler,Backorder
PRD-93973,150,7.0,17.0,122000,Tidak,Blok A, reguler ,Menipis
PRD-46495,213,48.0,15.0,131000,Tidak,Blok A,REGULER,Backorder
PRD-92811,492,32.0,9.0,234000,Tidak,Blok C,REGULER,Aman
PRD-65547,416,12.0,,251000,Tidak,Blok A, reguler ,Aman
PRD-26427,478,1.0,5.0,215000,Tidak,Blok B,Premium,Aman
PRD-17386,431,24.0,10.0,218000,Tidak,Blok A,REGULER,Aman
PRD-71869,340,26.0,12.0,253000,Tidak,Blok A, reguler ,Aman
PRD-53919,430,19.0,13.0,266000,Tidak,Blok A,REGULER,Aman
PRD-46572,161,,15.0,92000,Tidak,Blok B,premium ,Backorder
PRD-29790,62,22.0,6.0,240000,Tidak,Blok C,Premium,Backorder
PRD-18078,280,17.0,3.0,166000,Ya,Blok A,REGULER,Aman
PRD-97329,245,43.0,4.0,102000,Tidak,Blok B,premium ,Menipis
PRD-77087,119,32.0,23.0,288000,Tidak,Blok A,Premium,Menipis
PRD-39437,411,1.0,26.0,373000,Ya,Blok B,REGULER,Aman
PRD-54143,102,14.0,29.0,88000,Ya,Blok A,Reguler,Backorder
PRD-73644,302,15.0,26.0,84000,Ya,Blok C,REGULER,Backorder
PRD-52137,434,36.0,5.0,480000,Tidak,Blok A,premium ,Menipis
PRD-87116,3,40.0,,398000,Ya,Blok B,Reguler,Backorder
PRD-15454,412,36.0,11.0,104000,Tidak,Blok B,REGULER,Menipis
PRD-37603,428,18.0,10.0,34000,Tidak,Blok B, reguler ,Menipis
PRD-36092,46,20.0,14.0,80000,Tidak,Blok A, reguler ,Menipis
PRD-88610,139,20.0,21.0,314000,Ya,Blok C,REGULER,Backorder
PRD-75277,286,39.0,22.0,259000,Ya,Blok C,Premium,Backorder
PRD-50983,416,7.0,21.0,17000,Ya,Blok C, reguler ,Aman
PRD-76543,160,18.0,27.0,183000,Tidak,Blok B,premium ,Backorder
PRD-96807,46,30.0,22.0,339000,Ya,Blok B,premium ,Menipis
PRD-57910,215,4.0,14.0,459000,Tidak,Blok C, reguler ,Aman
PRD-41218,167,14.0,10.0,276000,Ya,Blok C,Premium,Menipis
PRD-92190,188,28.0,28.0,424000,Tidak,Blok C, reguler ,Backorder
PRD-27573,435,39.0,16.0,91000,Tidak,Blok B,Reguler,Backorder
PRD-79035,390,30.0,2.0,469000,Tidak,Blok B,Reguler,Menipis
PRD-84353,230,,12.0,18000,Tidak,Blok A,REGULER,Aman
PRD-65337,449,48.0,12.0,397000,Tidak,Blok C,Premium,Menipis
PRD-62948,454,16.0,19.0,141000,Ya,Blok B,Reguler,Aman
PRD-92212,342,5.0,17.0,249000,Tidak,Blok B,Premium,Aman
PRD-39084,382,,20.0,167000,Tidak,Blok A,REGULER,Menipis
PRD-65612,68,,17.0,301000,Ya,Blok A,Reguler,Backorder
PRD-40624,10,46.0,26.0,357000,Tidak,Blok A, reguler ,Backorder
PRD-78475,419,37.0,13.0,424000,Tidak,Blok C, reguler ,Aman
PRD-92494,318,36.0,2.0,62000,Tidak,Blok A,REGULER,Aman
PRD-31754,117,1.0,21.0,275000,Ya,Blok A,REGULER,Aman
PRD-41568,88,29.0,3.0,197000,Ya,Blok C,Reguler,Menipis
PRD-76668,402,42.0,22.0,208000,Ya,Blok A,REGULER,Backorder
PRD-99336,392,5.0,8.0,365000,Tidak,Blok B,Premium,Aman
PRD-47544,265,47.0,8.0,191000,Ya,Blok C,Premium,Menipis
PRD-96787,248,9.0,11.0,320000,Tidak,Blok A,REGULER,Aman
PRD-39009,246,42.0,24.0,58000,Tidak,Blok C,Premium,Backorder
PRD-64068,461,3.0,26.0,40000,Ya,Blok C,Premium,Backorder
PRD-33284,21,37.0,2.0,275000,Tidak,Blok A,Reguler,Aman
PRD-94416,69,49.0,19.0,189000,Ya,Blok B,Reguler,Backorder
PRD-29216,82,,20.0,352000,Tidak,Blok C,Reguler,Backorder
PRD-83997,372,13.0,21.0,380000,Ya,Blok B, reguler ,Menipis
PRD-14552,71,7.0,11.0,413000,Tidak,Blok A,REGULER,Menipis
PRD-47900,329,30.0,9.0,24000,Tidak,Blok A,Premium,Aman
PRD-76960,406,45.0,13.0,407000,Tidak,Blok A,Premium,Backorder
PRD-97502,49,2.0,9.0,50000,Ya,Blok C,Premium,Aman
PRD-23107,492,42.0,2.0,321000,Tidak,Blok B,Premium,Menipis
PRD-66622,243,,26.0,327000,Tidak,Blok C, reguler ,Menipis
PRD-83757,458,43.0,12.0,453000,Tidak,Blok B, reguler ,Aman
PRD-50167,445,4.0,28.0,459000,Tidak,Blok B,Premium,Aman
PRD-10661,278,17.0,28.0,491000,Tidak,Blok C,Reguler,Backorder
PRD-17531,398,46.0,28.0,310000,Ya,Blok B,premium ,Backorder
PRD-60290,228,12.0,22.0,358000,Tidak,Blok A,Premium,Backorder
PRD-98056,254,29.0,2.0,45000,Ya,Blok B,Reguler,Aman
PRD-46741,140,5.0,4.0,200000,Tidak,Blok C, reguler ,Aman
PRD-45282,416,16.0,20.0,432000,Ya,Blok A,premium ,Menipis
PRD-98754,51,,14.0,208000,Tidak,Blok C,Reguler,Backorder
PRD-45771,358,20.0,11.0,337000,Ya,Blok C,Reguler,Menipis
PRD-84123,442,10.0,999.0,310000,Tidak,Blok B,premium ,Aman
PRD-48506,266,47.0,15.0,379000,Tidak,Blok A,REGULER,Backorder
PRD-49454,383,48.0,23.0,188000,Tidak,Blok C, reguler ,Backorder
PRD-20068,407,10.0,10.0,456000,Tidak,Blok A,REGULER,Aman
PRD-46159,449,35.0,21.0,432000,Tidak,Blok A,Premium,Backorder
PRD-20805,349,7.0,27.0,415000,Tidak,Blok A,premium ,Aman
PRD-31252,10,45.0,13.0,182000,Tidak,Blok B,premium ,Backorder
PRD-61897,356,8.0,16.0,70000,Tidak,Blok B,Reguler,Aman
PRD-53454,251,36.0,24.0,128000,Tidak,Blok C,Reguler,Backorder
PRD-54112,137,5.0,4.0,438000,Ya,Blok A,Premium,Aman
PRD-89026,285,39.0,29.0,243000,Tidak,Blok A,Premium,Backorder
PRD-35037,245,33.0,3.0,79000,Tidak,Blok B,Premium,Backorder
PRD-79518,243,22.0,6.0,439000,Tidak,Blok A, reguler ,Menipis
PRD-64880,217,39.0,2.0,147000,Tidak,Blok A,Reguler,Menipis
PRD-93312,257,43.0,5.0,478000,Tidak,Blok B,REGULER,Menipis
PRD-74166,17,9.0,22.0,77000,Tidak,Blok A,premium ,Backorder
PRD-31301,342,,21.0,383000,Tidak,Blok A,Reguler,Menipis
PRD-52998,68,16.0,21.0,407000,Ya,Blok A,Reguler,Backorder
PRD-37268,173,23.0,5.0,394000,Tidak,Blok B,Premium,Menipis
PRD-67676,488,31.0,14.0,300000,Ya,Blok A,premium ,Menipis
PRD-66677,298,23.0,12.0,456000,Ya,Blok A,Reguler,Backorder
PRD-66178,379,8.0,23.0,66000,Tidak,Blok A,Reguler,Aman
PRD-54328,30,10.0,28.0,416000,Tidak,Blok A, reguler ,Aman
PRD-10319,56,33.0,29.0,450000,Tidak,Blok B, reguler ,Backorder
PRD-46059,328,29.0,8.0,419000,Ya,Blok C,Reguler,Menipis
PRD-91835,435,12.0,3.0,148000,Tidak,Blok B,Premium,Aman
PRD-18254,221,46.0,14.0,209000,Tidak,Blok A,REGULER,Backorder
PRD-21108,197,19.0,12.0,293000,Tidak,Blok A, reguler ,Aman
PRD-42083,386,43.0,12.0,88000,Tidak,Blok B,Reguler,Backorder
PRD-97468,25,11.0,2.0,190000,Tidak,Blok B, reguler ,Menipis
PRD-65954,78,,13.0,376000,Tidak,Blok B,Reguler,Backorder
PRD-73483,49,12.0,23.0,23000,Tidak,Blok B,Reguler,Aman
PRD-18199,264,,10.0,291000,Tidak,Blok A,premium ,Menipis
PRD-12431,325,10.0,22.0,70000,Ya,Blok B,Premium,Aman
PRD-37139,134,38.0,27.0,496000,Ya,Blok C,REGULER,Backorder
PRD-36660,352,35.0,5.0,287000,Tidak,Blok A,Premium,Aman
PRD-83501,144,44.0,29.0,398000,Tidak,Blok C,Reguler,Backorder
PRD-11988,218,20.0,3.0,10000,Tidak,Blok B,Reguler,Aman
PRD-33723,392,24.0,2.0,29000,Tidak,Blok C,premium ,Aman
PRD-85701,247,15.0,19.0,274000,Tidak,Blok C,Reguler,Backorder
PRD-28756,299,9.0,19.0,274000,Ya,Blok B,Reguler,Aman
PRD-54433,434,14.0,23.0,321000,Tidak,Blok B,REGULER,Aman
PRD-18155,323,2.0,15.0,450000,Tidak,Blok C,premium ,Aman
PRD-30968,350,17.0,21.0,352000,Tidak,Blok C,premium ,Backorder
PRD-18222,63,18.0,12.0,396000,Tidak,Blok A,REGULER,Backorder
PRD-65754,308,19.0,9.0,208000,Tidak,Blok A, reguler ,Aman
PRD-49954,380,40.0,11.0,94000,Tidak,Blok C,Premium,Menipis
PRD-43414,144,30.0,14.0,153000,Tidak,Blok C,premium ,Backorder
PRD-75641,254,11.0,24.0,189000,Ya,Blok B, reguler ,Menipis
PRD-57994,133,,12.0,365000,Tidak,Blok B,REGULER,Backorder
PRD-66238,106,19.0,6.0,113000,Ya,Blok A, reguler ,Menipis
PRD-31804,374,3.0,8.0,221000,Ya,Blok A,REGULER,Aman
PRD-80971,422,9.0,,104000,Tidak,Blok A,Premium,Aman
PRD-18463,377,23.0,13.0,229000,Ya,Blok A,premium ,Menipis
PRD-77526,388,28.0,11.0,291000,Ya,Blok B,Reguler,Aman
PRD-22763,148,29.0,26.0,451000,Tidak,Blok C,Premium,Backorder
PRD-49169,91,9.0,20.0,149000,Tidak,Blok C,REGULER,Backorder
PRD-74559,226,27.0,29.0,201000,Ya,Blok A,Reguler,Backorder
PRD-17659,4,46.0,14.0,441000,Ya,Blok C, reguler ,Backorder
PRD-57882,176,32.0,19.0,201000,Tidak,Blok A,Premium,Backorder
PRD-50469,64,8.0,6.0,441000,Tidak,Blok B,premium ,Backorder
PRD-34074,161,44.0,17.0,31000,Ya,Blok C,Premium,Backorder
PRD-90541,216,21.0,7.0,297000,Tidak,Blok B,Reguler,Backorder
PRD-14886,162,19.0,7.0,382000,Tidak,Blok C,Premium,Menipis
PRD-18493,272,32.0,8.0,300000,Tidak,Blok B,Reguler,Menipis
PRD-34783,301,8.0,14.0,463000,Ya,Blok A,Reguler,Aman
PRD-89052,344,11.0,18.0,487000,Tidak,Blok B,Reguler,Aman
PRD-80342,141,37.0,27.0,21000,Ya,Blok C,REGULER,Menipis
PRD-45797,62,33.0,7.0,300000,Ya,Blok B,premium ,Menipis
PRD-58697,328,11.0,7.0,219000,Ya,Blok A, reguler ,Aman
PRD-65965,297,11.0,999.0,29000,Ya,Blok C, reguler ,Menipis
PRD-65267,228,28.0,27.0,445000,Ya,Blok B,REGULER,Backorder
PRD-51520,230,38.0,21.0,243000,Tidak,Blok A,premium ,Aman
PRD-77081,293,42.0,17.0,305000,Tidak,Blok C, reguler ,Backorder
PRD-92516,4,26.0,3.0,407000,Tidak,Blok B,Premium,Backorder
PRD-47563,368,18.0,22.0,404000,Tidak,Blok C,premium ,Backorder
PRD-43893,170,48.0,,114000,Tidak,Blok C,premium ,Aman
PRD-70721,72,8.0,28.0,439000,Tidak,Blok B,premium ,Backorder
PRD-68754,64,42.0,26.0,14000,Ya,Blok C,REGULER,Backorder
PRD-97051,190,23.0,17.0,364000,Ya,Blok B,premium ,Backorder
PRD-82240,384,27.0,11.0,397000,Tidak,Blok C,Reguler,Menipis
PRD-58849,109,16.0,15.0,122000,Tidak,Blok B,premium ,Menipis
PRD-48437,245,13.0,14.0,231000,Ya,Blok A,Premium,Menipis
PRD-88047,353,44.0,27.0,37000,Tidak,Blok B,premium ,Backorder
PRD-19638,427,27.0,3.0,140000,Tidak,Blok C,REGULER,Menipis
PRD-23025,448,13.0,17.0,359000,Tidak,Blok B,Reguler,Aman
PRD-70030,218,17.0,5.0,192000,Ya,Blok A,Reguler,Menipis
PRD-32195,462,31.0,29.0,391000,Ya,Blok A,Premium,Backorder
PRD-60621,418,8.0,999.0,144000,Tidak,Blok C,premium ,Aman
PRD-71720,158,19.0,22.0,450000,Tidak,Blok A,Premium,Backorder
PRD-68715,471,17.0,17.0,368000,Tidak,Blok A,Reguler,Aman
PRD-22150,438,48.0,25.0,383000,Tidak,Blok C,REGULER,Backorder
PRD-74384,187,13.0,13.0,478000,Tidak,Blok B,premium ,Menipis
PRD-28071,211,,2.0,205000,Ya,Blok A,Reguler,Aman
PRD-65755,403,28.0,11.0,208000,Ya,Blok C,Premium,Aman
PRD-52299,376,28.0,20.0,76000,Tidak,Blok A,premium ,Backorder
PRD-47381,17,33.0,13.0,216000,Ya,Blok A,Premium,Backorder
PRD-17214,334,19.0,5.0,268000,Tidak,Blok B, reguler ,Aman
PRD-96105,393,27.0,28.0,218000,Tidak,Blok A,Premium,Menipis
PRD-78752,380,31.0,27.0,180000,Tidak,Blok C,premium ,Backorder
PRD-55752,68,37.0,8.0,145000,Ya,Blok A,premium ,Backorder
PRD-31281,179,,25.0,183000,Tidak,Blok A,Premium,Backorder
PRD-86870,346,6.0,,48000,Tidak,Blok C,REGULER,Aman
PRD-63331,474,12.0,6.0,156000,Ya,Blok A,REGULER,Aman
PRD-59882,474,37.0,20.0,275000,Ya,Blok A,premium ,Backorder
PRD-37387,2,9.0,22.0,240000,Tidak,Blok B,Reguler,Backorder
PRD-15109,29,4.0,4.0,446000,Tidak,Blok C,REGULER,Aman
PRD-45340,322,12.0,4.0,142000,Ya,Blok C,Premium,Aman
PRD-85774,343,32.0,19.0,404000,Tidak,Blok A,Premium,Backorder
PRD-56330,134,6.0,28.0,199000,Tidak,Blok A, reguler ,Menipis
PRD-80326,52,46.0,11.0,474000,Tidak,Blok A, reguler ,Backorder
PRD-30316,76,40.0,,281000,Tidak,Blok A,Premium,Backorder
PRD-23026,330,42.0,4.0,357000,Tidak,Blok B,premium ,Aman
PRD-71269,196,40.0,28.0,193000,Ya,Blok B,Reguler,Menipis
PRD-41728,474,32.0,27.0,374000,Ya,Blok A,Reguler,Menipis
PRD-80434,433,41.0,,226000,Tidak,Blok C,Reguler,Backorder
PRD-49062,65,44.0,,287000,Tidak,Blok C, reguler ,Backorder
PRD-21590,358,8.0,29.0,351000,Tidak,Blok B,Reguler,Aman
PRD-40628,225,13.0,16.0,494000,Tidak,Blok A,Premium,Aman
PRD-64796,379,18.0,27.0,50000,Tidak,Blok B,Reguler,Aman
PRD-37892,254,4.0,29.0,343000,Tidak,Blok A,Reguler,Aman
PRD-34162,320,37.0,9.0,119000,Tidak,Blok C,REGULER,Backorder
PRD-61369,400,46.0,21.0,61000,Tidak,Blok C,Premium,Menipis
PRD-40447,486,20.0,10.0,38000,Ya,Blok C,Reguler,Aman
PRD-19471,354,34.0,22.0,222000,Ya,Blok A, reguler ,Menipis
PRD-13952,310,17.0,26.0,471000,Tidak,Blok A,Premium,Backorder
PRD-82615,372,45.0,8.0,374000,Tidak,Blok A,Reguler,Backorder
PRD-60061,478,34.0,14.0,330000,Tidak,Blok A,Premium,Backorder
PRD-55264,44,21.0,18.0,26000,Tidak,Blok C,Premium,Backorder
PRD-33940,39,40.0,20.0,105000,Ya,Blok C,premium ,Backorder
PRD-85403,404,49.0,29.0,328000,Tidak,Blok C,REGULER,Backorder
PRD-35559,297,7.0,17.0,181000,Tidak,Blok A,REGULER,Aman
PRD-94899,376,36.0,18.0,158000,Tidak,Blok C,Premium,Backorder
PRD-79569,65,47.0,18.0,307000,Ya,Blok B,Reguler,Menipis
PRD-87842,102,26.0,22.0,63000,Tidak,Blok C, reguler ,Menipis
PRD-24141,246,44.0,7.0,272000,Tidak,Blok A,REGULER,Menipis
PRD-38172,13,1.0,17.0,270000,Tidak,Blok A,Reguler,Menipis
PRD-37777,391,11.0,13.0,194000,Ya,Blok A,Reguler,Aman
PRD-84763,493,2.0,27.0,158000,Tidak,Blok C,Premium,Aman
PRD-99025,229,4.0,2.0,241000,Ya,Blok A,Premium,Aman
PRD-12795,183,19.0,7.0,104000,Ya,Blok B,premium ,Menipis
PRD-56489,446,,14.0,235000,Ya,Blok B,premium ,Menipis
PRD-80641,156,40.0,19.0,319000,Ya,Blok C, reguler ,Backorder
PRD-42214,1,8.0,17.0,369000,Tidak,Blok A,Reguler,Backorder
PRD-57861,493,17.0,15.0,314000,Ya,Blok C,premium ,Aman
PRD-63333,53,42.0,21.0,325000,Tidak,Blok A,Reguler,Aman
PRD-73884,88,8.0,27.0,120000,Tidak,Blok B,Reguler,Backorder
PRD-71861,442,42.0,6.0,181000,Ya,Blok B,Reguler,Menipis
PRD-91741,383,44.0,6.0,283000,Tidak,Blok B,Reguler,Backorder
PRD-26997,224,6.0,29.0,338000,Tidak,Blok A,Premium,Aman
PRD-40270,165,35.0,7.0,348000,Ya,Blok B,premium ,Backorder
PRD-62703,53,36.0,24.0,319000,Tidak,Blok A,Reguler,Backorder
PRD-38314,166,49.0,,277000,Tidak,Blok A,Reguler,Backorder
PRD-16364,268,13.0,22.0,211000,Tidak,Blok A,premium ,Menipis
PRD-60945,492,3.0,28.0,318000,Tidak,Blok A,premium ,Aman
PRD-70752,383,20.0,,318000,Tidak,Blok A, reguler ,Aman
PRD-39086,75,39.0,7.0,328000,Tidak,Blok C,REGULER,Menipis
PRD-93400,77,35.0,9.0,184000,Tidak,Blok B, reguler ,Backorder
PRD-70354,193,17.0,28.0,120000,Tidak,Blok A,premium ,Backorder
PRD-65176,8,17.0,28.0,225000,Tidak,Blok B,premium ,Backorder
PRD-16368,51,21.0,16.0,148000,Tidak,Blok A,Premium,Backorder
PRD-48729,371,33.0,11.0,106000,Tidak,Blok C,Premium,Backorder
PRD-58908,39,47.0,29.0,492000,Tidak,Blok A,premium ,Backorder
PRD-11936,111,21.0,13.0,426000,Ya,Blok C, reguler ,Menipis
PRD-36312,490,18.0,20.0,224000,Ya,Blok C,REGULER,Aman
PRD-54563,239,10.0,3.0,426000,Tidak,Blok B,REGULER,Aman
PRD-78895,256,27.0,4.0,419000,Ya,Blok B,REGULER,Aman
PRD-56240,61,11.0,19.0,41000,Ya,Blok C,Reguler,Backorder
PRD-96664,355,30.0,8.0,16000,Tidak,Blok C,REGULER,Menipis
PRD-86102,350,16.0,22.0,395000,Ya,Blok B,REGULER,Backorder
PRD-83379,306,13.0,,268000,Tidak,Blok C,premium ,Aman
PRD-94050,424,13.0,14.0,358000,Tidak,Blok B,REGULER,Aman
PRD-85749,330,35.0,3.0,147000,Ya,Blok C,REGULER,Aman
PRD-82082,356,14.0,15.0,334000,Tidak,Blok A,Reguler,Aman
PRD-87299,443,37.0,18.0,247000,Tidak,Blok B,Premium,Backorder
PRD-54623,492,3.0,2.0,477000,Tidak,Blok B,Reguler,Aman
PRD-85319,112,43.0,6.0,406000,Tidak,Blok B,Reguler,Aman
PRD-99904,80,16.0,29.0,286000,Ya,Blok A,REGULER,Menipis
PRD-23780,320,40.0,8.0,90000,Tidak,Blok B,Reguler,Aman
PRD-28443,309,35.0,20.0,331000,Ya,Blok A,Premium,Backorder
PRD-27771,164,19.0,12.0,380000,Tidak,Blok A, reguler ,Menipis
PRD-50644,203,15.0,2.0,96000,Tidak,Blok A,Premium,Aman
PRD-51300,254,18.0,16.0,76000,Tidak,Blok A, reguler ,Backorder
PRD-70461,429,34.0,6.0,396000,Tidak,Blok A,premium ,Menipis
PRD-81545,217,43.0,4.0,276000,Tidak,Blok C,REGULER,Backorder
PRD-86436,374,3.0,27.0,55000,Tidak,Blok B,Reguler,Aman
PRD-23866,337,16.0,3.0,406000,Tidak,Blok C,premium ,Aman
PRD-76273,200,8.0,29.0,439000,Tidak,Blok C,premium ,Menipis
PRD-61428,168,49.0,18.0,319000,Tidak,Blok B,Reguler,Backorder
PRD-74418,29,34.0,12.0,450000,Tidak,Blok C,REGULER,Backorder
PRD-45577,117,44.0,22.0,387000,Tidak,Blok B,REGULER,Menipis
PRD-70160,35,43.0,20.0,76000,Ya,Blok A,premium ,Backorder
PRD-36140,138,,28.0,228000,Tidak,Blok C,Reguler,Backorder
PRD-79109,372,30.0,25.0,313000,Tidak,Blok A,Reguler,Menipis
PRD-42833,286,15.0,9.0,458000,Tidak,Blok B,Premium,Backorder
PRD-32800,64,23.0,24.0,493000,Ya,Blok A,premium ,Backorder
PRD-48724,328,2.0,21.0,183000,Tidak,Blok C,Premium,Aman
PRD-89335,307,11.0,8.0,384000,Tidak,Blok A,REGULER,Aman
PRD-88975,130,25.0,15.0,246000,Tidak,Blok B,premium ,Backorder
PRD-82322,327,35.0,23.0,431000,Tidak,Blok B,Premium,Backorder
PRD-39759,121,9.0,25.0,201000,Ya,Blok C,Premium,Menipis
PRD-22823,242,26.0,14.0,124000,Tidak,Blok B, reguler ,Menipis
PRD-25366,396,37.0,12.0,397000,Ya,Blok A, reguler ,Backorder
PRD-53934,332,49.0,23.0,337000,Tidak,Blok C,premium ,Backorder
PRD-37938,201,40.0,18.0,61000,Ya,Blok B,REGULER,Backorder
PRD-59932,365,4.0,28.0,283000,Ya,Blok A,REGULER,Aman
PRD-91531,265,42.0,22.0,282000,Tidak,Blok C,Premium,Backorder
PRD-37414,372,38.0,2.0,263000,Tidak,Blok C, reguler ,Backorder
PRD-46976,201,2.0,13.0,379000,Ya,Blok B,REGULER,Aman
PRD-45954,197,36.0,14.0,453000,Tidak,Blok A,Premium,Menipis
PRD-40771,260,19.0,16.0,138000,Ya,Blok B, reguler ,Backorder
PRD-81303,89,,19.0,357000,Tidak,Blok C,Premium,Backorder
PRD-35470,256,18.0,2.0,98000,Ya,Blok A,Premium,Aman
PRD-86509,173,38.0,28.0,380000,Tidak,Blok C,Reguler,Backorder
PRD-33383,487,18.0,9.0,374000,Tidak,Blok C,premium ,Aman
PRD-41368,343,6.0,10.0,348000,Ya,Blok C,Reguler,Aman
PRD-68053,53,42.0,18.0,70000,Ya,Blok B,premium ,Backorder
PRD-37192,26,40.0,4.0,422000,Tidak,Blok C,REGULER,Backorder
PRD-77021,61,,7.0,475000,Tidak,Blok A, reguler ,Aman
PRD-86121,118,44.0,,245000,Tidak,Blok B,premium ,Menipis
PRD-85430,223,3.0,11.0,63000,Tidak,Blok B, reguler ,Aman
PRD-80320,445,33.0,9.0,243000,Tidak,Blok A,premium ,Aman
PRD-77808,82,31.0,19.0,206000,Tidak,Blok B,Premium,Backorder
PRD-31381,393,13.0,29.0,46000,Tidak,Blok C,REGULER,Menipis
PRD-21353,450,30.0,10.0,242000,Tidak,Blok A,Reguler,Aman
PRD-84755,6,23.0,999.0,69000,Tidak,Blok C,premium ,Backorder
PRD-36627,8,48.0,999.0,56000,Ya,Blok C,REGULER,Backorder
PRD-12200,295,29.0,22.0,203000,Ya,Blok C,premium ,Menipis
PRD-92711,202,12.0,5.0,283000,Ya,Blok A,Premium,Aman
PRD-95843,101,7.0,13.0,53000,Tidak,Blok B,REGULER,Menipis
PRD-29157,320,10.0,24.0,250000,Tidak,Blok B,Premium,Aman
PRD-27368,31,28.0,18.0,350000,Tidak,Blok C,REGULER,Menipis
PRD-40866,373,41.0,16.0,70000,Tidak,Blok B,Reguler,Menipis
PRD-79206,100,40.0,14.0,333000,Tidak,Blok C,REGULER,Backorder
PRD-78906,455,42.0,15.0,199000,Tidak,Blok A, reguler ,Backorder
PRD-31209,69,11.0,25.0,277000,Tidak,Blok C,premium ,Backorder
PRD-53286,251,4.0,20.0,253000,Tidak,Blok B,Premium,Aman
PRD-13420,344,,26.0,436000,Ya,Blok C,premium ,Backorder
PRD-65393,188,11.0,20.0,451000,Tidak,Blok A,REGULER,Aman
PRD-22363,419,2.0,15.0,92000,Tidak,Blok A,Reguler,Aman
PRD-83173,157,45.0,23.0,235000,Ya,Blok B,Premium,Backorder
PRD-78920,79,8.0,16.0,11000,Tidak,Blok C,Reguler,Aman
PRD-21294,52,42.0,,377000,Tidak,Blok C,Premium,Backorder
PRD-11538,206,30.0,13.0,244000,Tidak,Blok C, reguler ,Backorder
PRD-39990,367,42.0,28.0,493000,Tidak,Blok B,premium ,Backorder
PRD-55104,111,34.0,4.0,337000,Tidak,Blok C, reguler ,Backorder
PRD-36347,352,33.0,9.0,187000,Tidak,Blok C, reguler ,Menipis
PRD-87007,293,31.0,25.0,434000,Ya,Blok C, reguler ,Backorder
PRD-35739,5,9.0,12.0,397000,Tidak,Blok A,Premium,Backorder
PRD-28051,372,,17.0,171000,Tidak,Blok C, reguler ,Menipis
PRD-40134,229,,12.0,267000,Tidak,Blok C,Reguler,Aman
PRD-39685,466,17.0,,14000,Tidak,Blok A,Reguler,Menipis
PRD-12581,259,20.0,29.0,256000,Ya,Blok B,premium ,Backorder
PRD-16083,470,27.0,3.0,201000,Tidak,Blok A,Premium,Aman
PRD-47394,57,33.0,9.0,490000,Tidak,Blok B,Reguler,Backorder
PRD-25605,289,,21.0,49000,Tidak,Blok C,premium ,Backorder
PRD-13712,377,4.0,2.0,95000,Tidak,Blok A,premium ,Aman
PRD-63302,33,22.0,7.0,58000,Tidak,Blok C,premium ,Menipis
PRD-34354,433,,6.0,52000,Ya,Blok B,Premium,Menipis
PRD-21046,423,,20.0,114000,Tidak,Blok B,premium ,Aman
PRD-33525,212,36.0,10.0,327000,Tidak,Blok C,REGULER,Menipis
PRD-83755,55,40.0,20.0,458000,Ya,Blok A,Reguler,Backorder
PRD-35757,118,25.0,15.0,103000,Tidak,Blok C,Reguler,Backorder
PRD-27357,334,49.0,15.0,193000,Tidak,Blok C, reguler ,Backorder
PRD-46978,77,29.0,24.0,270000,Tidak,Blok C,premium ,Backorder
PRD-98801,441,47.0,8.0,298000,Tidak,Blok B,REGULER,Backorder
PRD-39455,83,42.0,10.0,356000,Ya,Blok B,REGULER,Backorder
PRD-21984,343,47.0,6.0,384000,Ya,Blok B,Premium,Menipis
PRD-98290,472,20.0,4.0,451000,Tidak,Blok B,REGULER,Aman
PRD-78899,47,28.0,13.0,113000,Tidak,Blok B,Premium,Menipis
PRD-17452,456,25.0,11.0,251000,Tidak,Blok A,Premium,Aman
PRD-59153,267,23.0,,346000,Ya,Blok A,REGULER,Backorder
PRD-26488,359,49.0,3.0,94000,Tidak,Blok C,premium ,Aman
PRD-95549,41,29.0,22.0,155000,Tidak,Blok B,premium ,Backorder
PRD-73668,149,21.0,13.0,264000,Ya,Blok B,Reguler,Backorder
PRD-36145,339,47.0,8.0,135000,Tidak,Blok C,Premium,Aman
PRD-19032,343,42.0,9.0,378000,Tidak,Blok B,Premium,Backorder
PRD-17190,342,10.0,24.0,30000,Tidak,Blok B, reguler ,Aman
PRD-71330,145,42.0,17.0,305000,Tidak,Blok C,Premium,Backorder
PRD-87355,441,24.0,16.0,409000,Ya,Blok A,REGULER,Aman
PRD-86425,374,42.0,4.0,486000,Tidak,Blok B,REGULER,Aman
PRD-58785,376,20.0,25.0,360000,Ya,Blok B, reguler ,Backorder
PRD-10412,320,44.0,18.0,194000,Ya,Blok B,REGULER,Backorder
PRD-30045,4,3.0,29.0,469000,Tidak,Blok C, reguler ,Backorder
PRD-93658,30,30.0,26.0,373000,Tidak,Blok C,premium ,Backorder
PRD-45036,31,38.0,7.0,213000,Tidak,Blok A,Premium,Backorder
PRD-70921,201,29.0,6.0,273000,Ya,Blok C,REGULER,Menipis
PRD-48745,186,24.0,14.0,13000,Tidak,Blok B,Premium,Menipis
PRD-54440,369,,22.0,34000,Ya,Blok A,premium ,Menipis
PRD-73374,445,32.0,4.0,175000,Ya,Blok C,REGULER,Aman
PRD-70955,44,18.0,7.0,91000,Tidak,Blok B,Reguler,Backorder
PRD-60290,412,25.0,25.0,197000,Ya,Blok B,REGULER,Menipis
PRD-41055,392,17.0,5.0,466000,Ya,Blok A,Premium,Menipis
PRD-27375,434,3.0,27.0,208000,Ya,Blok C,premium ,Menipis
PRD-47437,366,25.0,14.0,161000,Ya,Blok C,Reguler,Menipis
PRD-30863,122,,26.0,245000,Tidak,Blok C,Premium,Backorder
PRD-42470,104,,19.0,159000,Ya,Blok C, reguler ,Backorder
PRD-48762,167,30.0,4.0,495000,Tidak,Blok C, reguler ,Backorder
PRD-54950,171,49.0,27.0,392000,Ya,Blok B,REGULER,Menipis
PRD-80204,421,,8.0,415000,Tidak,Blok A,Reguler,Menipis
PRD-64607,120,27.0,23.0,202000,Tidak,Blok B,REGULER,Backorder
PRD-20492,234,,15.0,351000,Tidak,Blok C, reguler ,Backorder
PRD-13321,293,7.0,11.0,462000,Tidak,Blok B,Premium,Aman
PRD-26715,253,15.0,20.0,326000,Ya,Blok C,REGULER,Menipis
PRD-74315,105,39.0,17.0,55000,Ya,Blok A, reguler ,Menipis
PRD-63910,210,9.0,22.0,455000,Tidak,Blok B, reguler ,Backorder
PRD-41099,448,18.0,28.0,354000,Tidak,Blok C,Premium,Menipis
PRD-20775,416,15.0,25.0,158000,Ya,Blok B,Reguler,Menipis
PRD-95195,334,,14.0,11000,Tidak,Blok B, reguler ,Aman
PRD-37266,229,37.0,12.0,201000,Ya,Blok B,Premium,Backorder
PRD-85271,400,12.0,16.0,364000,Tidak,Blok C, reguler ,Aman
PRD-94246,136,21.0,26.0,90000,Tidak,Blok B,Reguler,Backorder
PRD-75294,198,32.0,6.0,404000,Tidak,Blok B,Reguler,Backorder
PRD-45133,164,38.0,22.0,265000,Tidak,Blok B, reguler ,Backorder
PRD-13760,491,25.0,29.0,197000,Ya,Blok A,premium ,Backorder
PRD-54942,124,26.0,16.0,293000,Ya,Blok B,Premium,Backorder
PRD-20931,137,29.0,28.0,56000,Tidak,Blok C,Premium,Menipis
PRD-47018,109,32.0,19.0,219000,Tidak,Blok C, reguler ,Backorder
PRD-12717,419,13.0,,484000,Tidak,Blok B,REGULER,Aman
PRD-85235,183,25.0,13.0,379000,Tidak,Blok C,premium ,Backorder
PRD-21205,31,29.0,15.0,446000,Tidak,Blok A,premium ,Backorder
PRD-81894,211,31.0,12.0,126000,Tidak,Blok C,REGULER,Menipis
PRD-76095,19,39.0,19.0,78000,Tidak,Blok C,Premium,Menipis
PRD-44584,218,7.0,21.0,316000,Ya,Blok B,premium ,Aman
PRD-21595,97,21.0,24.0,422000,Tidak,Blok B,Reguler,Backorder
PRD-85839,480,9.0,23.0,311000,Tidak,Blok A,Reguler,Aman
PRD-48258,60,28.0,13.0,196000,Ya,Blok A,premium ,Backorder
PRD-68703,96,46.0,15.0,340000,Tidak,Blok C,premium ,Backorder
PRD-32626,242,36.0,17.0,475000,Tidak,Blok C, reguler ,Menipis
PRD-41912,443,29.0,18.0,118000,Ya,Blok A, reguler ,Menipis
PRD-74307,204,36.0,18.0,152000,Tidak,Blok C,Reguler,Menipis
PRD-62800,250,26.0,17.0,342000,Tidak,Blok C,REGULER,Aman
PRD-52951,153,44.0,14.0,287000,Tidak,Blok A,REGULER,Backorder
PRD-58758,306,28.0,999.0,474000,Tidak,Blok A,Reguler,Aman
PRD-66398,210,39.0,12.0,144000,Tidak,Blok B,premium ,Aman
PRD-15745,135,26.0,5.0,433000,Tidak,Blok A,Reguler,Backorder
PRD-69049,262,39.0,9.0,185000,Tidak,Blok C, reguler ,Menipis
PRD-46929,268,27.0,2.0,207000,Tidak,Blok C,premium ,Aman
PRD-35498,162,14.0,21.0,343000,Tidak,Blok B,Reguler,Menipis
PRD-46133,147,23.0,8.0,451000,Tidak,Blok A,premium ,Backorder
PRD-11969,457,35.0,25.0,423000,Tidak,Blok B,REGULER,Backorder
PRD-24235,361,42.0,23.0,371000,Tidak,Blok C,REGULER,Backorder
PRD-84632,182,42.0,12.0,336000,Tidak,Blok A, reguler ,Menipis
PRD-54732,233,,20.0,410000,Tidak,Blok C,premium ,Backorder
PRD-71032,264,40.0,17.0,176000,Ya,Blok A,REGULER,Backorder
PRD-19200,193,24.0,2.0,163000,Tidak,Blok B,Premium,Backorder
PRD-72032,259,18.0,15.0,78000,Tidak,Blok B,premium ,Menipis
PRD-29627,132,40.0,20.0,143000,Tidak,Blok A,Premium,Backorder
PRD-49178,5,,12.0,240000,Ya,Blok B,Premium,Backorder
PRD-49080,341,25.0,5.0,491000,Ya,Blok A,premium ,Aman
PRD-58984,308,44.0,26.0,228000,Tidak,Blok C,REGULER,Backorder
PRD-51755,402,26.0,23.0,478000,Tidak,Blok C, reguler ,Menipis
PRD-25082,95,1.0,16.0,290000,Tidak,Blok C,Premium,Aman
PRD-84286,249,35.0,,473000,Tidak,Blok B,Reguler,Menipis
PRD-63865,199,46.0,15.0,106000,Ya,Blok B,Premium,Menipis
PRD-54327,86,27.0,23.0,260000,Tidak,Blok C,Premium,Backorder
PRD-66597,150,21.0,5.0,187000,Tidak,Blok C,Premium,Menipis
PRD-40697,229,,12.0,82000,Tidak,Blok A,REGULER,Backorder
PRD-16861,0,35.0,5.0,446000,Tidak,Blok B, reguler ,Aman
PRD-23731,338,45.0,23.0,97000,Tidak,Blok B,Premium,Menipis
PRD-40111,232,26.0,14.0,192000,Tidak,Blok A,premium ,Aman
PRD-15569,457,17.0,21.0,81000,Ya,Blok A,Reguler,Aman
PRD-43586,422,33.0,13.0,351000,Tidak,Blok C,Reguler,Backorder
PRD-71562,297,46.0,29.0,57000,Tidak,Blok A,premium ,Backorder
PRD-44872,300,19.0,5.0,186000,Tidak,Blok C,premium ,Aman
PRD-49884,360,22.0,25.0,145000,Ya,Blok A,premium ,Backorder
PRD-83511,29,47.0,29.0,494000,Ya,Blok A,premium ,Backorder
PRD-33147,137,42.0,14.0,122000,Tidak,Blok B,Premium,Menipis
PRD-19862,170,21.0,17.0,267000,Tidak,Blok A,Premium,Menipis
PRD-95216,388,,24.0,377000,Tidak,Blok B,Reguler,Menipis
PRD-32092,41,11.0,19.0,427000,Tidak,Blok B,Premium,Backorder
PRD-71868,415,33.0,26.0,13000,Tidak,Blok B,Premium,Backorder
PRD-15600,374,30.0,4.0,467000,Tidak,Blok B,Premium,Aman
PRD-38404,81,15.0,12.0,145000,Tidak,Blok B,Premium,Backorder
PRD-20799,356,13.0,7.0,230000,Ya,Blok A,Premium,Aman
PRD-13809,273,48.0,29.0,166000,Ya,Blok C, reguler ,Backorder
PRD-16922,405,49.0,12.0,60000,Ya,Blok B,Reguler,Backorder
PRD-21767,126,39.0,13.0,264000,Ya,Blok B, reguler ,Menipis
PRD-54857,246,16.0,24.0,347000,Tidak,Blok C,Reguler,Aman
PRD-52645,132,43.0,23.0,332000,Tidak,Blok A,REGULER,Backorder
PRD-72874,493,6.0,22.0,417000,Tidak,Blok C, reguler ,Aman
PRD-95076,231,28.0,26.0,79000,Tidak,Blok B, reguler ,Backorder
PRD-84640,20,45.0,7.0,460000,Tidak,Blok C,premium ,Menipis
PRD-45233,351,23.0,15.0,28000,Tidak,Blok C,Reguler,Menipis
PRD-82999,26,45.0,17.0,389000,Tidak,Blok A,premium ,Backorder
PRD-36745,215,27.0,24.0,288000,Tidak,Blok C,Reguler,Backorder
PRD-54159,99,11.0,7.0,272000,Tidak,Blok B,premium ,Backorder
PRD-47389,201,20.0,999.0,381000,Ya,Blok A, reguler ,Aman
PRD-74839,322,13.0,12.0,327000,Ya,Blok A,Premium,Aman
PRD-19394,337,39.0,28.0,91000,Ya,Blok B,premium ,Backorder
PRD-59230,24,25.0,19.0,465000,Tidak,Blok C,Reguler,Backorder
PRD-34331,476,7.0,8.0,375000,Tidak,Blok B,Reguler,Aman
PRD-57926,367,22.0,26.0,124000,Tidak,Blok C,REGULER,Backorder
PRD-79868,453,5.0,2.0,282000,Tidak,Blok B, reguler ,Aman
PRD-55232,371,26.0,28.0,233000,Tidak,Blok C, reguler ,Backorder
PRD-65501,102,16.0,25.0,468000,Tidak,Blok A, reguler ,Backorder
PRD-68219,99,41.0,26.0,266000,Tidak,Blok C,REGULER,Backorder
PRD-27640,344,,22.0,244000,Tidak,Blok A,premium ,Backorder
PRD-64268,410,35.0,17.0,24000,Tidak,Blok A,Premium,Backorder
PRD-50308,394,14.0,17.0,346000,Tidak,Blok C,Premium,Aman
PRD-19569,417,34.0,6.0,408000,Tidak,Blok A,premium ,Aman
PRD-73878,35,34.0,22.0,414000,Tidak,Blok B,Reguler,Aman
PRD-51777,381,29.0,26.0,205000,Ya,Blok C,premium ,Backorder
PRD-95160,414,16.0,16.0,400000,Tidak,Blok C,Reguler,Aman
PRD-97238,261,13.0,11.0,458000,Tidak,Blok B,REGULER,Aman
PRD-39680,224,16.0,11.0,257000,Tidak,Blok A,Premium,Aman
PRD-59850,88,2.0,3.0,279000,Ya,Blok B,premium ,Aman
PRD-99303,225,26.0,14.0,216000,Tidak,Blok C,REGULER,Backorder
PRD-47706,195,17.0,27.0,285000,Tidak,Blok C,Premium,Backorder
PRD-80394,104,,29.0,236000,Tidak,Blok C, reguler ,Aman
PRD-15192,145,19.0,16.0,101000,Tidak,Blok C,premium ,Backorder
PRD-51152,151,22.0,4.0,208000,Tidak,Blok C, reguler ,Menipis
PRD-40977,166,5.0,13.0,327000,Tidak,Blok B,Reguler,Menipis
PRD-85028,385,17.0,12.0,243000,Ya,Blok C, reguler ,Aman
PRD-63251,75,42.0,15.0,451000,Tidak,Blok B,Premium,Backorder
PRD-63785,0,14.0,,70000,Ya,Blok B,Premium,Backorder
PRD-80864,131,46.0,16.0,388000,Tidak,Blok C, reguler ,Backorder
PRD-10528,135,20.0,20.0,69000,Ya,Blok B,Premium,Menipis
PRD-81232,158,9.0,5.0,43000,Ya,Blok C,Reguler,Menipis
PRD-74173,217,36.0,,323000,Tidak,Blok B,premium ,Backorder
PRD-55853,85,25.0,15.0,94000,Tidak,Blok A,Reguler,Backorder
PRD-15901,111,43.0,3.0,181000,Tidak,Blok B,Premium,Backorder
PRD-23303,68,10.0,11.0,487000,Ya,Blok B,Reguler,Backorder
PRD-84095,167,47.0,7.0,316000,Ya,Blok B, reguler ,Backorder
PRD-47656,282,44.0,23.0,111000,Tidak,Blok B,Reguler,Backorder
PRD-42125,284,7.0,999.0,473000,Tidak,Blok A,premium ,Aman
PRD-95842,305,11.0,999.0,175000,Tidak,Blok A,Reguler,Aman
PRD-66235,464,9.0,9.0,213000,Ya,Blok C, reguler ,Aman
PRD-87242,422,11.0,9.0,481000,Tidak,Blok B,Reguler,Aman
PRD-40979,302,9.0,8.0,304000,Ya,Blok C,REGULER,Aman
PRD-80467,170,44.0,999.0,453000,Tidak,Blok B,premium ,Backorder
PRD-92205,30,48.0,6.0,38000,Tidak,Blok B,Reguler,Backorder
PRD-73044,328,47.0,2.0,482000,Tidak,Blok C,Reguler,Aman
PRD-31494,307,43.0,22.0,195000,Tidak,Blok C,Premium,Menipis
PRD-91471,449,46.0,10.0,126000,Tidak,Blok A,premium ,Aman
PRD-88976,284,39.0,16.0,499000,Tidak,Blok A,Premium,Backorder
PRD-90399,192,14.0,7.0,103000,Tidak,Blok C,Reguler,Aman
PRD-21410,312,17.0,6.0,258000,Ya,Blok C,REGULER,Aman
PRD-14409,54,32.0,5.0,439000,Ya,Blok B,Reguler,Backorder
PRD-58920,133,25.0,18.0,417000,Tidak,Blok A, reguler ,Aman
PRD-40337,354,33.0,21.0,332000,Tidak,Blok B, reguler ,Menipis
PRD-54014,434,33.0,3.0,439000,Ya,Blok C,Premium,Menipis
PRD-19078,488,30.0,19.0,33000,Tidak,Blok B,REGULER,Backorder
PRD-94577,425,49.0,14.0,58000,Tidak,Blok A,REGULER,Backorder
PRD-76055,114,38.0,22.0,186000,Tidak,Blok C,Premium,Backorder
PRD-38715,176,6.0,17.0,259000,Tidak,Blok C, reguler ,Aman
PRD-68565,31,15.0,6.0,23000,Tidak,Blok A,REGULER,Backorder
PRD-83489,19,25.0,28.0,54000,Ya,Blok C,Premium,Backorder
PRD-47271,53,36.0,11.0,100000,Tidak,Blok A,premium ,Backorder
PRD-35957,371,37.0,24.0,309000,Tidak,Blok B,Premium,Aman
PRD-57952,210,37.0,18.0,223000,Tidak,Blok C,REGULER,Menipis
PRD-45725,338,26.0,24.0,497000,Tidak,Blok C,REGULER,Backorder
PRD-91015,255,17.0,19.0,83000,Ya,Blok A,Premium,Aman
PRD-14782,440,16.0,22.0,405000,Ya,Blok B,REGULER,Aman
PRD-74471,131,36.0,10.0,80000,Tidak,Blok B,REGULER,Backorder
PRD-17287,450,30.0,19.0,234000,Tidak,Blok B,Reguler,Menipis
PRD-34826,141,4.0,22.0,283000,Tidak,Blok B,Reguler,Aman
PRD-80855,22,21.0,16.0,429000,Tidak,Blok B,Reguler,Backorder
PRD-16265,153,16.0,26.0,491000,Tidak,Blok A,REGULER,Backorder
PRD-82959,269,31.0,8.0,297000,Tidak,Blok B,premium ,Backorder
PRD-73208,254,42.0,6.0,91000,Tidak,Blok B,Premium,Menipis
PRD-53220,239,47.0,9.0,157000,Tidak,Blok C,REGULER,Aman
PRD-13743,348,43.0,6.0,94000,Ya,Blok C,premium ,Backorder
PRD-99106,136,5.0,14.0,174000,Tidak,Blok A,Reguler,Aman
PRD-60572,276,45.0,24.0,131000,Tidak,Blok B,Premium,Backorder
PRD-80173,130,38.0,26.0,271000,Tidak,Blok C,Reguler,Menipis
PRD-35651,464,15.0,28.0,192000,Tidak,Blok C, reguler ,Aman
PRD-14131,298,4.0,24.0,76000,Tidak,Blok B,REGULER,Menipis
PRD-52607,358,15.0,22.0,140000,Tidak,Blok B, reguler ,Backorder
PRD-14298,465,12.0,23.0,452000,Tidak,Blok C,Premium,Aman
PRD-47663,436,1.0,26.0,397000,Tidak,Blok A, reguler ,Aman
PRD-89834,434,11.0,29.0,345000,Tidak,Blok C,premium ,Backorder
PRD-50958,232,44.0,20.0,320000,Tidak,Blok B,Premium,Backorder
PRD-17263,152,27.0,9.0,367000,Tidak,Blok B,Reguler,Aman
PRD-79134,412,3.0,5.0,323000,Tidak,Blok A,premium ,Menipis
PRD-12384,262,4.0,15.0,189000,Tidak,Blok A, reguler ,Aman
PRD-54605,0,11.0,12.0,468000,Tidak,Blok A,Reguler,Backorder
PRD-85476,276,24.0,9.0,73000,Tidak,Blok B,Premium,Aman
PRD-51337,234,16.0,6.0,287000,Tidak,Blok C,Premium,Aman
PRD-59786,64,45.0,5.0,289000,Tidak,Blok B,REGULER,Aman
PRD-33806,247,40.0,2.0,378000,Tidak,Blok C,Reguler,Aman
PRD-41890,360,18.0,7.0,403000,Tidak,Blok C,Premium,Aman
PRD-69840,488,27.0,10.0,316000,Tidak,Blok A,Reguler,Aman
PRD-46455,259,6.0,29.0,370000,Tidak,Blok A,Reguler,Aman
PRD-47132,224,39.0,17.0,15000,Tidak,Blok C,REGULER,Backorder
PRD-32010,220,1.0,6.0,88000,Ya,Blok A,Reguler,Aman
PRD-74555,392,23.0,19.0,31000,Tidak,Blok B,Reguler,Backorder
PRD-95326,6,19.0,27.0,498000,Tidak,Blok C,REGULER,Backorder
PRD-76629,426,,,52000,Ya,Blok A,REGULER,Aman
PRD-91678,36,23.0,13.0,276000,Tidak,Blok C,Reguler,Backorder
PRD-11949,436,44.0,7.0,374000,Tidak,Blok A,REGULER,Menipis
PRD-55587,16,25.0,,18000,Ya,Blok A,premium ,Backorder
PRD-82936,9,44.0,23.0,21000,Tidak,Blok C,premium ,Menipis
PRD-94523,454,36.0,20.0,298000,Tidak,Blok A,Reguler,Aman
PRD-93441,67,44.0,16.0,273000,Tidak,Blok C,premium ,Backorder
PRD-80603,434,31.0,28.0,195000,Tidak,Blok B,Reguler,Backorder
PRD-66363,61,9.0,13.0,256000,Ya,Blok C,Reguler,Backorder
PRD-89782,326,40.0,24.0,387000,Ya,Blok C,REGULER,Menipis
PRD-12108,469,29.0,27.0,266000,Tidak,Blok B,premium ,Menipis
PRD-79626,474,29.0,11.0,338000,Tidak,Blok A,Reguler,Aman
PRD-22500,454,17.0,22.0,157000,Ya,Blok B,premium ,Menipis
PRD-39402,294,3.0,14.0,130000,Tidak,Blok C,Premium,Aman
PRD-46586,156,36.0,6.0,84000,Tidak,Blok B,Reguler,Backorder
PRD-91494,407,23.0,18.0,303000,Tidak,Blok A,Premium,Backorder
PRD-12429,497,39.0,2.0,449000,Tidak,Blok C,REGULER,Aman
PRD-45298,116,8.0,10.0,63000,Ya,Blok B,Premium,Menipis
PRD-14922,21,34.0,27.0,47000,Tidak,Blok A,Reguler,Backorder
PRD-29477,349,5.0,25.0,379000,Tidak,Blok B,Reguler,Aman
PRD-33312,89,40.0,24.0,491000,Ya,Blok B,Premium,Backorder
PRD-44523,32,28.0,20.0,98000,Ya,Blok A,premium ,Menipis
PRD-20627,151,5.0,6.0,149000,Tidak,Blok C,Reguler,Aman
PRD-30344,443,16.0,11.0,307000,Ya,Blok C, reguler ,Aman
PRD-18605,436,31.0,3.0,204000,Ya,Blok B,REGULER,Aman
PRD-74385,316,37.0,22.0,200000,Tidak,Blok A,Premium,Backorder
PRD-93434,250,41.0,5.0,232000,Tidak,Blok A,REGULER,Aman
PRD-97099,213,21.0,25.0,457000,Tidak,Blok A,Reguler,Backorder
PRD-92289,142,10.0,21.0,92000,Tidak,Blok A,Reguler,Backorder
PRD-72515,415,32.0,29.0,359000,Ya,Blok A,Reguler,Menipis
PRD-49321,301,26.0,24.0,261000,Tidak,Blok A,Reguler,Backorder
PRD-63413,417,28.0,3.0,382000,Tidak,Blok A,Reguler,Aman
PRD-29787,427,40.0,17.0,475000,Ya,Blok C,premium ,Backorder
PRD-80835,275,17.0,9.0,342000,Tidak,Blok C,premium ,Aman
PRD-44865,287,14.0,11.0,404000,Tidak,Blok A,Reguler,Aman
PRD-20234,179,17.0,11.0,233000,Tidak,Blok B,REGULER,Backorder
PRD-37228,110,35.0,20.0,15000,Ya,Blok A,REGULER,Backorder
PRD-61214,201,40.0,7.0,348000,Tidak,Blok C,Reguler,Backorder
PRD-24056,148,41.0,15.0,499000,Ya,Blok A,premium ,Backorder
PRD-52399,373,40.0,16.0,49000,Tidak,Blok B, reguler ,Backorder
PRD-58542,218,45.0,9.0,325000,Tidak,Blok A,REGULER,Backorder
PRD-82932,418,,16.0,361000,Tidak,Blok A,Reguler,Backorder
PRD-64555,133,31.0,29.0,167000,Tidak,Blok C,Premium,Backorder
PRD-37301,229,42.0,23.0,374000,Ya,Blok B,Premium,Backorder
PRD-63836,210,1.0,11.0,192000,Ya,Blok C, reguler ,Aman
PRD-37315,338,14.0,27.0,185000,Tidak,Blok B,Premium,Backorder
PRD-46735,349,23.0,29.0,376000,Ya,Blok B,REGULER,Backorder
PRD-46113,266,,3.0,449000,Tidak,Blok C,Reguler,Menipis
PRD-73477,301,41.0,19.0,353000,Tidak,Blok C,Reguler,Menipis
PRD-50096,51,9.0,7.0,105000,Tidak,Blok A,premium ,Menipis
PRD-28888,377,37.0,3.0,391000,Tidak,Blok A,premium ,Aman
PRD-76262,348,29.0,21.0,18000,Ya,Blok A,premium ,Backorder
PRD-67988,129,5.0,4.0,187000,Tidak,Blok C, reguler ,Aman
PRD-99402,315,15.0,4.0,417000,Tidak,Blok A,premium ,Aman
PRD-91412,171,10.0,9.0,217000,Tidak,Blok B,Premium,Aman
PRD-24901,351,14.0,27.0,218000,Tidak,Blok B,REGULER,Backorder
PRD-14150,385,33.0,11.0,11000,Ya,Blok A,premium ,Backorder
PRD-16949,142,40.0,16.0,135000,Tidak,Blok C,Reguler,Backorder
PRD-21694,223,1.0,8.0,243000,Ya,Blok A,Premium,Aman
PRD-19121,75,42.0,19.0,198000,Tidak,Blok C,REGULER,Backorder
PRD-48699,90,32.0,26.0,401000,Tidak,Blok A,Reguler,Backorder
PRD-93597,310,8.0,16.0,264000,Ya,Blok C,Reguler,Aman
PRD-99132,384,34.0,999.0,383000,Ya,Blok C, reguler ,Menipis
PRD-99116,118,6.0,14.0,225000,Tidak,Blok C, reguler ,Aman
PRD-71949,270,25.0,18.0,385000,Tidak,Blok B,premium ,Backorder
PRD-29874,141,23.0,22.0,58000,Ya,Blok B, reguler ,Backorder
PRD-71086,107,39.0,26.0,429000,Ya,Blok A,Premium,Menipis
PRD-30224,138,26.0,2.0,498000,Tidak,Blok C,Reguler,Aman
PRD-49643,165,2.0,7.0,262000,Tidak,Blok A,Premium,Aman
PRD-16907,475,35.0,24.0,346000,Tidak,Blok B,REGULER,Backorder
PRD-11881,381,28.0,21.0,134000,Ya,Blok A,Premium,Backorder
PRD-44753,64,45.0,11.0,345000,Tidak,Blok A,Premium,Backorder
PRD-64478,463,30.0,27.0,159000,Tidak,Blok C,Premium,Backorder
PRD-49462,190,45.0,20.0,235000,Tidak,Blok B,Premium,Backorder
PRD-19557,137,37.0,14.0,315000,Ya,Blok A,REGULER,Backorder
PRD-68408,387,47.0,999.0,357000,Ya,Blok C,Reguler,Backorder
PRD-46135,391,18.0,18.0,398000,Tidak,Blok A,REGULER,Menipis
PRD-53306,225,5.0,25.0,442000,Tidak,Blok B,premium ,Aman
PRD-39287,360,45.0,29.0,289000,Tidak,Blok B,premium ,Backorder
PRD-28482,232,44.0,25.0,345000,Tidak,Blok A,Reguler,Backorder
PRD-51258,275,45.0,29.0,342000,Tidak,Blok B,Premium,Backorder
PRD-56751,245,19.0,4.0,288000,Ya,Blok B,premium ,Aman
PRD-75497,276,22.0,9.0,397000,Ya,Blok B,Premium,Menipis
PRD-27438,70,28.0,23.0,167000,Tidak,Blok A,Reguler,Backorder
PRD-99599,163,34.0,14.0,194000,Tidak,Blok B,Premium,Backorder
PRD-73043,205,49.0,22.0,334000,Ya,Blok A, reguler ,Backorder
PRD-82746,54,4.0,22.0,78000,Tidak,Blok C,premium ,Menipis
PRD-11630,59,15.0,28.0,347000,Tidak,Blok C,Premium,Backorder
PRD-81916,95,45.0,3.0,222000,Tidak,Blok B,premium ,Backorder
PRD-76199,160,42.0,23.0,277000,Ya,Blok C,REGULER,Backorder
PRD-97091,40,5.0,13.0,63000,Tidak,Blok B, reguler ,Backorder
PRD-15515,231,16.0,7.0,433000,Tidak,Blok C,Reguler,Menipis
PRD-76235,338,34.0,,114000,Ya,Blok C,premium ,Menipis
PRD-69675,125,23.0,11.0,124000,Tidak,Blok A,REGULER,Backorder
PRD-72345,494,28.0,23.0,351000,Ya,Blok B,Reguler,Backorder
PRD-28279,450,36.0,10.0,245000,Tidak,Blok A,REGULER,Aman
PRD-21600,241,16.0,29.0,388000,Ya,Blok B,Reguler,Backorder
PRD-17025,72,39.0,12.0,399000,Tidak,Blok C, reguler ,Backorder
PRD-90639,403,13.0,3.0,133000,Ya,Blok A,premium ,Menipis
PRD-75546,253,22.0,12.0,163000,Tidak,Blok B,premium ,Backorder
PRD-49846,54,27.0,5.0,408000,Tidak,Blok A, reguler ,Backorder
PRD-11932,401,2.0,18.0,166000,Tidak,Blok A,Premium,Aman
PRD-30369,87,23.0,,220000,Tidak,Blok A,Premium,Backorder
PRD-82742,338,34.0,18.0,15000,Tidak,Blok A,Premium,Menipis
PRD-26052,436,49.0,14.0,108000,Tidak,Blok C, reguler ,Menipis
PRD-90103,385,5.0,10.0,119000,Tidak,Blok A,REGULER,Aman
PRD-31650,323,10.0,16.0,478000,Tidak,Blok B,Premium,Aman
PRD-10002,41,5.0,7.0,59000,Ya,Blok A,REGULER,Aman
PRD-16589,54,11.0,16.0,330000,Tidak,Blok A, reguler ,Aman
PRD-75424,268,22.0,14.0,410000,Tidak,Blok B,Premium,Menipis
PRD-63813,26,35.0,12.0,294000,Ya,Blok A, reguler ,Backorder
PRD-99812,385,33.0,20.0,459000,Ya,Blok A,Reguler,Backorder
PRD-60117,107,7.0,22.0,140000,Tidak,Blok B,premium ,Backorder
PRD-13513,422,47.0,17.0,204000,Ya,Blok A,premium ,Backorder
PRD-45733,217,,14.0,338000,Tidak,Blok C,REGULER,Backorder
PRD-92821,272,31.0,24.0,220000,Ya,Blok C,Premium,Backorder
PRD-82694,183,10.0,27.0,53000,Tidak,Blok A,REGULER,Backorder
PRD-51964,40,40.0,,324000,Ya,Blok C,premium ,Menipis
PRD-90257,377,43.0,5.0,125000,Ya,Blok A,REGULER,Backorder
PRD-21920,62,33.0,21.0,31000,Tidak,Blok C,premium ,Backorder
PRD-81116,180,24.0,21.0,286000,Tidak,Blok C,premium ,Backorder
PRD-79163,481,14.0,12.0,147000,Tidak,Blok C,Premium,Aman
PRD-10056,138,16.0,21.0,221000,Tidak,Blok B,Premium,Backorder
PRD-11645,14,18.0,6.0,69000,Tidak,Blok A, reguler ,Aman
PRD-79101,367,34.0,11.0,269000,Tidak,Blok C, reguler ,Backorder
PRD-60428,420,2.0,6.0,270000,Ya,Blok A,Reguler,Menipis
PRD-32733,135,13.0,22.0,362000,Tidak,Blok C,REGULER,Backorder
PRD-73370,115,,19.0,455000,Tidak,Blok A,Premium,Menipis
PRD-60762,426,16.0,10.0,293000,Ya,Blok C,premium ,Aman
PRD-73749,238,43.0,21.0,56000,Tidak,Blok C,REGULER,Menipis
PRD-91942,235,31.0,27.0,330000,Tidak,Blok C,Reguler,Menipis
PRD-84441,57,27.0,,369000,Tidak,Blok A,Reguler,Backorder
PRD-65609,119,3.0,20.0,307000,Tidak,Blok B,REGULER,Aman
PRD-25916,425,,21.0,183000,Tidak,Blok A,Premium,Aman
PRD-17736,362,47.0,4.0,138000,Tidak,Blok A,premium ,Aman
PRD-53303,431,27.0,,132000,Ya,Blok C, reguler ,Backorder
PRD-26673,214,43.0,27.0,381000,Tidak,Blok A,premium ,Menipis
PRD-21122,189,12.0,,18000,Ya,Blok A,premium ,Menipis
PRD-73146,265,15.0,4.0,79000,Tidak,Blok A,Premium,Aman
PRD-22676,64,14.0,6.0,42000,Tidak,Blok B,premium ,Menipis
PRD-75215,261,,13.0,239000,Tidak,Blok C, reguler ,Backorder
PRD-38797,24,45.0,8.0,107000,Tidak,Blok B,premium ,Menipis
PRD-58135,453,36.0,21.0,254000,Tidak,Blok B, reguler ,Menipis
PRD-44875,74,46.0,999.0,184000,Tidak,Blok A, reguler ,Aman
PRD-37696,165,29.0,3.0,111000,Tidak,Blok C,REGULER,Menipis
PRD-67415,21,17.0,16.0,242000,Tidak,Blok B,premium ,Backorder
PRD-59984,218,11.0,10.0,66000,Tidak,Blok B, reguler ,Aman
PRD-13065,67,16.0,,215000,Ya,Blok C,Reguler,Backorder
PRD-64030,97,3.0,21.0,113000,Tidak,Blok A,premium ,Aman
PRD-86095,53,43.0,2.0,237000,Ya,Blok A,premium ,Menipis
PRD-61805,133,25.0,3.0,448000,Tidak,Blok A,REGULER,Menipis
PRD-18125,253,48.0,22.0,230000,Tidak,Blok A,Premium,Menipis
PRD-59508,276,47.0,28.0,72000,Tidak,Blok C, reguler ,Backorder
PRD-55539,177,23.0,19.0,279000,Tidak,Blok C,Reguler,Backorder
PRD-77438,87,29.0,29.0,259000,Tidak,Blok C,REGULER,Menipis
PRD-55312,165,25.0,8.0,474000,Tidak,Blok B,Reguler,Menipis
PRD-89380,494,28.0,18.0,120000,Tidak,Blok B,premium ,Backorder
PRD-12274,456,3.0,23.0,393000,Tidak,Blok A,premium ,Aman
PRD-53094,314,4.0,28.0,487000,Tidak,Blok B,Reguler,Aman
PRD-27043,231,27.0,15.0,380000,Tidak,Blok C,Reguler,Backorder
PRD-27087,155,32.0,15.0,383000,Tidak,Blok C, reguler ,Backorder
PRD-93869,149,31.0,25.0,334000,Ya,Blok A,Premium,Backorder
PRD-33649,330,47.0,11.0,485000,Ya,Blok C,Reguler,Aman
PRD-20335,27,4.0,14.0,233000,Ya,Blok C, reguler ,Backorder
PRD-58478,195,,9.0,108000,Tidak,Blok B,Reguler,Menipis
PRD-50785,440,49.0,25.0,319000,Ya,Blok C, reguler ,Backorder
PRD-80799,184,32.0,13.0,299000,Tidak,Blok C,Reguler,Backorder
PRD-20751,93,12.0,25.0,231000,Ya,Blok A,premium ,Backorder
PRD-11737,161,46.0,6.0,286000,Ya,Blok C,REGULER,Backorder
PRD-67600,457,5.0,17.0,491000,Tidak,Blok C,Reguler,Aman
PRD-28375,95,1.0,5.0,149000,Tidak,Blok C,REGULER,Menipis
PRD-66754,189,17.0,23.0,430000,Tidak,Blok B,Premium,Backorder
PRD-33752,294,20.0,24.0,326000,Tidak,Blok C,premium ,Backorder
PRD-72943,420,43.0,,491000,Tidak,Blok C,REGULER,Aman
PRD-10022,22,37.0,23.0,179000,Ya,Blok B,premium ,Backorder
PRD-77300,157,19.0,23.0,456000,Tidak,Blok C,REGULER,Backorder
PRD-66503,316,21.0,10.0,92000,Tidak,Blok B, reguler ,Menipis
PRD-74977,245,11.0,5.0,375000,Tidak,Blok A, reguler ,Aman
PRD-70692,0,2.0,22.0,217000,Tidak,Blok B, reguler ,Menipis
PRD-40682,443,37.0,9.0,128000,Tidak,Blok A,Premium,Aman
PRD-43697,337,31.0,4.0,237000,Tidak,Blok C, reguler ,Aman
PRD-51743,358,48.0,11.0,423000,Tidak,Blok B,REGULER,Aman
PRD-49218,16,17.0,999.0,58000,Ya,Blok A,REGULER,Aman
PRD-53527,210,7.0,10.0,81000,Ya,Blok C,premium ,Aman
PRD-47321,67,10.0,7.0,291000,Ya,Blok C,REGULER,Backorder
PRD-43039,244,26.0,25.0,77000,Ya,Blok C,Reguler,Backorder
PRD-97044,436,29.0,,247000,Ya,Blok A,REGULER,Aman
PRD-89646,405,3.0,16.0,134000,Ya,Blok B,premium ,Aman
PRD-86323,13,4.0,2.0,336000,Tidak,Blok A,Premium,Aman
PRD-16581,48,22.0,14.0,215000,Tidak,Blok C, reguler ,Backorder
PRD-34074,255,45.0,29.0,305000,Tidak,Blok A,REGULER,Backorder
PRD-21907,364,12.0,8.0,375000,Ya,Blok B,REGULER,Aman
PRD-16782,183,39.0,27.0,182000,Tidak,Blok A, reguler ,Menipis
PRD-16570,472,20.0,6.0,336000,Tidak,Blok A,Reguler,Aman
PRD-85672,344,21.0,22.0,244000,Ya,Blok B,Premium,Backorder
PRD-93211,86,32.0,,151000,Tidak,Blok A,Premium,Backorder
PRD-67091,272,,3.0,204000,Tidak,Blok B, reguler ,Menipis
PRD-95716,455,27.0,17.0,286000,Tidak,Blok B,Premium,Menipis
PRD-56002,251,5.0,21.0,312000,Tidak,Blok B, reguler ,Aman
PRD-21801,331,6.0,7.0,261000,Ya,Blok C,REGULER,Aman
PRD-46593,404,6.0,23.0,93000,Ya,Blok A,Premium,Aman
PRD-28752,495,38.0,2.0,257000,Tidak,Blok A,Reguler,Aman
PRD-66731,398,,8.0,441000,Ya,Blok A,Premium,Aman
PRD-44397,407,,16.0,189000,Ya,Blok C,Premium,Aman
PRD-93122,342,13.0,6.0,115000,Tidak,Blok A,Reguler,Aman
PRD-66548,497,7.0,2.0,401000,Tidak,Blok A,Premium,Aman
PRD-69965,208,42.0,10.0,54000,Tidak,Blok B,Reguler,Aman
PRD-47219,219,42.0,20.0,239000,Tidak,Blok C,premium ,Menipis
PRD-90879,239,34.0,23.0,100000,Ya,Blok C,Reguler,Backorder
PRD-60601,240,31.0,5.0,444000,Tidak,Blok C,Premium,Menipis
PRD-33793,383,29.0,26.0,10000,Ya,Blok C,REGULER,Backorder
PRD-53884,454,8.0,27.0,290000,Ya,Blok B,Reguler,Aman
PRD-36756,149,5.0,3.0,214000,Tidak,Blok A,premium ,Aman
PRD-52748,355,46.0,10.0,54000,Tidak,Blok A,REGULER,Backorder
PRD-98236,277,34.0,24.0,337000,Tidak,Blok B,Reguler,Backorder
PRD-77779,198,36.0,12.0,217000,Tidak,Blok B, reguler ,Menipis
PRD-25434,482,2.0,12.0,160000,Tidak,Blok A,Premium,Aman
PRD-25734,368,,18.0,301000,Tidak,Blok C,premium ,Aman
PRD-37564,396,,17.0,380000,Tidak,Blok C,REGULER,Menipis
PRD-66058,442,49.0,25.0,27000,Ya,Blok C, reguler ,Backorder
PRD-10493,45,26.0,11.0,89000,Tidak,Blok B, reguler ,Backorder
PRD-10386,93,,8.0,302000,Tidak,Blok B,Premium,Backorder
PRD-63351,235,45.0,17.0,65000,Tidak,Blok B,Reguler,Menipis
PRD-28361,39,21.0,29.0,459000,Tidak,Blok C,Reguler,Backorder
PRD-86286,391,6.0,3.0,150000,Ya,Blok B,Premium,Aman
PRD-37937,53,13.0,9.0,488000,Tidak,Blok A,Reguler,Menipis
PRD-38380,354,14.0,,248000,Ya,Blok A,REGULER,Menipis
PRD-92736,436,28.0,5.0,350000,Tidak,Blok C, reguler ,Menipis
PRD-96123,289,45.0,11.0,97000,Tidak,Blok C, reguler ,Backorder
PRD-44068,116,,11.0,165000,Ya,Blok B, reguler ,Aman
PRD-82090,432,3.0,18.0,443000,Tidak,Blok C,Premium,Aman
PRD-41498,290,37.0,7.0,19000,Tidak,Blok A,Premium,Menipis
PRD-30039,239,2.0,,258000,Tidak,Blok A,REGULER,Aman
PRD-33760,482,41.0,,163000,Ya,Blok B, reguler ,Menipis
PRD-20386,493,45.0,999.0,182000,Tidak,Blok B,REGULER,Backorder
PRD-49563,13,41.0,4.0,268000,Tidak,Blok C,REGULER,Menipis
PRD-51846,46,25.0,22.0,202000,Tidak,Blok C,premium ,Backorder
PRD-35479,493,17.0,24.0,92000,Tidak,Blok B,premium ,Aman
PRD-52078,453,45.0,13.0,383000,Ya,Blok B,Premium,Menipis
PRD-14512,113,1.0,21.0,337000,Tidak,Blok B, reguler ,Aman
PRD-65506,467,12.0,17.0,24000,Ya,Blok C,Reguler,Aman
PRD-43665,368,4.0,24.0,312000,Ya,Blok B,Premium,Aman
PRD-24382,147,,25.0,223000,Tidak,Blok A,Premium,Backorder
PRD-78685,386,28.0,24.0,325000,Ya,Blok A,Reguler,Backorder
PRD-40020,408,18.0,20.0,216000,Ya,Blok A,REGULER,Menipis
PRD-88916,16,10.0,11.0,389000,Ya,Blok C,Reguler,Menipis
PRD-55543,257,23.0,15.0,289000,Tidak,Blok A,REGULER,Backorder
PRD-46575,473,48.0,6.0,14000,Tidak,Blok A,REGULER,Aman
PRD-38769,4,6.0,18.0,185000,Tidak,Blok C,premium ,Backorder
PRD-31556,305,30.0,16.0,17000,Tidak,Blok C,Reguler,Backorder
PRD-37526,164,29.0,12.0,12000,Ya,Blok B,REGULER,Backorder
PRD-45050,292,8.0,10.0,157000,Tidak,Blok A,Reguler,Aman
PRD-35169,54,33.0,5.0,257000,Tidak,Blok C,premium ,Backorder
PRD-88590,449,4.0,8.0,298000,Tidak,Blok A,REGULER,Aman
PRD-32588,121,42.0,11.0,403000,Tidak,Blok C,premium ,Backorder
PRD-42450,298,32.0,28.0,128000,Tidak,Blok C,Premium,Backorder
PRD-12853,399,35.0,14.0,322000,Tidak,Blok B, reguler ,Backorder
PRD-60227,27,37.0,15.0,191000,Tidak,Blok C,Reguler,Aman
PRD-61357,230,39.0,,494000,Tidak,Blok B,premium ,Backorder
PRD-93791,271,41.0,5.0,387000,Ya,Blok B,Premium,Backorder
PRD-34322,66,9.0,17.0,186000,Tidak,Blok C,REGULER,Menipis
PRD-18894,392,16.0,17.0,90000,Tidak,Blok C,Reguler,Menipis
PRD-74817,149,42.0,26.0,444000,Ya,Blok A,REGULER,Backorder
PRD-44069,163,25.0,4.0,33000,Tidak,Blok A,Premium,Aman
PRD-24388,20,20.0,,182000,Tidak,Blok B,premium ,Backorder
PRD-65076,3,15.0,21.0,136000,Ya,Blok C,premium ,Backorder
PRD-88040,73,30.0,14.0,393000,Tidak,Blok A,Reguler,Backorder
PRD-70531,106,33.0,23.0,76000,Tidak,Blok B, reguler ,Aman
PRD-86474,76,42.0,4.0,177000,Tidak,Blok A,premium ,Backorder
PRD-47599,78,46.0,16.0,402000,Tidak,Blok C,Premium,Menipis
PRD-45903,477,4.0,24.0,139000,Ya,Blok A,premium ,Aman
PRD-57458,282,4.0,23.0,288000,Tidak,Blok C,REGULER,Aman
PRD-56451,350,13.0,14.0,437000,Tidak,Blok C, reguler ,Aman
PRD-87984,336,34.0,5.0,193000,Ya,Blok C,Reguler,Aman
PRD-86057,68,13.0,24.0,289000,Ya,Blok A,REGULER,Backorder
PRD-35945,178,21.0,10.0,176000,Tidak,Blok C,REGULER,Backorder
PRD-46365,362,44.0,6.0,219000,Ya,Blok C,Reguler,Backorder
PRD-48563,242,29.0,16.0,287000,Tidak,Blok B,premium ,Menipis
PRD-16008,275,48.0,25.0,493000,Tidak,Blok B, reguler ,Backorder
PRD-79002,326,17.0,14.0,347000,Tidak,Blok C, reguler ,Aman
PRD-11074,26,11.0,10.0,81000,Tidak,Blok C,premium ,Backorder
PRD-19304,187,6.0,28.0,93000,Ya,Blok A,Reguler,Menipis
PRD-63024,2,30.0,24.0,431000,Ya,Blok C,premium ,Menipis
PRD-23057,124,17.0,25.0,160000,Tidak,Blok A, reguler ,Backorder
PRD-41976,219,27.0,4.0,252000,Tidak,Blok C,REGULER,Aman
PRD-69778,227,,15.0,366000,Tidak,Blok B,premium ,Aman
PRD-77584,475,10.0,11.0,40000,Tidak,Blok C, reguler ,Aman
PRD-62127,267,6.0,18.0,447000,Ya,Blok A,Reguler,Aman
PRD-54678,35,26.0,22.0,269000,Tidak,Blok C,premium ,Menipis
PRD-52017,345,26.0,7.0,396000,Tidak,Blok B,Reguler,Menipis
PRD-80793,256,25.0,27.0,204000,Tidak,Blok C,REGULER,Backorder
PRD-77691,134,17.0,7.0,450000,Ya,Blok B,Premium,Aman
PRD-46533,63,16.0,7.0,201000,Tidak,Blok C,REGULER,Aman
PRD-20326,15,9.0,23.0,478000,Ya,Blok C,REGULER,Backorder
PRD-37313,336,5.0,17.0,292000,Tidak,Blok A, reguler ,Aman
PRD-31770,388,11.0,4.0,481000,Tidak,Blok C, reguler ,Aman
PRD-43370,469,5.0,9.0,402000,Tidak,Blok C, reguler ,Menipis
PRD-61920,56,29.0,24.0,118000,Ya,Blok B,Reguler,Backorder
PRD-67134,106,14.0,999.0,373000,Tidak,Blok B,premium ,Backorder
PRD-20828,117,46.0,25.0,266000,Tidak,Blok A, reguler ,Backorder
PRD-72320,172,38.0,27.0,328000,Ya,Blok C,premium ,Backorder
PRD-14025,36,42.0,28.0,315000,Tidak,Blok B, reguler ,Backorder
PRD-64383,341,28.0,3.0,364000,Tidak,Blok A,premium ,Menipis
PRD-44020,403,32.0,27.0,127000,Ya,Blok B,Reguler,Backorder
PRD-23500,327,26.0,18.0,403000,Tidak,Blok B,Reguler,Menipis
PRD-53361,208,6.0,4.0,300000,Tidak,Blok B,Reguler,Aman
PRD-88218,111,12.0,7.0,124000,Ya,Blok B,REGULER,Aman
PRD-68870,393,12.0,23.0,282000,Tidak,Blok B,premium ,Aman
PRD-87462,420,45.0,6.0,87000,Ya,Blok B,REGULER,Aman
PRD-18792,223,25.0,19.0,304000,Ya,Blok B, reguler ,Menipis
PRD-46613,345,15.0,6.0,481000,Tidak,Blok C,Premium,Aman
PRD-11740,351,21.0,28.0,96000,Tidak,Blok B,REGULER,Backorder
PRD-26508,154,,17.0,134000,Tidak,Blok B,premium ,Backorder
PRD-36924,83,20.0,28.0,269000,Tidak,Blok C,premium ,Backorder
PRD-26091,482,31.0,3.0,340000,Tidak,Blok B, reguler ,Aman
PRD-52712,0,17.0,28.0,497000,Tidak,Blok A, reguler ,Backorder
PRD-31427,441,6.0,12.0,294000,Tidak,Blok A,Reguler,Aman
PRD-83508,190,42.0,22.0,215000,Tidak,Blok A,Reguler,Menipis
PRD-68876,411,45.0,21.0,170000,Tidak,Blok B,Reguler,Backorder
PRD-26600,417,14.0,25.0,254000,Tidak,Blok A,Reguler,Aman
PRD-92895,244,37.0,,194000,Tidak,Blok C,premium ,Menipis
PRD-15295,276,,16.0,63000,Ya,Blok A,Reguler,Menipis
PRD-84137,190,38.0,13.0,377000,Tidak,Blok C,premium ,Aman
PRD-54999,160,44.0,21.0,383000,Ya,Blok B,Premium,Backorder
PRD-31168,196,49.0,6.0,119000,Ya,Blok A,Reguler,Aman
PRD-92971,90,33.0,,243000,Tidak,Blok B,REGULER,Backorder
PRD-97333,140,36.0,27.0,486000,Tidak,Blok A,REGULER,Backorder
PRD-71845,40,49.0,15.0,342000,Tidak,Blok B, reguler ,Backorder
PRD-68806,249,14.0,8.0,135000,Tidak,Blok C, reguler ,Aman
PRD-84944,152,29.0,29.0,92000,Tidak,Blok A, reguler ,Menipis
PRD-45046,304,7.0,13.0,394000,Tidak,Blok B,REGULER,Aman
PRD-19692,174,47.0,8.0,176000,Tidak,Blok B,Premium,Backorder
PRD-50484,5,49.0,12.0,385000,Ya,Blok B, reguler ,Backorder
PRD-45853,87,44.0,27.0,114000,Tidak,Blok B,premium ,Backorder
PRD-67378,139,16.0,16.0,194000,Tidak,Blok C, reguler ,Backorder
PRD-82254,20,1.0,10.0,72000,Tidak,Blok C, reguler ,Aman
PRD-44529,128,43.0,12.0,135000,Tidak,Blok B, reguler ,Backorder
PRD-30116,58,38.0,10.0,117000,Tidak,Blok A,premium ,Backorder
PRD-11987,32,9.0,14.0,419000,Ya,Blok C,Reguler,Backorder
PRD-38783,489,11.0,26.0,309000,Tidak,Blok C,REGULER,Aman
PRD-98150,269,40.0,999.0,82000,Tidak,Blok A,premium ,Menipis
PRD-30422,203,20.0,13.0,83000,Ya,Blok C,REGULER,Backorder
PRD-71597,493,48.0,16.0,52000,Tidak,Blok A,Reguler,Menipis
PRD-98059,146,22.0,10.0,430000,Tidak,Blok C,REGULER,Menipis
PRD-78143,360,41.0,23.0,110000,Tidak,Blok C,Reguler,Backorder
PRD-64740,465,5.0,23.0,322000,Tidak,Blok B, reguler ,Aman
PRD-52220,68,36.0,21.0,236000,Tidak,Blok A,premium ,Backorder
PRD-33576,350,32.0,7.0,240000,Tidak,Blok A,premium ,Aman
PRD-80091,37,20.0,28.0,355000,Ya,Blok C, reguler ,Backorder
PRD-22226,141,30.0,10.0,170000,Tidak,Blok B,premium ,Backorder
PRD-29623,157,19.0,10.0,305000,Ya,Blok A,premium ,Backorder
PRD-60016,350,38.0,4.0,405000,Tidak,Blok A,REGULER,Backorder
PRD-17758,55,37.0,2.0,262000,Tidak,Blok A, reguler ,Backorder
PRD-56057,318,41.0,28.0,497000,Ya,Blok C, reguler ,Backorder
PRD-99745,123,9.0,17.0,211000,Tidak,Blok C,Reguler,Backorder
PRD-35675,21,35.0,3.0,283000,Tidak,Blok C, reguler ,Menipis
PRD-79070,280,35.0,23.0,13000,Ya,Blok C,premium ,Backorder
PRD-12716,18,44.0,28.0,226000,Ya,Blok C,Reguler,Menipis
PRD-72435,355,20.0,8.0,400000,Tidak,Blok C,REGULER,Menipis
PRD-11468,36,1.0,,53000,Ya,Blok B,Premium,Menipis
PRD-24596,150,8.0,10.0,371000,Tidak,Blok A,Premium,Aman
PRD-60516,240,32.0,23.0,144000,Tidak,Blok B,REGULER,Backorder
PRD-77321,273,27.0,3.0,373000,Tidak,Blok C, reguler ,Aman
PRD-85536,369,42.0,19.0,78000,Ya,Blok B,REGULER,Backorder
PRD-67993,55,43.0,4.0,386000,Ya,Blok B,Reguler,Aman
PRD-95616,373,47.0,14.0,158000,Tidak,Blok A, reguler ,Aman
PRD-19491,462,27.0,21.0,204000,Tidak,Blok A,Premium,Menipis
PRD-79351,186,41.0,28.0,499000,Tidak,Blok B, reguler ,Backorder
PRD-67987,305,22.0,,386000,Tidak,Blok C,REGULER,Menipis
PRD-28040,338,26.0,20.0,295000,Tidak,Blok B,premium ,Backorder
PRD-69940,57,8.0,11.0,345000,Tidak,Blok C,REGULER,Aman
PRD-44550,141,4.0,13.0,152000,Tidak,Blok A,Reguler,Aman
PRD-10028,421,6.0,27.0,29000,Tidak,Blok B,Reguler,Aman
PRD-13748,110,46.0,17.0,90000,Tidak,Blok B,Premium,Aman
PRD-75131,386,48.0,6.0,32000,Ya,Blok C,REGULER,Menipis
PRD-33291,418,19.0,21.0,160000,Tidak,Blok C, reguler ,Aman
PRD-25577,130,12.0,11.0,17000,Tidak,Blok B,Premium,Aman
PRD-31274,463,22.0,21.0,358000,Tidak,Blok C,premium ,Aman
PRD-10619,293,6.0,21.0,382000,Ya,Blok B,Reguler,Aman
PRD-36502,374,7.0,29.0,324000,Ya,Blok A, reguler ,Aman
PRD-62248,445,12.0,3.0,52000,Ya,Blok A,Reguler,Aman
PRD-84520,422,36.0,10.0,321000,Tidak,Blok A,Premium,Menipis
PRD-74377,217,35.0,10.0,474000,Ya,Blok A,Reguler,Menipis
PRD-54406,177,20.0,9.0,71000,Tidak,Blok A,premium ,Aman
PRD-96339,1,4.0,6.0,218000,Tidak,Blok A, reguler ,Menipis
PRD-83402,241,23.0,4.0,225000,Tidak,Blok A, reguler ,Aman
PRD-28768,395,17.0,24.0,442000,Ya,Blok A, reguler ,Backorder
PRD-84504,2,34.0,6.0,390000,Tidak,Blok A,Reguler,Backorder
PRD-66494,281,3.0,7.0,276000,Ya,Blok C, reguler ,Aman
PRD-95013,29,9.0,7.0,267000,Ya,Blok B,Reguler,Menipis
PRD-15681,77,27.0,15.0,211000,Tidak,Blok A,Premium,Menipis
PRD-97278,279,26.0,11.0,292000,Tidak,Blok C,Reguler,Backorder
PRD-99489,372,36.0,5.0,246000,Tidak,Blok A,Reguler,Aman
PRD-43642,249,27.0,25.0,430000,Ya,Blok A,Reguler,Backorder
PRD-42016,30,,,65000,Tidak,Blok B,Reguler,Backorder
PRD-44269,325,45.0,25.0,329000,Tidak,Blok B, reguler ,Aman
PRD-40561,391,34.0,15.0,287000,Ya,Blok C,premium ,Aman
PRD-33714,91,1.0,25.0,144000,Tidak,Blok A,Premium,Aman
PRD-59262,457,35.0,12.0,59000,Tidak,Blok B,Reguler,Aman
PRD-52070,245,32.0,7.0,384000,Ya,Blok C,Reguler,Backorder
PRD-49986,312,15.0,15.0,396000,Tidak,Blok B,Reguler,Backorder
PRD-85526,304,20.0,10.0,184000,Tidak,Blok A,Premium,Menipis
PRD-94458,106,45.0,11.0,224000,Tidak,Blok A,premium ,Backorder
PRD-30581,264,39.0,27.0,418000,Tidak,Blok B,Reguler,Backorder
PRD-31514,497,10.0,,428000,Ya,Blok A,Reguler,Aman
PRD-57937,49,9.0,24.0,460000,Ya,Blok A, reguler ,Backorder
PRD-99126,367,49.0,15.0,297000,Ya,Blok A,premium ,Backorder
PRD-24559,108,43.0,13.0,139000,Tidak,Blok B,premium ,Menipis
PRD-95473,363,39.0,13.0,342000,Tidak,Blok A, reguler ,Backorder
PRD-60975,383,31.0,22.0,151000,Tidak,Blok C,Reguler,Aman
PRD-52604,394,39.0,3.0,94000,Ya,Blok A,premium ,Menipis
PRD-61001,473,19.0,20.0,150000,Ya,Blok B,REGULER,Menipis
PRD-73972,343,45.0,28.0,421000,Ya,Blok A,Reguler,Backorder
PRD-80188,272,7.0,12.0,474000,Tidak,Blok A,premium ,Aman
PRD-72551,315,19.0,23.0,422000,Tidak,Blok B,REGULER,Menipis
PRD-71899,303,39.0,,78000,Ya,Blok B,Premium,Backorder
PRD-76134,424,16.0,27.0,430000,Ya,Blok A,REGULER,Menipis
PRD-84964,318,31.0,28.0,228000,Tidak,Blok C,Reguler,Aman
PRD-27883,348,25.0,4.0,199000,Ya,Blok C, reguler ,Aman
PRD-70727,436,8.0,25.0,382000,Tidak,Blok A,Premium,Aman
PRD-28704,430,10.0,10.0,476000,Ya,Blok A, reguler ,Aman
PRD-11925,1,20.0,12.0,472000,Tidak,Blok C,Premium,Backorder
PRD-35522,154,20.0,10.0,424000,Tidak,Blok B,Premium,Backorder
PRD-24645,22,9.0,7.0,396000,Tidak,Blok A,premium ,Backorder
PRD-46187,360,36.0,25.0,292000,Tidak,Blok B, reguler ,Menipis
PRD-33429,71,27.0,11.0,478000,Tidak,Blok A,REGULER,Backorder
PRD-13722,224,43.0,12.0,271000,Tidak,Blok A,Reguler,Menipis
PRD-98406,22,24.0,3.0,120000,Ya,Blok A,REGULER,Menipis
PRD-10155,233,12.0,18.0,277000,Ya,Blok B, reguler ,Backorder
PRD-65621,64,34.0,4.0,94000,Tidak,Blok A, reguler ,Backorder
PRD-76178,477,25.0,10.0,316000,Tidak,Blok C,Premium,Menipis
PRD-19964,185,2.0,7.0,107000,Tidak,Blok A, reguler ,Aman
PRD-99439,421,46.0,27.0,298000,Tidak,Blok C,Reguler,Backorder
PRD-78975,116,41.0,16.0,150000,Ya,Blok C, reguler ,Backorder
PRD-17490,269,25.0,27.0,398000,Tidak,Blok C,Reguler,Backorder
PRD-31195,199,22.0,29.0,450000,Ya,Blok A,Reguler,Backorder
PRD-95122,96,37.0,19.0,267000,Tidak,Blok C,Reguler,Backorder
PRD-19111,32,13.0,22.0,189000,Tidak,Blok A,premium ,Backorder
PRD-64862,78,27.0,27.0,76000,Ya,Blok B,Premium,Backorder
PRD-35832,214,13.0,11.0,265000,Ya,Blok C, reguler ,Backorder
PRD-21785,376,43.0,12.0,93000,Ya,Blok C,REGULER,Backorder
PRD-99211,444,26.0,22.0,247000,Tidak,Blok C,REGULER,Backorder
PRD-85403,100,32.0,3.0,389000,Tidak,Blok A,Premium,Aman
PRD-68847,493,29.0,23.0,111000,Ya,Blok C,premium ,Backorder
PRD-51964,434,,11.0,238000,Tidak,Blok C,premium ,Menipis
PRD-29222,398,20.0,15.0,217000,Tidak,Blok C,REGULER,Backorder
PRD-82980,30,43.0,22.0,401000,Ya,Blok B,Reguler,Menipis
PRD-36149,333,23.0,7.0,193000,Tidak,Blok B,Reguler,Aman
PRD-44235,329,19.0,27.0,263000,Tidak,Blok B,Premium,Backorder
PRD-69321,438,42.0,14.0,63000,Tidak,Blok B,REGULER,Backorder
PRD-29065,155,24.0,3.0,390000,Tidak,Blok B,Reguler,Menipis
PRD-49015,318,47.0,22.0,332000,Ya,Blok B, reguler ,Backorder
PRD-42097,97,48.0,9.0,362000,Ya,Blok C,Premium,Menipis
PRD-54876,234,13.0,20.0,36000,Tidak,Blok C,premium ,Backorder
PRD-97096,270,,11.0,391000,Ya,Blok A,Premium,Backorder
PRD-85715,459,31.0,19.0,370000,Ya,Blok C, reguler ,Backorder
PRD-60022,102,43.0,14.0,225000,Tidak,Blok A,Reguler,Backorder
PRD-11381,313,,15.0,155000,Tidak,Blok B,REGULER,Menipis
PRD-96785,54,15.0,19.0,90000,Ya,Blok A,REGULER,Backorder
PRD-15965,1,1.0,,115000,Tidak,Blok A,Premium,Backorder
PRD-69884,421,22.0,23.0,384000,Tidak,Blok B,Premium,Backorder
PRD-53585,422,43.0,9.0,249000,Tidak,Blok C,Premium,Aman
PRD-66918,374,23.0,27.0,345000,Tidak,Blok A,REGULER,Backorder
PRD-66273,192,33.0,27.0,432000,Tidak,Blok B,Reguler,Backorder
PRD-31119,466,48.0,22.0,121000,Ya,Blok A,Premium,Backorder
PRD-40620,475,15.0,25.0,37000,Tidak,Blok C, reguler ,Aman
PRD-59810,8,29.0,26.0,234000,Tidak,Blok B,Reguler,Backorder
PRD-61742,423,13.0,2.0,481000,Tidak,Blok A,Reguler,Aman
PRD-15978,237,17.0,11.0,411000,Tidak,Blok A,Premium,Menipis
PRD-56365,350,43.0,16.0,64000,Ya,Blok B,REGULER,Backorder
PRD-35553,477,17.0,6.0,430000,Tidak,Blok C,REGULER,Aman
PRD-15573,211,15.0,999.0,250000,Ya,Blok C,Premium,Backorder
PRD-26932,50,26.0,12.0,178000,Tidak,Blok B,premium ,Menipis
PRD-75516,471,12.0,23.0,304000,Ya,Blok B,premium ,Aman
PRD-82377,454,42.0,999.0,175000,Tidak,Blok C,Premium,Backorder
PRD-79346,148,8.0,15.0,280000,Tidak,Blok A,Reguler,Aman
PRD-84329,60,33.0,17.0,50000,Tidak,Blok B,REGULER,Aman
PRD-53108,390,29.0,,217000,Tidak,Blok B,Premium,Aman
PRD-91121,233,44.0,27.0,288000,Ya,Blok B,premium ,Backorder
PRD-11051,491,40.0,25.0,351000,Tidak,Blok B,premium ,Backorder
PRD-74226,385,14.0,27.0,337000,Ya,Blok C, reguler ,Backorder
PRD-86154,442,42.0,27.0,281000,Ya,Blok A,Reguler,Backorder
PRD-64400,259,20.0,13.0,348000,Tidak,Blok C,premium ,Menipis
PRD-53371,222,7.0,18.0,461000,Tidak,Blok A,Premium,Aman
PRD-63554,378,37.0,9.0,489000,Tidak,Blok A, reguler ,Menipis
PRD-76169,335,13.0,16.0,37000,Tidak,Blok C,Premium,Aman
PRD-55439,331,4.0,15.0,188000,Ya,Blok B, reguler ,Aman
PRD-45854,357,26.0,22.0,493000,Tidak,Blok B,REGULER,Aman
PRD-16737,399,12.0,7.0,467000,Tidak,Blok B,Premium,Aman
PRD-82390,50,,21.0,354000,Ya,Blok A,premium ,Menipis
PRD-75898,247,25.0,22.0,284000,Tidak,Blok B,REGULER,Backorder
PRD-34503,41,45.0,29.0,463000,Tidak,Blok B,premium ,Backorder
PRD-11214,86,47.0,16.0,376000,Ya,Blok B,premium ,Backorder
PRD-16470,330,46.0,10.0,287000,Ya,Blok A,REGULER,Menipis
PRD-20985,88,29.0,22.0,293000,Ya,Blok A, reguler ,Menipis
PRD-71901,405,38.0,7.0,386000,Tidak,Blok A,Reguler,Menipis
PRD-69021,93,33.0,8.0,294000,Tidak,Blok B,Premium,Backorder
PRD-20892,62,38.0,4.0,277000,Ya,Blok B,Premium,Aman
PRD-12105,314,4.0,26.0,173000,Tidak,Blok A,Premium,Aman
PRD-77163,385,23.0,19.0,196000,Tidak,Blok B,REGULER,Menipis
PRD-14131,20,11.0,27.0,40000,Tidak,Blok A,REGULER,Aman
PRD-98529,356,9.0,26.0,331000,Tidak,Blok A,Reguler,Aman
PRD-25379,97,45.0,14.0,374000,Tidak,Blok A, reguler ,Backorder
PRD-66880,298,31.0,21.0,147000,Tidak,Blok A,REGULER,Backorder
PRD-70313,64,5.0,17.0,196000,Ya,Blok B,Premium,Backorder
PRD-72514,154,26.0,23.0,26000,Ya,Blok B, reguler ,Menipis
PRD-91662,209,46.0,18.0,300000,Tidak,Blok B,REGULER,Backorder
PRD-36844,101,29.0,7.0,180000,Ya,Blok B,Premium,Backorder
PRD-65044,253,29.0,19.0,90000,Ya,Blok A, reguler ,Backorder
PRD-87949,269,13.0,26.0,260000,Tidak,Blok A, reguler ,Menipis
PRD-36399,483,41.0,16.0,333000,Tidak,Blok B, reguler ,Backorder
PRD-22205,464,11.0,22.0,348000,Tidak,Blok B, reguler ,Aman
PRD-41958,73,32.0,7.0,64000,Tidak,Blok B,premium ,Backorder
PRD-90402,416,5.0,999.0,325000,Tidak,Blok C, reguler ,Aman
PRD-47643,269,43.0,2.0,334000,Tidak,Blok C,Reguler,Menipis
PRD-64460,274,2.0,26.0,196000,Ya,Blok B,REGULER,Aman
PRD-35939,493,7.0,,460000,Tidak,Blok B,Premium,Aman
PRD-32394,309,45.0,25.0,156000,Ya,Blok C,Premium,Backorder
PRD-15037,299,41.0,24.0,307000,Ya,Blok A,Reguler,Backorder
PRD-99360,317,15.0,19.0,310000,Ya,Blok B, reguler ,Aman
PRD-60406,497,39.0,15.0,17000,Tidak,Blok B,REGULER,Backorder
PRD-24799,408,42.0,15.0,19000,Ya,Blok C, reguler ,Backorder
PRD-12179,35,,17.0,119000,Tidak,Blok A,premium ,Backorder
PRD-17461,137,29.0,17.0,75000,Tidak,Blok C,Premium,Backorder
PRD-13093,127,48.0,18.0,341000,Tidak,Blok A,premium ,Backorder
PRD-51094,412,17.0,21.0,292000,Tidak,Blok A,Reguler,Aman
PRD-53646,364,3.0,21.0,39000,Ya,Blok A,Reguler,Aman
PRD-57003,58,10.0,20.0,147000,Ya,Blok A, reguler ,Backorder
PRD-59812,346,40.0,26.0,293000,Tidak,Blok B,REGULER,Menipis
PRD-19854,458,14.0,29.0,122000,Tidak,Blok A, reguler ,Aman
PRD-67009,494,5.0,12.0,71000,Tidak,Blok B,premium ,Aman
PRD-15424,244,,6.0,124000,Tidak,Blok A, reguler ,Aman
PRD-51632,351,41.0,9.0,253000,Tidak,Blok C,Premium,Menipis
PRD-38214,182,47.0,18.0,45000,Tidak,Blok C, reguler ,Backorder
PRD-85483,430,16.0,7.0,205000,Tidak,Blok A, reguler ,Aman
PRD-75563,59,20.0,9.0,126000,Tidak,Blok A,Premium,Menipis
PRD-62691,113,5.0,28.0,175000,Tidak,Blok B, reguler ,Menipis
PRD-82936,337,25.0,15.0,293000,Tidak,Blok B, reguler ,Aman
PRD-67649,219,45.0,19.0,447000,Tidak,Blok C,premium ,Backorder
PRD-76188,160,2.0,22.0,153000,Tidak,Blok A,REGULER,Aman
PRD-46561,331,24.0,14.0,330000,Tidak,Blok A, reguler ,Aman
PRD-70315,316,,20.0,27000,Tidak,Blok C,Premium,Backorder
PRD-46784,132,27.0,15.0,130000,Tidak,Blok A,Reguler,Backorder
PRD-36325,122,23.0,9.0,440000,Tidak,Blok B,REGULER,Backorder
PRD-88933,226,13.0,7.0,220000,Tidak,Blok B,REGULER,Menipis
PRD-43012,433,11.0,9.0,42000,Ya,Blok A,Premium,Aman
PRD-91941,475,40.0,7.0,26000,Tidak,Blok C,Reguler,Menipis
PRD-56097,88,20.0,28.0,264000,Tidak,Blok B,Premium,Menipis
PRD-27205,63,8.0,26.0,320000,Ya,Blok C,REGULER,Backorder
PRD-67654,35,38.0,28.0,375000,Tidak,Blok A,premium ,Backorder
PRD-50768,315,25.0,21.0,339000,Tidak,Blok A, reguler ,Backorder
PRD-95765,71,43.0,24.0,487000,Tidak,Blok A, reguler ,Backorder
PRD-68643,184,8.0,23.0,417000,Tidak,Blok C,REGULER,Menipis
PRD-56505,334,23.0,999.0,41000,Tidak,Blok A,Reguler,Aman
PRD-57135,61,9.0,11.0,366000,Ya,Blok B,premium ,Backorder
PRD-69894,220,20.0,11.0,316000,Tidak,Blok C,Reguler,Aman
PRD-87475,13,35.0,,348000,Tidak,Blok A,REGULER,Backorder
PRD-83779,301,22.0,15.0,63000,Tidak,Blok A,premium ,Menipis
PRD-33199,447,25.0,9.0,297000,Ya,Blok B,premium ,Aman
PRD-84142,441,37.0,15.0,238000,Ya,Blok A, reguler ,Aman
PRD-11055,373,44.0,23.0,239000,Tidak,Blok B,Premium,Backorder
PRD-69875,176,18.0,13.0,166000,Tidak,Blok A,Premium,Menipis
PRD-43798,181,25.0,8.0,436000,Tidak,Blok C, reguler ,Backorder
PRD-50818,340,37.0,9.0,237000,Tidak,Blok B,Premium,Menipis
PRD-34042,354,31.0,4.0,178000,Tidak,Blok C,REGULER,Aman
PRD-69664,188,12.0,25.0,14000,Ya,Blok A,premium ,Backorder
PRD-10769,184,44.0,10.0,211000,Tidak,Blok C, reguler ,Backorder
PRD-51786,205,35.0,,290000,Tidak,Blok B,Reguler,Backorder
PRD-55991,64,41.0,,288000,Tidak,Blok B,REGULER,Backorder
PRD-78921,499,42.0,18.0,415000,Tidak,Blok B,Reguler,Backorder
PRD-80194,95,38.0,27.0,352000,Ya,Blok A, reguler ,Backorder
PRD-33946,409,21.0,18.0,463000,Tidak,Blok A,Premium,Aman
PRD-48285,102,45.0,25.0,198000,Tidak,Blok C,REGULER,Backorder
PRD-88645,54,45.0,16.0,158000,Tidak,Blok A,Reguler,Backorder
PRD-75908,427,,27.0,241000,Tidak,Blok C,REGULER,Backorder
PRD-38835,279,2.0,17.0,179000,Ya,Blok B,Premium,Aman
PRD-46208,238,20.0,21.0,347000,Tidak,Blok C, reguler ,Backorder
PRD-80463,129,30.0,16.0,392000,Tidak,Blok C,Reguler,Backorder
PRD-87924,479,8.0,14.0,263000,Tidak,Blok C,Reguler,Aman
PRD-55236,245,11.0,7.0,407000,Tidak,Blok A,premium ,Aman
PRD-83177,76,49.0,,337000,Tidak,Blok B,Reguler,Aman
PRD-29063,129,49.0,20.0,305000,Tidak,Blok A,REGULER,Backorder
PRD-85582,246,24.0,5.0,98000,Ya,Blok B,Premium,Aman
PRD-65296,75,8.0,3.0,348000,Tidak,Blok C,REGULER,Aman
PRD-74182,374,25.0,6.0,12000,Tidak,Blok A,REGULER,Aman
PRD-41351,396,,2.0,325000,Tidak,Blok B, reguler ,Aman
PRD-71360,116,4.0,10.0,86000,Tidak,Blok A,premium ,Aman
PRD-98199,151,21.0,25.0,296000,Ya,Blok B,premium ,Backorder
PRD-54769,181,29.0,3.0,78000,Ya,Blok A, reguler ,Menipis
PRD-34188,263,11.0,12.0,182000,Tidak,Blok A,REGULER,Menipis
PRD-56336,360,37.0,17.0,362000,Tidak,Blok A,REGULER,Backorder
PRD-19777,357,33.0,10.0,182000,Tidak,Blok C,premium ,Aman
PRD-46059,457,17.0,24.0,157000,Ya,Blok A,Premium,Aman
PRD-90765,427,36.0,12.0,484000,Tidak,Blok B,Premium,Menipis
PRD-53665,272,18.0,21.0,310000,Ya,Blok B,Reguler,Menipis
PRD-61012,0,46.0,28.0,421000,Tidak,Blok C,REGULER,Backorder
PRD-99399,70,26.0,16.0,167000,Tidak,Blok A,Reguler,Menipis
PRD-41110,277,48.0,5.0,95000,Tidak,Blok A,premium ,Menipis
PRD-53284,427,4.0,17.0,43000,Ya,Blok C,Reguler,Aman
PRD-46176,433,36.0,20.0,330000,Tidak,Blok C, reguler ,Backorder
PRD-19837,155,29.0,15.0,326000,Tidak,Blok A,Reguler,Menipis
PRD-91423,3,8.0,7.0,384000,Tidak,Blok B,Reguler,Backorder
PRD-18605,87,43.0,11.0,24000,Tidak,Blok A,premium ,Backorder
PRD-45595,282,22.0,7.0,380000,Ya,Blok C,premium ,Backorder
PRD-22755,54,35.0,8.0,472000,Tidak,Blok C,REGULER,Menipis
PRD-26453,416,29.0,28.0,394000,Tidak,Blok B,Reguler,Backorder
PRD-14700,415,13.0,10.0,78000,Ya,Blok B, reguler ,Aman
PRD-48575,71,11.0,13.0,367000,Tidak,Blok C,premium ,Backorder
PRD-64238,143,47.0,17.0,465000,Tidak,Blok A,Premium,Backorder
PRD-80442,245,1.0,27.0,11000,Ya,Blok A,REGULER,Aman
PRD-93609,97,25.0,13.0,236000,Ya,Blok A, reguler ,Menipis
PRD-96652,265,1.0,7.0,451000,Ya,Blok B, reguler ,Aman
PRD-25339,471,47.0,999.0,421000,Ya,Blok B,Reguler,Aman
PRD-13969,326,,23.0,167000,Tidak,Blok C,premium ,Backorder
PRD-96120,8,17.0,5.0,310000,Ya,Blok A,premium ,Backorder
PRD-16475,254,43.0,28.0,173000,Tidak,Blok A,premium ,Aman
PRD-98241,326,31.0,19.0,318000,Tidak,Blok A,Premium,Backorder
PRD-61468,406,20.0,21.0,222000,Tidak,Blok A,Reguler,Backorder
PRD-10395,240,37.0,24.0,393000,Ya,Blok B,REGULER,Backorder
PRD-87219,450,2.0,27.0,132000,Tidak,Blok A,Reguler,Aman
PRD-71957,430,45.0,10.0,404000,Ya,Blok A,premium ,Menipis
PRD-11435,150,1.0,25.0,285000,Tidak,Blok B, reguler ,Menipis
PRD-73965,84,16.0,6.0,105000,Tidak,Blok C,REGULER,Menipis
PRD-44722,326,32.0,3.0,495000,Tidak,Blok B, reguler ,Aman
PRD-82055,68,18.0,18.0,111000,Tidak,Blok B,Premium,Backorder
PRD-79669,350,2.0,24.0,442000,Tidak,Blok C,Premium,Aman
PRD-34058,14,3.0,28.0,435000,Tidak,Blok B,REGULER,Backorder
PRD-53326,446,41.0,15.0,316000,Tidak,Blok A,REGULER,Backorder
PRD-65659,255,43.0,6.0,56000,Tidak,Blok A,REGULER,Backorder
PRD-43757,411,21.0,11.0,404000,Ya,Blok A,premium ,Aman
PRD-34466,16,20.0,15.0,185000,Tidak,Blok B, reguler ,Backorder
PRD-54387,46,33.0,26.0,75000,Tidak,Blok C,premium ,Backorder
PRD-86382,324,24.0,17.0,471000,Tidak,Blok B,REGULER,Backorder
PRD-23305,453,39.0,16.0,21000,Ya,Blok B,Reguler,Aman
PRD-64933,142,23.0,6.0,16000,Tidak,Blok C, reguler ,Backorder
PRD-15302,81,44.0,23.0,153000,Ya,Blok A,Premium,Backorder
PRD-23233,286,37.0,8.0,339000,Tidak,Blok B,REGULER,Aman
PRD-41390,278,20.0,24.0,481000,Tidak,Blok A,REGULER,Backorder
PRD-38016,358,26.0,21.0,242000,Tidak,Blok C, reguler ,Backorder
PRD-74450,270,18.0,28.0,255000,Tidak,Blok C,REGULER,Backorder
PRD-36651,394,28.0,17.0,290000,Ya,Blok C,Reguler,Backorder
PRD-98177,455,12.0,17.0,416000,Ya,Blok B,REGULER,Aman
PRD-12486,70,4.0,11.0,402000,Tidak,Blok A, reguler ,Aman
PRD-23753,114,21.0,7.0,350000,Ya,Blok B,Premium,Aman
PRD-84711,400,38.0,7.0,37000,Tidak,Blok A, reguler ,Menipis
PRD-65016,166,47.0,23.0,181000,Tidak,Blok B,Reguler,Backorder
PRD-65284,126,44.0,4.0,30000,Tidak,Blok A,REGULER,Menipis
PRD-50222,3,35.0,26.0,164000,Tidak,Blok C, reguler ,Backorder
PRD-87189,465,11.0,13.0,327000,Ya,Blok C, reguler ,Aman
PRD-54331,346,1.0,4.0,455000,Ya,Blok B,premium ,Aman
PRD-92768,227,,2.0,480000,Tidak,Blok A,Premium,Aman
PRD-58348,142,47.0,20.0,164000,Ya,Blok B,premium ,Backorder
PRD-87241,274,36.0,17.0,39000,Tidak,Blok A,REGULER,Aman
PRD-93137,4,40.0,3.0,159000,Tidak,Blok B,REGULER,Backorder
PRD-20983,237,22.0,,33000,Ya,Blok B,Premium,Menipis
PRD-65690,189,36.0,12.0,427000,Ya,Blok C, reguler ,Backorder
PRD-96704,319,48.0,13.0,392000,Tidak,Blok A,premium ,Backorder
PRD-99049,48,20.0,19.0,59000,Tidak,Blok C,Premium,Backorder
PRD-40750,359,16.0,999.0,14000,Tidak,Blok A,premium ,Aman
PRD-47040,403,43.0,16.0,226000,Tidak,Blok A,REGULER,Backorder
PRD-62055,153,,19.0,127000,Ya,Blok A,Reguler,Aman
PRD-37128,122,8.0,5.0,440000,Tidak,Blok A,Reguler,Aman
PRD-95781,153,30.0,27.0,431000,Tidak,Blok C,REGULER,Backorder
PRD-54653,208,37.0,23.0,403000,Ya,Blok A,Reguler,Backorder
PRD-49426,27,41.0,5.0,379000,Tidak,Blok B,Reguler,Backorder
PRD-23682,250,27.0,12.0,358000,Ya,Blok C,Reguler,Backorder
PRD-34509,80,42.0,11.0,286000,Tidak,Blok A, reguler ,Backorder
PRD-26191,172,19.0,5.0,438000,Tidak,Blok A,Reguler,Aman
PRD-85569,35,7.0,21.0,262000,Tidak,Blok A,Premium,Menipis
PRD-90077,330,39.0,23.0,488000,Tidak,Blok A,Reguler,Backorder
PRD-44542,113,9.0,7.0,266000,Tidak,Blok B,Premium,Backorder
PRD-46021,205,35.0,29.0,50000,Ya,Blok B, reguler ,Backorder
PRD-14239,432,35.0,23.0,397000,Tidak,Blok C, reguler ,Backorder
PRD-82715,356,,20.0,393000,Tidak,Blok A, reguler ,Menipis
PRD-87199,224,24.0,17.0,188000,Tidak,Blok A,Reguler,Backorder
PRD-37304,464,7.0,12.0,61000,Tidak,Blok A,Reguler,Aman
PRD-16638,227,44.0,18.0,147000,Tidak,Blok B,Premium,Backorder
PRD-26692,94,5.0,28.0,208000,Tidak,Blok B,premium ,Backorder
PRD-83230,117,19.0,11.0,223000,Tidak,Blok A,Premium,Backorder
PRD-55525,59,35.0,28.0,204000,Ya,Blok B,premium ,Aman
PRD-92190,497,8.0,23.0,236000,Tidak,Blok B,premium ,Aman
PRD-53032,368,22.0,26.0,256000,Ya,Blok A,Premium,Backorder
PRD-71135,202,7.0,28.0,25000,Tidak,Blok C,Reguler,Menipis
PRD-52845,125,31.0,22.0,251000,Tidak,Blok B, reguler ,Backorder
PRD-70303,87,41.0,27.0,11000,Tidak,Blok C, reguler ,Backorder
PRD-78011,142,27.0,14.0,399000,Ya,Blok C,premium ,Menipis
PRD-56501,77,16.0,25.0,82000,Ya,Blok A,Reguler,Backorder
PRD-11587,134,15.0,25.0,336000,Tidak,Blok C,Reguler,Backorder
PRD-18998,441,23.0,6.0,254000,Tidak,Blok C,Reguler,Aman
PRD-59316,76,21.0,24.0,19000,Tidak,Blok A,Premium,Backorder
PRD-88301,178,13.0,,260000,Ya,Blok C,premium ,Aman
PRD-34111,256,24.0,29.0,159000,Ya,Blok A,Reguler,Backorder
PRD-14437,241,31.0,8.0,398000,Tidak,Blok C,Reguler,Backorder
PRD-42873,34,40.0,10.0,242000,Tidak,Blok B, reguler ,Backorder
PRD-41980,389,14.0,25.0,468000,Ya,Blok C,REGULER,Backorder
PRD-49159,97,20.0,18.0,382000,Ya,Blok B,premium ,Menipis
PRD-74757,250,3.0,20.0,14000,Ya,Blok B,Reguler,Aman
PRD-29622,473,15.0,13.0,176000,Tidak,Blok B,REGULER,Menipis
PRD-29094,230,47.0,6.0,334000,Ya,Blok B,Reguler,Menipis
PRD-86018,159,9.0,8.0,219000,Tidak,Blok B,Premium,Aman
PRD-20223,388,,7.0,428000,Tidak,Blok C, reguler ,Aman
PRD-37302,394,28.0,16.0,411000,Tidak,Blok A,Reguler,Backorder
PRD-79468,267,12.0,8.0,273000,Tidak,Blok B,REGULER,Aman
PRD-87576,451,24.0,18.0,497000,Tidak,Blok B,Premium,Backorder
PRD-92805,148,12.0,8.0,257000,Ya,Blok C, reguler ,Menipis
PRD-88672,286,19.0,4.0,416000,Ya,Blok C, reguler ,Menipis
PRD-57650,48,24.0,6.0,132000,Tidak,Blok C,Premium,Backorder
PRD-86721,174,22.0,3.0,301000,Tidak,Blok A,REGULER,Menipis
PRD-80533,408,49.0,9.0,327000,Ya,Blok C,Premium,Menipis
PRD-37885,119,47.0,23.0,89000,Tidak,Blok C,Premium,Backorder
PRD-11961,207,7.0,9.0,33000,Ya,Blok B,Premium,Aman
PRD-91818,353,28.0,8.0,422000,Tidak,Blok C,Premium,Aman
PRD-54602,238,4.0,13.0,268000,Tidak,Blok B,premium ,Aman
PRD-35500,291,29.0,27.0,209000,Tidak,Blok C,premium ,Backorder
PRD-76203,192,5.0,14.0,70000,Ya,Blok B, reguler ,Aman
PRD-11831,155,33.0,4.0,281000,Tidak,Blok B,Reguler,Backorder
PRD-41624,196,,25.0,116000,Tidak,Blok B, reguler ,Backorder
PRD-19045,76,24.0,22.0,351000,Tidak,Blok B,premium ,Backorder
PRD-45436,0,14.0,26.0,98000,Tidak,Blok C,Premium,Backorder
PRD-45517,366,32.0,12.0,85000,Tidak,Blok A,premium ,Menipis
PRD-49823,336,42.0,4.0,140000,Tidak,Blok C,REGULER,Aman
PRD-34578,279,12.0,19.0,130000,Tidak,Blok C,premium ,Aman
PRD-46598,213,6.0,16.0,152000,Ya,Blok B,premium ,Menipis
PRD-96332,132,37.0,4.0,269000,Tidak,Blok C,REGULER,Menipis
PRD-62576,258,11.0,14.0,232000,Tidak,Blok C,Reguler,Aman
PRD-27718,198,49.0,9.0,262000,Tidak,Blok A,premium ,Aman
PRD-60085,287,38.0,18.0,358000,Tidak,Blok B,Premium,Backorder
PRD-45946,37,38.0,16.0,140000,Tidak,Blok C, reguler ,Backorder
PRD-75034,313,3.0,13.0,367000,Tidak,Blok A,Reguler,Aman
PRD-48262,206,33.0,25.0,390000,Ya,Blok A,Premium,Menipis
PRD-40791,385,21.0,2.0,128000,Tidak,Blok A, reguler ,Aman
PRD-97421,24,1.0,12.0,49000,Tidak,Blok A, reguler ,Aman
PRD-46282,435,15.0,28.0,382000,Tidak,Blok C,Reguler,Aman
PRD-87470,312,,,481000,Tidak,Blok A,Reguler,Backorder
PRD-25439,486,21.0,19.0,44000,Tidak,Blok B,premium ,Aman
PRD-58738,339,47.0,14.0,395000,Ya,Blok A,Premium,Backorder
PRD-47570,340,15.0,10.0,257000,Tidak,Blok B,Premium,Aman
PRD-98844,492,39.0,25.0,173000,Tidak,Blok B,Reguler,Backorder
PRD-63747,157,16.0,28.0,170000,Ya,Blok B,Premium,Backorder
PRD-51328,25,,24.0,417000,Tidak,Blok A,Premium,Backorder
PRD-68531,250,24.0,26.0,132000,Ya,Blok B,Premium,Backorder
PRD-21419,450,48.0,20.0,396000,Tidak,Blok A,premium ,Backorder
PRD-79445,273,33.0,17.0,75000,Tidak,Blok A,Reguler,Backorder
PRD-34574,77,14.0,15.0,266000,Tidak,Blok C,premium ,Menipis
PRD-62992,58,9.0,,354000,Tidak,Blok A,REGULER,Backorder
PRD-84466,157,9.0,28.0,138000,Tidak,Blok B,REGULER,Backorder
PRD-61027,76,12.0,21.0,417000,Tidak,Blok A,REGULER,Backorder
PRD-80313,235,42.0,28.0,396000,Tidak,Blok B,Premium,Backorder
PRD-26911,172,36.0,27.0,20000,Tidak,Blok A,REGULER,Backorder
PRD-16749,152,45.0,15.0,421000,Ya,Blok C, reguler ,Backorder
PRD-97896,10,25.0,25.0,177000,Tidak,Blok A,Premium,Backorder
PRD-69872,228,2.0,24.0,184000,Tidak,Blok C,Reguler,Aman
PRD-76033,27,47.0,19.0,318000,Tidak,Blok B,Premium,Backorder
PRD-91554,76,5.0,16.0,221000,Tidak,Blok B,premium ,Menipis
PRD-43997,442,40.0,4.0,335000,Tidak,Blok B,premium ,Menipis
PRD-29029,251,42.0,29.0,453000,Tidak,Blok B, reguler ,Backorder
PRD-34071,320,38.0,20.0,314000,Ya,Blok B,REGULER,Backorder
PRD-81327,77,29.0,7.0,267000,Tidak,Blok B,premium ,Backorder
PRD-16254,60,,28.0,475000,Ya,Blok A, reguler ,Backorder
PRD-80587,371,43.0,29.0,25000,Tidak,Blok B,REGULER,Backorder
PRD-95679,362,15.0,6.0,213000,Tidak,Blok C,Reguler,Aman
PRD-21772,482,6.0,19.0,309000,Ya,Blok B,Premium,Aman
PRD-88545,189,44.0,28.0,128000,Tidak,Blok C,premium ,Backorder
PRD-47567,261,35.0,13.0,23000,Ya,Blok C,Reguler,Backorder
PRD-52000,352,30.0,16.0,146000,Ya,Blok C,REGULER,Backorder
PRD-53370,412,,21.0,31000,Ya,Blok B,premium ,Backorder
PRD-32821,59,23.0,13.0,390000,Tidak,Blok B,premium ,Backorder
PRD-84233,169,34.0,9.0,78000,Tidak,Blok C,Premium,Backorder
PRD-19460,146,1.0,12.0,120000,Tidak,Blok B,premium ,Aman
PRD-78470,218,44.0,18.0,227000,Ya,Blok B,Reguler,Backorder
PRD-95667,329,21.0,11.0,42000,Tidak,Blok C,Reguler,Menipis
PRD-90141,415,47.0,4.0,459000,Tidak,Blok A,Premium,Menipis
PRD-71396,188,47.0,26.0,91000,Tidak,Blok C,REGULER,Backorder
PRD-57403,484,45.0,16.0,211000,Ya,Blok C,Premium,Menipis
PRD-11301,481,20.0,2.0,368000,Tidak,Blok B, reguler ,Aman
PRD-39475,420,3.0,3.0,113000,Tidak,Blok B, reguler ,Aman
PRD-58432,307,31.0,15.0,182000,Tidak,Blok B,Reguler,Backorder
PRD-25858,392,19.0,4.0,374000,Tidak,Blok B,Reguler,Aman
PRD-12461,429,,25.0,64000,Tidak,Blok A,Reguler,Backorder
PRD-41815,94,27.0,17.0,472000,Tidak,Blok A,Reguler,Backorder
PRD-55097,118,35.0,7.0,63000,Tidak,Blok A,premium ,Aman
PRD-92522,111,42.0,29.0,417000,Ya,Blok C,Reguler,Menipis
PRD-44314,146,5.0,23.0,255000,Tidak,Blok B,Premium,Aman
PRD-93666,449,9.0,4.0,295000,Tidak,Blok B,Reguler,Aman
PRD-82379,53,41.0,13.0,12000,Tidak,Blok A,premium ,Backorder
PRD-30609,261,12.0,2.0,413000,Tidak,Blok A,Reguler,Aman
PRD-94719,18,1.0,16.0,257000,Tidak,Blok A,Premium,Aman
PRD-66115,205,3.0,6.0,63000,Ya,Blok C,Premium,Aman
PRD-17273,74,24.0,8.0,329000,Tidak,Blok A, reguler ,Menipis
PRD-80601,326,26.0,29.0,350000,Tidak,Blok A,Premium,Menipis
PRD-30953,305,48.0,28.0,115000,Ya,Blok B,Premium,Menipis
PRD-81229,291,18.0,3.0,115000,Ya,Blok B,premium ,Aman
PRD-52092,212,27.0,26.0,493000,Tidak,Blok A,Reguler,Aman
PRD-55499,253,40.0,27.0,431000,Tidak,Blok B,premium ,Backorder
PRD-41533,462,47.0,12.0,425000,Tidak,Blok C,Premium,Menipis
PRD-57322,469,36.0,19.0,300000,Tidak,Blok A, reguler ,Backorder
PRD-30384,220,49.0,,351000,Tidak,Blok B,REGULER,Menipis
PRD-46160,42,43.0,8.0,447000,Tidak,Blok A,Premium,Backorder
PRD-85880,338,3.0,7.0,127000,Tidak,Blok C,Premium,Aman
PRD-86860,420,18.0,999.0,280000,Tidak,Blok C,Reguler,Aman
PRD-12176,449,14.0,12.0,36000,Tidak,Blok A,Premium,Aman
PRD-75776,202,24.0,12.0,20000,Tidak,Blok A,REGULER,Menipis
PRD-22121,474,43.0,20.0,263000,Tidak,Blok C,REGULER,Backorder
PRD-66889,435,29.0,16.0,409000,Tidak,Blok B,premium ,Menipis
PRD-35613,163,27.0,29.0,281000,Ya,Blok C,premium ,Backorder
PRD-13009,271,31.0,8.0,356000,Tidak,Blok A, reguler ,Aman
PRD-85039,463,29.0,14.0,78000,Tidak,Blok C,premium ,Aman
PRD-63352,189,13.0,29.0,400000,Tidak,Blok B, reguler ,Backorder
PRD-35568,161,22.0,9.0,352000,Tidak,Blok B,Premium,Aman
PRD-41250,165,43.0,6.0,178000,Ya,Blok B,Reguler,Menipis
PRD-44493,185,35.0,10.0,193000,Tidak,Blok C,premium ,Menipis
PRD-84451,26,29.0,26.0,365000,Ya,Blok C, reguler ,Backorder
PRD-73230,406,9.0,29.0,219000,Tidak,Blok C, reguler ,Aman
PRD-55246,192,21.0,28.0,483000,Tidak,Blok A,REGULER,Backorder
PRD-38000,146,43.0,2.0,468000,Tidak,Blok A,Reguler,Aman
PRD-76151,164,39.0,15.0,38000,Ya,Blok B,premium ,Backorder
PRD-93763,255,22.0,26.0,323000,Ya,Blok A,premium ,Backorder
PRD-85992,57,15.0,11.0,265000,Tidak,Blok B,REGULER,Backorder
PRD-44754,2,32.0,21.0,354000,Tidak,Blok C,Reguler,Backorder
PRD-77619,27,31.0,26.0,315000,Tidak,Blok C,Premium,Backorder
PRD-75697,286,7.0,23.0,423000,Ya,Blok C,Premium,Aman
PRD-15322,66,49.0,17.0,288000,Tidak,Blok B,premium ,Backorder
PRD-72619,448,23.0,25.0,302000,Tidak,Blok A,premium ,Backorder
PRD-99743,490,15.0,6.0,386000,Ya,Blok B,premium ,Aman
PRD-29881,77,46.0,13.0,106000,Tidak,Blok B,REGULER,Backorder
PRD-89980,292,44.0,16.0,48000,Tidak,Blok A,REGULER,Backorder
PRD-17869,66,38.0,21.0,184000,Tidak,Blok A, reguler ,Backorder
PRD-46041,315,10.0,13.0,226000,Tidak,Blok A, reguler ,Menipis
PRD-47383,21,3.0,24.0,27000,Tidak,Blok A, reguler ,Backorder
PRD-36619,63,28.0,25.0,33000,Tidak,Blok B,Reguler,Backorder
PRD-10364,172,13.0,,388000,Tidak,Blok B,premium ,Aman
PRD-58542,339,24.0,4.0,472000,Ya,Blok A, reguler ,Menipis
PRD-60227,362,34.0,12.0,483000,Tidak,Blok B, reguler ,Backorder
PRD-75794,23,49.0,23.0,161000,Tidak,Blok A,REGULER,Aman
PRD-16645,94,8.0,16.0,97000,Ya,Blok B, reguler ,Backorder
PRD-12466,474,22.0,999.0,279000,Tidak,Blok C,Premium,Aman
PRD-82590,299,36.0,19.0,242000,Tidak,Blok B, reguler ,Menipis
PRD-53626,222,37.0,25.0,295000,Tidak,Blok B,premium ,Menipis
PRD-61934,497,26.0,999.0,47000,Ya,Blok B,premium ,Aman
PRD-13346,353,40.0,16.0,34000,Tidak,Blok B,Reguler,Backorder
PRD-41707,499,43.0,7.0,45000,Tidak,Blok C,Premium,Menipis
PRD-94045,415,12.0,6.0,218000,Tidak,Blok A,Reguler,Menipis
PRD-93008,0,34.0,27.0,139000,Tidak,Blok C,premium ,Backorder
PRD-86256,392,43.0,6.0,313000,Tidak,Blok A,Premium,Menipis
PRD-87403,245,30.0,26.0,417000,Tidak,Blok C, reguler ,Backorder
PRD-37528,178,33.0,3.0,447000,Ya,Blok A,Premium,Aman
PRD-28522,87,22.0,22.0,133000,Tidak,Blok A, reguler ,Backorder
PRD-73869,115,35.0,28.0,357000,Ya,Blok A, reguler ,Menipis
PRD-93104,391,12.0,21.0,261000,Ya,Blok A,premium ,Aman
PRD-39227,19,19.0,13.0,48000,Tidak,Blok B,premium ,Aman
PRD-24035,81,14.0,20.0,218000,Tidak,Blok B,premium ,Backorder
PRD-10126,44,28.0,2.0,228000,Tidak,Blok C, reguler ,Menipis
PRD-93591,187,18.0,18.0,488000,Ya,Blok A,Premium,Menipis
PRD-18666,365,12.0,14.0,247000,Ya,Blok A,REGULER,Aman
PRD-62428,135,14.0,29.0,393000,Tidak,Blok C,Reguler,Backorder
PRD-73059,456,41.0,24.0,268000,Tidak,Blok B,REGULER,Backorder
PRD-21218,306,32.0,,328000,Tidak,Blok C, reguler ,Backorder
PRD-65835,388,16.0,14.0,332000,Tidak,Blok A, reguler ,Backorder
PRD-42535,143,39.0,19.0,12000,Ya,Blok B,premium ,Menipis
PRD-28105,59,44.0,12.0,449000,Tidak,Blok C,premium ,Menipis
PRD-60355,135,,26.0,118000,Tidak,Blok C,premium ,Backorder
PRD-70231,432,2.0,999.0,183000,Ya,Blok B, reguler ,Menipis
PRD-75066,175,32.0,14.0,493000,Tidak,Blok C,Reguler,Backorder
PRD-19752,493,10.0,29.0,179000,Tidak,Blok B,Premium,Aman
PRD-77293,120,48.0,11.0,106000,Tidak,Blok A, reguler ,Backorder
PRD-60448,40,31.0,9.0,443000,Tidak,Blok A,REGULER,Backorder
PRD-58365,54,37.0,7.0,279000,Ya,Blok C,Reguler,Backorder
PRD-75642,306,34.0,18.0,53000,Ya,Blok C,Reguler,Backorder
PRD-86213,229,16.0,17.0,156000,Tidak,Blok A,REGULER,Backorder
PRD-28690,468,29.0,29.0,364000,Tidak,Blok A,REGULER,Aman
PRD-39250,414,26.0,,226000,Ya,Blok B,REGULER,Menipis
PRD-10495,297,15.0,4.0,150000,Tidak,Blok B, reguler ,Aman
PRD-73308,45,30.0,2.0,232000,Ya,Blok B, reguler ,Menipis
PRD-88816,202,44.0,8.0,391000,Tidak,Blok B,REGULER,Backorder
PRD-68535,405,37.0,12.0,227000,Tidak,Blok B,premium ,Menipis
PRD-47190,301,39.0,999.0,273000,Ya,Blok B, reguler ,Aman
PRD-43365,279,15.0,14.0,318000,Ya,Blok B,premium ,Menipis
PRD-31792,464,39.0,4.0,30000,Tidak,Blok A,premium ,Aman
PRD-89232,207,36.0,4.0,155000,Ya,Blok C,REGULER,Aman
PRD-33052,206,20.0,23.0,350000,Ya,Blok B,Premium,Backorder
PRD-71365,264,14.0,14.0,154000,Tidak,Blok B,Premium,Aman
PRD-34502,335,40.0,17.0,266000,Ya,Blok A,Premium,Backorder
PRD-52676,1,19.0,9.0,191000,Tidak,Blok C,premium ,Backorder
PRD-62664,111,46.0,3.0,321000,Tidak,Blok C,Premium,Backorder
PRD-24915,140,36.0,14.0,83000,Tidak,Blok A,REGULER,Backorder
PRD-56936,399,9.0,6.0,318000,Tidak,Blok A,premium ,Aman
PRD-60906,168,38.0,14.0,487000,Tidak,Blok A,premium ,Backorder
PRD-93100,401,13.0,10.0,458000,Tidak,Blok B,REGULER,Aman
PRD-56996,193,20.0,14.0,148000,Ya,Blok B,REGULER,Backorder
PRD-98757,372,25.0,21.0,146000,Ya,Blok B,REGULER,Menipis
PRD-24779,86,49.0,17.0,111000,Tidak,Blok B,premium ,Backorder
PRD-69720,101,29.0,15.0,201000,Tidak,Blok A,premium ,Backorder
PRD-58282,133,27.0,16.0,248000,Tidak,Blok B, reguler ,Menipis
PRD-78828,162,35.0,6.0,454000,Tidak,Blok A, reguler ,Menipis
PRD-28051,330,32.0,12.0,38000,Ya,Blok C,Reguler,Aman
PRD-55784,138,49.0,2.0,204000,Ya,Blok C,REGULER,Menipis
PRD-55607,11,43.0,999.0,163000,Tidak,Blok C,Premium,Backorder
PRD-53954,219,13.0,3.0,279000,Tidak,Blok A,Reguler,Aman
PRD-53129,381,49.0,23.0,233000,Tidak,Blok C,premium ,Backorder
PRD-19108,9,37.0,3.0,120000,Tidak,Blok C,REGULER,Backorder
PRD-83616,379,22.0,26.0,484000,Ya,Blok A, reguler ,Menipis
PRD-41778,485,13.0,23.0,494000,Ya,Blok B,premium ,Aman
PRD-94585,227,8.0,18.0,86000,Tidak,Blok C,premium ,Menipis
PRD-16937,145,20.0,28.0,128000,Tidak,Blok C,Reguler,Backorder
PRD-85700,23,19.0,3.0,130000,Tidak,Blok B,REGULER,Backorder
PRD-65220,68,46.0,18.0,67000,Ya,Blok B,premium ,Backorder
PRD-73138,176,,12.0,97000,Ya,Blok A, reguler ,Menipis
PRD-22196,101,48.0,18.0,311000,Tidak,Blok A,REGULER,Backorder
PRD-24175,122,49.0,13.0,55000,Ya,Blok A,Premium,Menipis
PRD-95166,356,40.0,26.0,50000,Tidak,Blok B,Premium,Backorder
PRD-79087,90,,27.0,390000,Tidak,Blok C,premium ,Aman
PRD-65106,223,9.0,7.0,184000,Tidak,Blok C,Reguler,Aman
PRD-42174,329,19.0,2.0,60000,Tidak,Blok A, reguler ,Menipis
PRD-44349,143,,4.0,317000,Ya,Blok B,Reguler,Menipis
PRD-17919,58,11.0,15.0,304000,Tidak,Blok C, reguler ,Menipis
PRD-12963,322,34.0,22.0,226000,Tidak,Blok B,REGULER,Menipis
PRD-32706,59,19.0,13.0,162000,Tidak,Blok B,premium ,Menipis
PRD-61991,195,10.0,28.0,257000,Ya,Blok C,Reguler,Backorder
PRD-24758,133,,2.0,319000,Tidak,Blok A,Premium,Menipis
PRD-39362,154,6.0,11.0,417000,Tidak,Blok C,REGULER,Menipis
PRD-92870,337,24.0,29.0,328000,Ya,Blok C,premium ,Backorder
PRD-85542,123,10.0,2.0,436000,Ya,Blok A,REGULER,Aman
PRD-55270,492,42.0,9.0,344000,Tidak,Blok B,Premium,Aman
PRD-48826,446,45.0,9.0,83000,Tidak,Blok A,premium ,Backorder
PRD-28781,459,42.0,18.0,198000,Tidak,Blok C,Premium,Menipis
PRD-44579,54,8.0,3.0,117000,Tidak,Blok C,Reguler,Menipis
PRD-40104,121,22.0,19.0,132000,Tidak,Blok A,premium ,Backorder
PRD-65698,327,10.0,18.0,176000,Tidak,Blok C,Reguler,Aman
PRD-77005,45,13.0,20.0,289000,Tidak,Blok B,premium ,Backorder
PRD-62375,458,49.0,4.0,274000,Ya,Blok A,premium ,Aman
PRD-68279,154,41.0,29.0,363000,Ya,Blok B,premium ,Backorder
PRD-41996,234,14.0,18.0,372000,Ya,Blok B,Reguler,Backorder
PRD-56092,3,27.0,23.0,499000,Tidak,Blok C,Reguler,Backorder
PRD-61112,339,22.0,14.0,432000,Tidak,Blok C,REGULER,Aman
PRD-73400,319,11.0,2.0,90000,Ya,Blok B,Reguler,Aman
PRD-87947,116,17.0,11.0,123000,Ya,Blok A,premium ,Menipis
PRD-94739,246,3.0,2.0,260000,Tidak,Blok B,premium ,Menipis
PRD-48709,172,12.0,27.0,288000,Ya,Blok B, reguler ,Menipis
PRD-21292,141,38.0,10.0,234000,Tidak,Blok B,Reguler,Backorder
PRD-69383,305,11.0,22.0,241000,Tidak,Blok C, reguler ,Menipis
PRD-75609,0,48.0,14.0,480000,Tidak,Blok B, reguler ,Backorder
PRD-62799,364,38.0,5.0,154000,Tidak,Blok A,premium ,Menipis
PRD-74925,418,31.0,23.0,339000,Ya,Blok B,REGULER,Backorder
PRD-68268,157,29.0,5.0,232000,Ya,Blok C,REGULER,Menipis
PRD-61153,109,47.0,,360000,Tidak,Blok B,Premium,Backorder
PRD-79000,183,35.0,999.0,345000,Tidak,Blok C,premium ,Aman
PRD-75602,95,32.0,27.0,16000,Tidak,Blok A,Reguler,Backorder
PRD-32614,137,17.0,11.0,257000,Tidak,Blok B,premium ,Menipis
PRD-50954,393,,13.0,259000,Tidak,Blok B,Reguler,Aman
PRD-72695,183,24.0,6.0,486000,Tidak,Blok A,Reguler,Menipis
PRD-45694,138,47.0,21.0,346000,Ya,Blok A,Reguler,Backorder
PRD-89605,106,32.0,2.0,141000,Tidak,Blok A,premium ,Menipis
PRD-70011,122,19.0,,463000,Tidak,Blok B,REGULER,Backorder
PRD-88854,86,33.0,3.0,90000,Tidak,Blok C,Premium,Backorder
PRD-10132,157,5.0,14.0,435000,Tidak,Blok A,REGULER,Aman
PRD-83539,448,,23.0,147000,Tidak,Blok B,Reguler,Backorder
PRD-62186,429,17.0,8.0,449000,Tidak,Blok A,Reguler,Aman
PRD-57779,115,40.0,28.0,436000,Ya,Blok B,premium ,Backorder
PRD-52853,320,18.0,6.0,123000,Ya,Blok B, reguler ,Aman
PRD-22905,285,11.0,6.0,395000,Tidak,Blok A,REGULER,Aman
PRD-89762,40,19.0,25.0,424000,Ya,Blok C,premium ,Backorder
PRD-31730,95,40.0,,157000,Tidak,Blok B,REGULER,Menipis
PRD-58354,411,19.0,2.0,457000,Tidak,Blok C,premium ,Aman
PRD-14567,135,32.0,17.0,172000,Ya,Blok C,premium ,Backorder
PRD-19795,332,46.0,14.0,330000,Tidak,Blok A,premium ,Backorder
PRD-71401,145,45.0,23.0,206000,Tidak,Blok C,premium ,Backorder
PRD-29816,81,18.0,6.0,262000,Tidak,Blok A,premium ,Menipis
PRD-25248,213,44.0,27.0,376000,Ya,Blok B,Reguler,Backorder
PRD-94853,73,8.0,12.0,35000,Tidak,Blok A, reguler ,Backorder
PRD-40868,76,38.0,22.0,272000,Tidak,Blok A,Reguler,Backorder
PRD-17928,43,4.0,17.0,324000,Tidak,Blok B, reguler ,Menipis
PRD-47180,282,8.0,23.0,303000,Tidak,Blok B,premium ,Aman
PRD-30651,72,5.0,10.0,72000,Tidak,Blok B,REGULER,Backorder
PRD-60248,66,42.0,16.0,491000,Ya,Blok A,Reguler,Backorder
PRD-33252,33,9.0,12.0,85000,Ya,Blok C,REGULER,Backorder
PRD-41213,229,28.0,5.0,252000,Tidak,Blok C,REGULER,Backorder
PRD-99595,245,16.0,24.0,167000,Ya,Blok C, reguler ,Backorder
PRD-62265,219,15.0,9.0,262000,Tidak,Blok C,premium ,Aman
PRD-83656,242,2.0,27.0,433000,Ya,Blok B,premium ,Aman
PRD-51269,229,37.0,15.0,332000,Ya,Blok A,Premium,Backorder
PRD-73772,446,19.0,27.0,158000,Ya,Blok C,REGULER,Menipis
PRD-62389,427,13.0,6.0,203000,Ya,Blok B,premium ,Aman
PRD-34014,15,17.0,24.0,245000,Ya,Blok C,Premium,Backorder
PRD-16089,218,23.0,18.0,348000,Ya,Blok C,Premium,Backorder
PRD-12159,362,23.0,12.0,428000,Ya,Blok A,Reguler,Backorder
PRD-77865,354,39.0,2.0,312000,Tidak,Blok C,Reguler,Aman
PRD-59153,206,29.0,10.0,79000,Tidak,Blok C,premium ,Backorder
PRD-23880,339,43.0,9.0,235000,Tidak,Blok C,REGULER,Menipis
PRD-98267,293,4.0,15.0,368000,Tidak,Blok A,REGULER,Aman
PRD-37230,106,45.0,9.0,184000,Ya,Blok B,REGULER,Backorder
PRD-89409,233,5.0,2.0,446000,Ya,Blok A,premium ,Aman
PRD-25701,378,12.0,18.0,453000,Tidak,Blok A,Reguler,Aman
PRD-42252,430,28.0,27.0,275000,Tidak,Blok C,Premium,Backorder
PRD-79093,184,40.0,13.0,471000,Tidak,Blok B,Reguler,Menipis
PRD-17610,158,44.0,11.0,464000,Tidak,Blok C,Premium,Backorder
PRD-79768,68,31.0,20.0,101000,Ya,Blok B,Premium,Menipis
PRD-66704,409,42.0,24.0,117000,Tidak,Blok B, reguler ,Backorder
PRD-36081,94,19.0,11.0,86000,Tidak,Blok B,REGULER,Backorder
PRD-70077,371,19.0,11.0,369000,Tidak,Blok B,Reguler,Aman
PRD-47548,418,47.0,15.0,360000,Tidak,Blok C,premium ,Backorder
PRD-53005,323,15.0,10.0,221000,Tidak,Blok C, reguler ,Aman
PRD-11407,405,20.0,8.0,150000,Ya,Blok A,Premium,Aman
PRD-56163,88,43.0,16.0,152000,Tidak,Blok A,premium ,Backorder
PRD-53617,111,34.0,999.0,199000,Tidak,Blok C,REGULER,Menipis
PRD-63811,22,23.0,3.0,465000,Ya,Blok B,REGULER,Backorder
PRD-97122,245,,20.0,368000,Ya,Blok A,Reguler,Backorder
PRD-76081,399,7.0,27.0,21000,Tidak,Blok B,Premium,Aman
PRD-87709,286,39.0,7.0,64000,Tidak,Blok B,Premium,Backorder
PRD-70279,35,40.0,24.0,13000,Tidak,Blok B, reguler ,Backorder
PRD-74595,175,49.0,6.0,367000,Tidak,Blok A,Reguler,Backorder
PRD-98789,470,36.0,26.0,193000,Tidak,Blok B,REGULER,Backorder
PRD-11541,372,33.0,20.0,271000,Tidak,Blok C,Reguler,Backorder
PRD-99962,224,27.0,14.0,377000,Ya,Blok C,REGULER,Backorder
PRD-97272,337,49.0,29.0,63000,Tidak,Blok B, reguler ,Menipis
PRD-56638,295,,10.0,249000,Tidak,Blok A,REGULER,Aman
PRD-15190,182,5.0,,447000,Tidak,Blok A, reguler ,Aman
PRD-10534,423,27.0,17.0,439000,Tidak,Blok B,Premium,Menipis
PRD-22467,39,33.0,2.0,157000,Tidak,Blok C,Premium,Menipis
PRD-55667,454,34.0,22.0,11000,Tidak,Blok C,premium ,Backorder
PRD-52942,70,33.0,26.0,49000,Tidak,Blok A,REGULER,Backorder
PRD-84469,181,41.0,8.0,52000,Tidak,Blok B, reguler ,Menipis
PRD-94263,13,49.0,14.0,275000,Tidak,Blok C,Premium,Backorder
PRD-43623,167,,20.0,90000,Tidak,Blok A,premium ,Menipis
PRD-87733,169,22.0,14.0,121000,Tidak,Blok A,Premium,Backorder
PRD-87186,127,41.0,25.0,73000,Tidak,Blok C, reguler ,Backorder
PRD-25330,15,,,223000,Tidak,Blok B,premium ,Menipis
PRD-61628,341,16.0,18.0,205000,Tidak,Blok A,Premium,Backorder
PRD-12892,145,1.0,11.0,106000,Tidak,Blok A, reguler ,Aman
PRD-51347,241,18.0,2.0,176000,Tidak,Blok C,Premium,Aman
PRD-44707,292,45.0,21.0,76000,Tidak,Blok B,Reguler,Backorder
PRD-16640,483,29.0,12.0,348000,Tidak,Blok B,REGULER,Menipis
PRD-15806,35,6.0,20.0,286000,Tidak,Blok C,REGULER,Backorder
PRD-12811,211,13.0,24.0,161000,Tidak,Blok C,REGULER,Backorder
PRD-26447,137,40.0,15.0,296000,Tidak,Blok B,REGULER,Backorder
PRD-36309,17,29.0,8.0,101000,Tidak,Blok A,premium ,Aman
PRD-69010,7,,10.0,227000,Tidak,Blok A,REGULER,Menipis
PRD-41921,454,21.0,15.0,471000,Tidak,Blok B,REGULER,Aman
PRD-51430,227,38.0,13.0,216000,Ya,Blok C,Reguler,Backorder
PRD-96207,169,15.0,11.0,245000,Tidak,Blok C, reguler ,Aman
PRD-93251,90,43.0,3.0,306000,Tidak,Blok B,REGULER,Menipis
PRD-26555,404,15.0,29.0,491000,Tidak,Blok C,REGULER,Backorder
PRD-43529,380,21.0,15.0,22000,Tidak,Blok B,Reguler,Menipis
PRD-46027,483,37.0,22.0,99000,Tidak,Blok B,Premium,Backorder
PRD-54322,258,29.0,23.0,268000,Ya,Blok B, reguler ,Backorder
PRD-55215,69,4.0,10.0,462000,Tidak,Blok B,Premium,Menipis
PRD-72137,289,,999.0,240000,Tidak,Blok A, reguler ,Menipis
PRD-26473,208,26.0,7.0,152000,Tidak,Blok C,Premium,Aman
PRD-31199,1,47.0,15.0,138000,Tidak,Blok B,REGULER,Backorder
PRD-38831,342,45.0,8.0,390000,Tidak,Blok C,Premium,Backorder
PRD-93788,200,38.0,7.0,122000,Tidak,Blok A,Premium,Backorder
PRD-26766,190,2.0,27.0,219000,Tidak,Blok C,premium ,Aman
PRD-15419,497,37.0,2.0,143000,Ya,Blok A, reguler ,Aman
PRD-21676,251,27.0,26.0,277000,Tidak,Blok C, reguler ,Backorder
PRD-27272,148,40.0,8.0,442000,Ya,Blok B,premium ,Backorder
PRD-83143,425,31.0,24.0,478000,Tidak,Blok C,REGULER,Backorder
PRD-96348,402,9.0,4.0,265000,Tidak,Blok A,REGULER,Aman
PRD-38287,246,38.0,14.0,166000,Tidak,Blok A,Premium,Backorder
PRD-96755,108,20.0,9.0,460000,Ya,Blok B,premium ,Menipis
PRD-86021,180,49.0,13.0,484000,Ya,Blok B,premium ,Backorder
PRD-11987,32,9.0,14.0,419000,Ya,Blok C,Reguler,Backorder
PRD-70408,499,5.0,3.0,33000,Tidak,Blok A, reguler ,Aman
PRD-45057,273,38.0,9.0,206000,Tidak,Blok A,Premium,Menipis
PRD-76320,467,42.0,25.0,426000,Tidak,Blok C, reguler ,Backorder
PRD-46451,252,10.0,29.0,294000,Ya,Blok A, reguler ,Backorder
PRD-54757,245,21.0,4.0,416000,Tidak,Blok C,Reguler,Aman
PRD-35879,38,14.0,13.0,365000,Ya,Blok C,Reguler,Backorder
PRD-79519,417,33.0,19.0,157000,Tidak,Blok A,Premium,Menipis
PRD-78840,289,14.0,19.0,341000,Tidak,Blok B,premium ,Aman
PRD-58621,411,27.0,28.0,417000,Tidak,Blok B,REGULER,Backorder
PRD-89830,357,20.0,,122000,Ya,Blok A, reguler ,Aman
PRD-66264,152,33.0,16.0,171000,Ya,Blok B,Reguler,Backorder
PRD-13203,137,26.0,9.0,170000,Tidak,Blok C,premium ,Aman
PRD-20503,485,26.0,,435000,Tidak,Blok C,Premium,Aman
PRD-52965,456,8.0,25.0,172000,Tidak,Blok A,Premium,Aman
PRD-99461,118,19.0,21.0,289000,Tidak,Blok B,REGULER,Backorder
PRD-98427,17,5.0,999.0,348000,Tidak,Blok B,Reguler,Backorder
PRD-74200,193,18.0,10.0,372000,Tidak,Blok B,Premium,Menipis
PRD-12925,271,24.0,19.0,382000,Ya,Blok A,Reguler,Backorder
PRD-88257,399,45.0,8.0,289000,Tidak,Blok C,Reguler,Menipis
PRD-76766,465,22.0,20.0,385000,Ya,Blok C,premium ,Menipis
PRD-91301,425,27.0,29.0,371000,Tidak,Blok B,Reguler,Backorder
PRD-79904,310,16.0,26.0,208000,Ya,Blok B,Reguler,Backorder
PRD-52372,214,13.0,15.0,279000,Ya,Blok B,REGULER,Aman
PRD-24026,464,16.0,28.0,458000,Tidak,Blok B,Premium,Aman
PRD-69557,273,15.0,4.0,147000,Ya,Blok A,Premium,Aman
PRD-75220,72,29.0,6.0,408000,Tidak,Blok C,REGULER,Menipis
PRD-74926,23,47.0,21.0,195000,Tidak,Blok B,Reguler,Backorder
PRD-34570,333,12.0,2.0,221000,Ya,Blok A,Premium,Aman
PRD-92824,408,28.0,25.0,28000,Tidak,Blok C, reguler ,Backorder
PRD-75206,141,27.0,14.0,114000,Tidak,Blok A,Premium,Backorder
PRD-58368,225,7.0,29.0,104000,Tidak,Blok B,Premium,Aman
PRD-19921,371,18.0,22.0,277000,Tidak,Blok A,Reguler,Backorder
PRD-57445,482,9.0,26.0,428000,Ya,Blok A, reguler ,Aman
PRD-26876,323,15.0,8.0,450000,Tidak,Blok A,Reguler,Aman
PRD-83794,185,31.0,27.0,437000,Tidak,Blok B,Reguler,Menipis
PRD-90435,420,45.0,,487000,Tidak,Blok B,REGULER,Backorder
PRD-50325,286,,5.0,263000,Ya,Blok B,REGULER,Aman
PRD-31101,426,24.0,17.0,141000,Ya,Blok A,Reguler,Backorder
PRD-84319,359,45.0,19.0,457000,Tidak,Blok A,REGULER,Backorder
PRD-71304,196,37.0,20.0,348000,Ya,Blok C,REGULER,Menipis
PRD-43340,461,8.0,29.0,471000,Tidak,Blok C,Premium,Aman
PRD-61756,231,23.0,5.0,381000,Tidak,Blok C,REGULER,Aman
PRD-11367,267,45.0,22.0,95000,Tidak,Blok C,premium ,Menipis
PRD-12123,86,47.0,14.0,420000,Tidak,Blok C,Premium,Backorder
PRD-69129,347,3.0,24.0,401000,Tidak,Blok A, reguler ,Aman
PRD-16487,64,37.0,999.0,487000,Tidak,Blok B,REGULER,Backorder
PRD-49643,180,44.0,8.0,173000,Ya,Blok B,Premium,Menipis
PRD-69287,449,7.0,15.0,309000,Tidak,Blok C,Reguler,Aman
PRD-31225,95,19.0,,210000,Tidak,Blok C,Reguler,Backorder
PRD-67616,193,6.0,18.0,259000,Tidak,Blok A,REGULER,Aman
PRD-68235,369,19.0,22.0,139000,Tidak,Blok B,REGULER,Aman
PRD-79847,444,22.0,8.0,200000,Tidak,Blok A,Reguler,Aman
PRD-63331,93,41.0,,344000,Tidak,Blok A,premium ,Menipis
PRD-95595,336,11.0,21.0,149000,Tidak,Blok C,premium ,Aman
PRD-27153,78,10.0,4.0,158000,Tidak,Blok B,premium ,Aman
PRD-21637,244,7.0,6.0,429000,Tidak,Blok A, reguler ,Aman
PRD-20553,460,36.0,13.0,45000,Tidak,Blok A,Reguler,Menipis
PRD-92152,22,35.0,999.0,407000,Tidak,Blok A, reguler ,Backorder
PRD-71844,430,21.0,7.0,52000,Tidak,Blok A, reguler ,Aman
PRD-97527,172,11.0,17.0,99000,Tidak,Blok C, reguler ,Menipis
PRD-54721,84,33.0,14.0,427000,Tidak,Blok B, reguler ,Backorder
PRD-29975,11,37.0,25.0,360000,Tidak,Blok A, reguler ,Menipis
PRD-33580,331,30.0,10.0,367000,Ya,Blok C,Premium,Menipis
PRD-98495,404,48.0,25.0,374000,Tidak,Blok C, reguler ,Backorder
PRD-70535,9,43.0,28.0,442000,Tidak,Blok C,REGULER,Backorder
PRD-83596,255,24.0,26.0,127000,Tidak,Blok B, reguler ,Backorder
PRD-75584,73,46.0,2.0,180000,Tidak,Blok C,Reguler,Backorder
PRD-63664,152,21.0,25.0,148000,Tidak,Blok A,premium ,Backorder
PRD-82303,262,,6.0,466000,Tidak,Blok C,Reguler,Aman
PRD-19095,242,39.0,10.0,362000,Tidak,Blok B,REGULER,Backorder
PRD-43377,293,29.0,4.0,424000,Tidak,Blok C,REGULER,Menipis
PRD-29581,486,22.0,22.0,474000,Tidak,Blok B, reguler ,Aman
PRD-66463,165,,10.0,11000,Tidak,Blok B,premium ,Menipis
PRD-94976,304,2.0,20.0,61000,Ya,Blok C, reguler ,Backorder
PRD-63330,208,35.0,10.0,281000,Ya,Blok A,premium ,Backorder
PRD-90032,467,12.0,10.0,168000,Tidak,Blok C,Reguler,Aman
PRD-81055,378,39.0,15.0,301000,Tidak,Blok B,Reguler,Backorder
PRD-70998,216,36.0,17.0,57000,Tidak,Blok B,Reguler,Backorder
PRD-15147,27,9.0,6.0,124000,Ya,Blok B,premium ,Menipis
PRD-56694,361,33.0,14.0,248000,Ya,Blok C,premium ,Backorder
PRD-24390,364,11.0,27.0,467000,Ya,Blok A,REGULER,Menipis
PRD-45421,39,9.0,10.0,270000,Tidak,Blok A,Premium,Aman
PRD-38557,340,49.0,20.0,395000,Tidak,Blok C, reguler ,Menipis
PRD-89464,34,31.0,17.0,175000,Tidak,Blok C,premium ,Backorder
PRD-87830,296,11.0,19.0,85000,Tidak,Blok C, reguler ,Aman
PRD-95371,187,32.0,8.0,177000,Tidak,Blok A,premium ,Backorder
PRD-48032,75,45.0,10.0,319000,Tidak,Blok C,premium ,Backorder
PRD-54397,343,29.0,8.0,463000,Tidak,Blok B,Premium,Aman
PRD-91720,381,,18.0,11000,Ya,Blok C,premium ,Backorder
PRD-23331,359,13.0,11.0,328000,Tidak,Blok C,Reguler,Aman
PRD-76673,123,38.0,15.0,82000,Tidak,Blok B,Reguler,Backorder
PRD-83606,281,21.0,24.0,142000,Tidak,Blok C, reguler ,Backorder
PRD-62672,226,27.0,4.0,28000,Tidak,Blok C,Premium,Aman
PRD-35596,144,47.0,9.0,325000,Ya,Blok B,Premium,Backorder
PRD-21217,464,27.0,11.0,427000,Tidak,Blok C, reguler ,Menipis
PRD-78309,435,37.0,28.0,81000,Tidak,Blok C, reguler ,Backorder
PRD-57153,416,26.0,11.0,107000,Tidak,Blok B,Premium,Aman
PRD-16135,345,6.0,26.0,130000,Ya,Blok B, reguler ,Aman
PRD-51335,264,44.0,18.0,181000,Tidak,Blok C,Reguler,Backorder
PRD-23727,377,36.0,22.0,117000,Ya,Blok B,Premium,Menipis
PRD-32765,286,36.0,9.0,392000,Tidak,Blok B,REGULER,Backorder
PRD-94238,402,39.0,10.0,166000,Tidak,Blok C,Reguler,Backorder
PRD-94181,146,2.0,27.0,164000,Tidak,Blok C, reguler ,Aman
PRD-85886,145,46.0,15.0,228000,Ya,Blok B,premium ,Backorder
PRD-87872,295,37.0,10.0,201000,Tidak,Blok B,Premium,Menipis
PRD-72767,116,37.0,25.0,282000,Tidak,Blok C,Reguler,Backorder
PRD-99144,177,44.0,11.0,180000,Tidak,Blok C,Premium,Backorder
PRD-33051,157,17.0,6.0,420000,Tidak,Blok B,Premium,Menipis
PRD-37926,58,5.0,26.0,242000,Ya,Blok B, reguler ,Aman
PRD-38982,412,,9.0,184000,Tidak,Blok B,premium ,Menipis
PRD-21556,465,4.0,17.0,407000,Ya,Blok A,Premium,Aman
PRD-68160,381,24.0,7.0,288000,Tidak,Blok B,Reguler,Aman
PRD-16614,266,30.0,,288000,Tidak,Blok A,premium ,Backorder
PRD-55210,380,29.0,27.0,281000,Ya,Blok B,premium ,Aman
PRD-98284,93,10.0,21.0,467000,Tidak,Blok B,premium ,Backorder
PRD-21219,224,6.0,,289000,Ya,Blok A,premium ,Menipis
PRD-49832,108,32.0,22.0,34000,Tidak,Blok C,Premium,Menipis
PRD-74925,395,5.0,24.0,74000,Ya,Blok C,premium ,Menipis
PRD-71108,280,10.0,,457000,Tidak,Blok A,Premium,Aman
PRD-56539,57,49.0,20.0,18000,Tidak,Blok A,Reguler,Backorder
PRD-67757,184,23.0,29.0,287000,Tidak,Blok B,premium ,Backorder
PRD-87454,328,28.0,26.0,397000,Tidak,Blok B, reguler ,Backorder
PRD-68001,425,8.0,5.0,395000,Tidak,Blok A,REGULER,Aman
PRD-78244,411,,26.0,366000,Tidak,Blok C, reguler ,Menipis
PRD-67853,145,35.0,26.0,316000,Tidak,Blok C, reguler ,Backorder
PRD-59597,188,,14.0,471000,Ya,Blok B,premium ,Backorder
PRD-54131,144,46.0,24.0,105000,Tidak,Blok B,premium ,Menipis
PRD-26360,479,,21.0,398000,Tidak,Blok C,Premium,Backorder
PRD-25150,294,1.0,22.0,152000,Ya,Blok B, reguler ,Aman
PRD-22716,440,3.0,29.0,237000,Tidak,Blok A,premium ,Aman
PRD-43071,138,14.0,24.0,33000,Tidak,Blok C,Premium,Backorder
PRD-93127,258,44.0,29.0,243000,Tidak,Blok C, reguler ,Backorder
PRD-74186,53,25.0,15.0,428000,Tidak,Blok C, reguler ,Backorder
PRD-27674,446,36.0,9.0,358000,Tidak,Blok C,Reguler,Backorder
PRD-61399,160,30.0,8.0,10000,Tidak,Blok A,premium ,Backorder
PRD-75941,214,46.0,18.0,31000,Tidak,Blok B,premium ,Backorder
PRD-29515,237,48.0,11.0,72000,Tidak,Blok C,premium ,Menipis
PRD-23284,31,5.0,12.0,103000,Tidak,Blok C,REGULER,Backorder
PRD-36475,259,46.0,13.0,337000,Tidak,Blok B,Reguler,Backorder
PRD-97234,40,27.0,28.0,38000,Tidak,Blok B,Premium,Backorder
PRD-24318,393,29.0,3.0,174000,Tidak,Blok A,premium ,Aman
PRD-88513,205,5.0,12.0,179000,Ya,Blok C,premium ,Aman
PRD-70848,283,47.0,24.0,259000,Ya,Blok C,premium ,Menipis
PRD-30609,34,38.0,11.0,34000,Tidak,Blok A,Reguler,Backorder
PRD-83609,272,24.0,2.0,444000,Tidak,Blok B,REGULER,Aman
PRD-85012,359,2.0,7.0,184000,Tidak,Blok C,Premium,Aman
PRD-72665,118,28.0,7.0,459000,Ya,Blok B,premium ,Backorder
PRD-37151,374,43.0,2.0,109000,Ya,Blok B,Reguler,Menipis
PRD-15583,58,45.0,4.0,203000,Tidak,Blok B,REGULER,Menipis
PRD-33332,125,48.0,5.0,301000,Tidak,Blok C, reguler ,Backorder
PRD-27276,4,47.0,999.0,48000,Tidak,Blok B, reguler ,Menipis
PRD-74558,479,32.0,22.0,173000,Ya,Blok C, reguler ,Backorder
PRD-20350,447,12.0,23.0,379000,Tidak,Blok C,Reguler,Aman
PRD-96457,359,35.0,7.0,131000,Tidak,Blok B,REGULER,Aman
PRD-98920,204,12.0,15.0,218000,Ya,Blok B,Premium,Aman
PRD-17642,79,24.0,,235000,Tidak,Blok C,Reguler,Backorder
PRD-33244,219,31.0,22.0,260000,Tidak,Blok C,Reguler,Backorder
PRD-58291,428,2.0,22.0,222000,Tidak,Blok C,premium ,Aman
PRD-17140,427,34.0,14.0,232000,Tidak,Blok A,Premium,Menipis
PRD-84807,250,49.0,12.0,484000,Ya,Blok B,Premium,Backorder
PRD-62815,486,16.0,15.0,200000,Ya,Blok A,premium ,Aman
PRD-47493,350,6.0,10.0,93000,Tidak,Blok B,REGULER,Aman
PRD-95820,277,22.0,11.0,256000,Tidak,Blok A,Reguler,Menipis
PRD-14763,267,12.0,22.0,294000,Ya,Blok C, reguler ,Menipis
PRD-14263,385,20.0,13.0,297000,Ya,Blok A,Premium,Aman
PRD-55033,457,36.0,27.0,53000,Ya,Blok A, reguler ,Menipis
PRD-74892,369,15.0,19.0,470000,Tidak,Blok B,Premium,Aman
PRD-10908,153,37.0,9.0,416000,Tidak,Blok B,REGULER,Menipis
PRD-14944,7,13.0,8.0,227000,Tidak,Blok C,premium ,Backorder
PRD-67134,173,28.0,12.0,442000,Tidak,Blok C,REGULER,Backorder
PRD-28931,184,22.0,4.0,474000,Ya,Blok C,REGULER,Aman
PRD-83704,45,12.0,12.0,269000,Ya,Blok C, reguler ,Backorder
PRD-70935,288,5.0,10.0,259000,Tidak,Blok B,Premium,Aman
PRD-20345,371,7.0,5.0,52000,Tidak,Blok C,REGULER,Menipis
PRD-64061,168,7.0,28.0,382000,Tidak,Blok C,REGULER,Menipis
PRD-27602,462,35.0,21.0,242000,Ya,Blok B,REGULER,Backorder
PRD-43204,236,25.0,29.0,466000,Ya,Blok B,REGULER,Backorder
PRD-32419,496,37.0,28.0,216000,Tidak,Blok C,Premium,Menipis
PRD-78323,398,26.0,26.0,286000,Tidak,Blok A,Premium,Aman
PRD-80592,188,27.0,12.0,168000,Tidak,Blok A,Reguler,Backorder
PRD-33610,203,9.0,27.0,297000,Tidak,Blok C, reguler ,Backorder
PRD-25357,455,25.0,15.0,417000,Tidak,Blok C,Premium,Menipis
PRD-59684,64,41.0,14.0,248000,Tidak,Blok B,premium ,Backorder
PRD-53019,414,32.0,21.0,397000,Tidak,Blok C,Reguler,Backorder
PRD-14809,448,20.0,15.0,238000,Tidak,Blok B, reguler ,Aman
PRD-12881,199,26.0,14.0,135000,Tidak,Blok A, reguler ,Backorder
PRD-99494,3,39.0,28.0,265000,Tidak,Blok A,Premium,Backorder
PRD-18716,392,17.0,4.0,216000,Tidak,Blok B,premium ,Aman
PRD-14655,47,5.0,22.0,448000,Tidak,Blok A, reguler ,Backorder
PRD-17813,284,39.0,4.0,424000,Tidak,Blok C,Premium,Backorder
PRD-55201,155,13.0,10.0,411000,Tidak,Blok C, reguler ,Aman
PRD-19336,343,47.0,12.0,123000,Ya,Blok A,Premium,Backorder
PRD-83601,321,25.0,11.0,288000,Tidak,Blok C, reguler ,Menipis
PRD-17485,118,39.0,16.0,105000,Tidak,Blok A,REGULER,Backorder
PRD-43276,40,40.0,22.0,373000,Tidak,Blok A,Premium,Menipis
PRD-36614,43,44.0,25.0,242000,Tidak,Blok C,premium ,Backorder
PRD-58481,80,4.0,27.0,17000,Tidak,Blok B,premium ,Backorder
PRD-27778,442,38.0,28.0,30000,Tidak,Blok C,premium ,Backorder
PRD-69095,268,33.0,20.0,414000,Tidak,Blok C,REGULER,Backorder
PRD-11128,234,23.0,17.0,156000,Ya,Blok B,REGULER,Backorder
PRD-33769,445,5.0,26.0,435000,Ya,Blok A,Premium,Aman
PRD-61134,439,36.0,2.0,332000,Tidak,Blok C,Reguler,Aman
PRD-59220,176,45.0,27.0,25000,Tidak,Blok B, reguler ,Backorder
PRD-96516,445,5.0,8.0,217000,Tidak,Blok C,premium ,Aman
PRD-19916,63,37.0,5.0,29000,Tidak,Blok B,Reguler,Menipis
PRD-76983,251,49.0,24.0,301000,Tidak,Blok A, reguler ,Backorder
PRD-33386,16,36.0,10.0,202000,Ya,Blok B,Reguler,Backorder
PRD-91515,321,49.0,22.0,215000,Tidak,Blok C,REGULER,Backorder
PRD-16840,73,36.0,8.0,93000,Ya,Blok C, reguler ,Backorder
PRD-11539,18,37.0,22.0,156000,Ya,Blok B,Reguler,Backorder
PRD-80507,332,21.0,28.0,14000,Ya,Blok A, reguler ,Backorder
PRD-28574,402,27.0,4.0,199000,Tidak,Blok A,REGULER,Menipis
PRD-60979,215,22.0,7.0,359000,Tidak,Blok C,REGULER,Menipis
PRD-86298,404,31.0,24.0,256000,Tidak,Blok B, reguler ,Backorder
PRD-51975,371,47.0,12.0,272000,Tidak,Blok A,Reguler,Backorder
PRD-56032,176,25.0,3.0,435000,Ya,Blok C, reguler ,Menipis
PRD-88627,308,22.0,2.0,451000,Tidak,Blok C,premium ,Menipis
PRD-93360,472,29.0,23.0,479000,Ya,Blok C,Premium,Backorder
PRD-94612,374,29.0,8.0,126000,Tidak,Blok B,Reguler,Aman
PRD-56037,8,32.0,23.0,203000,Tidak,Blok B, reguler ,Backorder
PRD-82201,212,,16.0,443000,Tidak,Blok B,premium ,Aman
PRD-25511,92,20.0,4.0,436000,Tidak,Blok B,premium ,Backorder
PRD-85312,187,48.0,9.0,249000,Tidak,Blok B,Reguler,Backorder
PRD-80269,178,,20.0,210000,Ya,Blok B,REGULER,Backorder
PRD-66408,446,16.0,4.0,319000,Ya,Blok A,Reguler,Aman
PRD-36287,330,34.0,27.0,492000,Tidak,Blok A,Reguler,Backorder
PRD-29982,474,20.0,6.0,454000,Ya,Blok B, reguler ,Aman
PRD-30309,352,5.0,12.0,290000,Tidak,Blok A, reguler ,Aman
PRD-88768,426,1.0,18.0,113000,Tidak,Blok B,Premium,Aman
PRD-50863,23,49.0,7.0,396000,Ya,Blok C, reguler ,Backorder
PRD-49809,331,21.0,9.0,183000,Tidak,Blok C,Premium,Aman
PRD-58713,397,18.0,5.0,298000,Tidak,Blok C,Premium,Aman
PRD-65350,272,5.0,19.0,198000,Tidak,Blok C,Reguler,Aman
PRD-18418,175,15.0,16.0,353000,Ya,Blok A,premium ,Menipis
PRD-30058,327,2.0,10.0,482000,Ya,Blok B,premium ,Aman
PRD-73822,312,5.0,16.0,194000,Tidak,Blok A, reguler ,Aman
PRD-45969,238,31.0,12.0,270000,Ya,Blok B,Premium,Backorder
PRD-37672,325,,7.0,492000,Ya,Blok C,REGULER,Backorder
PRD-55950,188,32.0,26.0,396000,Tidak,Blok A,Premium,Backorder
PRD-85532,108,3.0,27.0,474000,Ya,Blok A,Reguler,Aman
PRD-65842,240,38.0,4.0,276000,Ya,Blok A,REGULER,Aman
PRD-96704,263,31.0,19.0,168000,Ya,Blok A,Reguler,Aman
PRD-73851,90,,22.0,485000,Tidak,Blok B,Premium,Backorder
PRD-10148,75,5.0,28.0,158000,Tidak,Blok C,Premium,Backorder
PRD-18567,92,32.0,10.0,198000,Tidak,Blok B,REGULER,Menipis
PRD-33889,315,33.0,7.0,494000,Tidak,Blok C, reguler ,Menipis
PRD-68097,108,28.0,27.0,152000,Tidak,Blok B,Reguler,Backorder
PRD-76321,374,1.0,21.0,267000,Ya,Blok B,Premium,Aman
PRD-89530,234,3.0,17.0,101000,Tidak,Blok A, reguler ,Aman
PRD-41416,31,23.0,10.0,316000,Ya,Blok C,REGULER,Aman
PRD-30605,98,17.0,27.0,149000,Ya,Blok B,Reguler,Backorder
PRD-90021,133,45.0,9.0,172000,Ya,Blok B, reguler ,Backorder
PRD-86589,10,48.0,27.0,26000,Tidak,Blok C,Reguler,Backorder
PRD-65766,250,8.0,22.0,31000,Tidak,Blok B,Reguler,Backorder
PRD-58924,123,1.0,25.0,349000,Ya,Blok B,Premium,Aman
PRD-73575,479,8.0,12.0,235000,Tidak,Blok A,Reguler,Backorder
PRD-71215,78,25.0,8.0,352000,Ya,Blok A,Reguler,Backorder
PRD-68123,353,28.0,28.0,480000,Tidak,Blok C,Reguler,Backorder
PRD-93641,339,48.0,11.0,232000,Ya,Blok B,Premium,Backorder
PRD-41658,227,13.0,17.0,176000,Tidak,Blok B,Reguler,Aman
PRD-90360,81,13.0,15.0,448000,Tidak,Blok C,REGULER,Backorder
PRD-64327,96,14.0,10.0,175000,Tidak,Blok B,Reguler,Menipis
PRD-17086,315,43.0,13.0,11000,Tidak,Blok C,premium ,Backorder
PRD-19215,373,6.0,22.0,382000,Tidak,Blok C,Reguler,Aman
PRD-57800,409,4.0,18.0,186000,Tidak,Blok C,REGULER,Aman
PRD-19885,388,48.0,18.0,466000,Ya,Blok C, reguler ,Backorder
PRD-59298,166,21.0,6.0,323000,Tidak,Blok B, reguler ,Menipis
PRD-68762,9,45.0,21.0,38000,Tidak,Blok B,REGULER,Backorder
PRD-57234,300,25.0,999.0,413000,Tidak,Blok C,REGULER,Aman
PRD-87658,61,28.0,18.0,30000,Ya,Blok A, reguler ,Backorder
PRD-13084,314,2.0,26.0,394000,Tidak,Blok B, reguler ,Aman
PRD-82982,322,5.0,19.0,180000,Ya,Blok C,premium ,Aman
PRD-50372,406,32.0,23.0,352000,Ya,Blok B,REGULER,Backorder
PRD-65568,139,38.0,9.0,93000,Ya,Blok C,Premium,Backorder
PRD-86162,401,9.0,6.0,164000,Ya,Blok B,Premium,Menipis
PRD-88683,85,38.0,25.0,189000,Tidak,Blok B,REGULER,Backorder
PRD-97043,331,29.0,24.0,489000,Tidak,Blok A, reguler ,Backorder
PRD-28526,309,36.0,18.0,301000,Ya,Blok A, reguler ,Backorder
PRD-96988,497,27.0,14.0,179000,Tidak,Blok B,REGULER,Menipis
PRD-37216,334,7.0,28.0,489000,Tidak,Blok A,REGULER,Aman
PRD-15895,443,28.0,,251000,Tidak,Blok C,premium ,Menipis
PRD-85603,272,44.0,7.0,12000,Ya,Blok A,REGULER,Menipis
PRD-90219,61,1.0,8.0,72000,Ya,Blok C,premium ,Aman
PRD-12187,71,31.0,9.0,78000,Tidak,Blok C,premium ,Backorder
PRD-99963,15,31.0,8.0,30000,Ya,Blok C,Premium,Backorder
PRD-20247,218,32.0,2.0,401000,Tidak,Blok C,premium ,Menipis
PRD-88513,432,29.0,22.0,167000,Tidak,Blok A,Reguler,Menipis
PRD-10159,115,40.0,28.0,478000,Tidak,Blok A,Reguler,Menipis
PRD-15695,449,39.0,21.0,463000,Tidak,Blok A,REGULER,Backorder
PRD-28099,340,23.0,21.0,495000,Tidak,Blok B,premium ,Backorder
PRD-88610,365,23.0,20.0,21000,Tidak,Blok B,REGULER,Backorder
PRD-72363,110,36.0,9.0,324000,Tidak,Blok B,Reguler,Backorder
PRD-81694,26,17.0,27.0,124000,Ya,Blok A, reguler ,Backorder
PRD-48744,208,5.0,10.0,219000,Tidak,Blok A,premium ,Aman
PRD-25523,220,,2.0,153000,Tidak,Blok C,Premium,Aman
PRD-13412,39,46.0,15.0,249000,Tidak,Blok C,Reguler,Aman
PRD-30583,211,9.0,10.0,361000,Tidak,Blok C, reguler ,Aman
PRD-32164,53,2.0,8.0,103000,Ya,Blok A,premium ,Aman
PRD-77428,339,15.0,27.0,142000,Ya,Blok B, reguler ,Menipis
PRD-22516,219,,6.0,344000,Ya,Blok B, reguler ,Menipis
PRD-50477,82,3.0,18.0,265000,Tidak,Blok B,premium ,Aman
PRD-50695,449,11.0,19.0,95000,Tidak,Blok A,Premium,Aman
PRD-39902,442,4.0,13.0,60000,Ya,Blok B, reguler ,Aman
PRD-68453,191,35.0,10.0,131000,Tidak,Blok B,Reguler,Menipis
PRD-58899,188,36.0,9.0,176000,Tidak,Blok B, reguler ,Backorder
PRD-38878,230,46.0,29.0,108000,Tidak,Blok B,Premium,Menipis
PRD-96836,135,38.0,19.0,10000,Tidak,Blok B,REGULER,Backorder
PRD-40355,473,47.0,10.0,51000,Ya,Blok A,premium ,Menipis
PRD-19343,31,15.0,7.0,181000,Ya,Blok B,Reguler,Aman
PRD-22191,121,30.0,20.0,326000,Ya,Blok C,Reguler,Backorder
PRD-19752,427,25.0,999.0,284000,Tidak,Blok A,premium ,Menipis
PRD-97999,283,16.0,25.0,343000,Tidak,Blok B,premium ,Backorder
PRD-30811,120,39.0,28.0,119000,Ya,Blok C,REGULER,Backorder
PRD-94742,179,36.0,3.0,169000,Tidak,Blok A,REGULER,Backorder
PRD-34714,268,24.0,21.0,354000,Tidak,Blok A,Premium,Backorder
PRD-41440,399,3.0,4.0,390000,Tidak,Blok B, reguler ,Aman
PRD-35934,332,25.0,3.0,233000,Tidak,Blok B,Reguler,Menipis
PRD-86674,370,41.0,27.0,169000,Ya,Blok A, reguler ,Backorder
PRD-43785,223,19.0,25.0,41000,Tidak,Blok C,Premium,Aman
PRD-30234,246,42.0,16.0,160000,Ya,Blok B,REGULER,Backorder
PRD-10255,270,7.0,27.0,462000,Ya,Blok A,Premium,Aman
PRD-61259,70,7.0,12.0,277000,Ya,Blok C, reguler ,Menipis
PRD-62198,68,42.0,26.0,266000,Tidak,Blok B,REGULER,Menipis
PRD-81736,45,29.0,16.0,495000,Tidak,Blok A,Reguler,Backorder
PRD-85520,471,41.0,19.0,342000,Ya,Blok A,Premium,Menipis
PRD-59692,497,48.0,13.0,236000,Tidak,Blok A,REGULER,Menipis
PRD-97263,337,34.0,23.0,419000,Tidak,Blok C, reguler ,Backorder
PRD-14314,146,14.0,17.0,98000,Ya,Blok B, reguler ,Backorder
PRD-34031,223,7.0,3.0,315000,Tidak,Blok C,Premium,Aman
PRD-37723,84,27.0,25.0,467000,Ya,Blok A,Premium,Backorder
PRD-29053,73,,8.0,67000,Ya,Blok C,premium ,Backorder
PRD-94433,96,43.0,11.0,49000,Ya,Blok B,Reguler,Menipis
PRD-12017,124,31.0,15.0,495000,Tidak,Blok A, reguler ,Backorder
PRD-64639,61,1.0,,269000,Ya,Blok B, reguler ,Aman
PRD-60489,196,9.0,15.0,64000,Tidak,Blok C,REGULER,Aman
PRD-23029,357,26.0,15.0,215000,Tidak,Blok A,premium ,Menipis
PRD-28100,330,4.0,22.0,200000,Tidak,Blok C,REGULER,Aman
PRD-72182,430,43.0,20.0,39000,Tidak,Blok B,premium ,Backorder
PRD-26116,341,11.0,18.0,387000,Tidak,Blok C,Reguler,Aman
PRD-85135,462,13.0,999.0,338000,Ya,Blok C,Reguler,Aman
PRD-48985,427,40.0,15.0,194000,Tidak,Blok C,Reguler,Backorder
PRD-60772,244,11.0,2.0,461000,Ya,Blok A,premium ,Menipis
PRD-87735,238,6.0,2.0,90000,Tidak,Blok A,REGULER,Aman
PRD-26138,262,17.0,24.0,404000,Tidak,Blok C, reguler ,Backorder
PRD-95848,491,18.0,11.0,39000,Tidak,Blok A, reguler ,Aman
PRD-84229,329,16.0,8.0,51000,Tidak,Blok B,premium ,Aman
PRD-65087,275,14.0,20.0,351000,Tidak,Blok A,premium ,Backorder
PRD-73221,233,17.0,,385000,Ya,Blok C,premium ,Backorder
PRD-43402,63,38.0,3.0,259000,Tidak,Blok B,Reguler,Backorder
PRD-73333,339,24.0,28.0,489000,Tidak,Blok B,Reguler,Backorder
PRD-91144,80,14.0,26.0,295000,Tidak,Blok C,premium ,Backorder
PRD-69251,375,35.0,8.0,452000,Tidak,Blok B,Reguler,Aman
PRD-63010,170,,25.0,346000,Ya,Blok B,Reguler,Backorder
PRD-26254,61,38.0,3.0,352000,Tidak,Blok B, reguler ,Aman
PRD-11949,436,44.0,7.0,374000,Tidak,Blok A,REGULER,Menipis
PRD-82391,146,35.0,,258000,Tidak,Blok C,premium ,Backorder
PRD-29173,155,15.0,28.0,127000,Tidak,Blok B,Premium,Menipis
PRD-27349,137,12.0,27.0,269000,Tidak,Blok A,Premium,Backorder
PRD-25581,345,49.0,17.0,389000,Tidak,Blok A, reguler ,Backorder
PRD-54936,249,27.0,8.0,161000,Tidak,Blok B,premium ,Aman
PRD-99643,311,33.0,999.0,310000,Tidak,Blok B,Premium,Backorder
PRD-95464,51,23.0,26.0,48000,Ya,Blok A, reguler ,Backorder
PRD-16588,195,32.0,27.0,16000,Tidak,Blok B,Premium,Backorder
PRD-88112,458,2.0,3.0,265000,Tidak,Blok B, reguler ,Aman
PRD-80153,187,4.0,999.0,447000,Tidak,Blok C,REGULER,Aman
PRD-65244,182,40.0,16.0,23000,Ya,Blok A,Premium,Backorder
PRD-88572,36,42.0,29.0,229000,Tidak,Blok B, reguler ,Menipis
PRD-58356,178,,17.0,253000,Tidak,Blok B,REGULER,Backorder
PRD-50317,336,27.0,22.0,75000,Ya,Blok A,Premium,Backorder
PRD-80821,267,25.0,22.0,327000,Tidak,Blok C,Reguler,Backorder
PRD-14757,479,49.0,25.0,186000,Ya,Blok B,Reguler,Backorder
PRD-13895,187,2.0,6.0,16000,Ya,Blok B,REGULER,Aman
PRD-37281,477,49.0,27.0,26000,Tidak,Blok B,Premium,Backorder
PRD-41826,347,48.0,5.0,17000,Tidak,Blok A,premium ,Menipis
PRD-82571,495,1.0,26.0,396000,Tidak,Blok C,REGULER,Aman
PRD-54948,284,22.0,9.0,267000,Tidak,Blok B,REGULER,Aman
PRD-38552,496,21.0,13.0,162000,Tidak,Blok C, reguler ,Aman
PRD-21009,283,42.0,23.0,238000,Tidak,Blok A,premium ,Backorder
PRD-51621,270,5.0,12.0,110000,Tidak,Blok C,premium ,Aman
PRD-59407,406,38.0,29.0,51000,Tidak,Blok B,Premium,Backorder
PRD-20265,160,37.0,,408000,Ya,Blok A,Premium,Menipis
PRD-90896,45,15.0,2.0,336000,Tidak,Blok A,Reguler,Backorder
PRD-98281,38,1.0,10.0,98000,Tidak,Blok A,premium ,Aman
PRD-96379,431,30.0,,495000,Tidak,Blok C,Premium,Aman
PRD-44929,258,29.0,23.0,474000,Tidak,Blok A,REGULER,Backorder
PRD-73646,403,39.0,23.0,251000,Ya,Blok A,REGULER,Backorder
PRD-41552,54,43.0,16.0,246000,Tidak,Blok B,Premium,Backorder
PRD-66549,213,26.0,3.0,288000,Tidak,Blok A,Premium,Aman
PRD-37208,229,11.0,9.0,123000,Tidak,Blok A, reguler ,Aman
PRD-17274,31,44.0,22.0,427000,Tidak,Blok B,Premium,Backorder
PRD-44678,256,24.0,2.0,57000,Ya,Blok C,premium ,Aman
PRD-49322,144,30.0,3.0,448000,Tidak,Blok B, reguler ,Aman
PRD-85088,15,1.0,22.0,40000,Tidak,Blok B,REGULER,Backorder
PRD-57708,231,14.0,3.0,282000,Tidak,Blok B,premium ,Aman
PRD-80592,48,29.0,15.0,316000,Tidak,Blok B,premium ,Backorder
PRD-56022,273,44.0,17.0,161000,Tidak,Blok C,premium ,Backorder
PRD-78369,380,12.0,29.0,298000,Tidak,Blok C,Premium,Aman
PRD-89198,325,36.0,26.0,270000,Tidak,Blok B,Reguler,Backorder
PRD-58404,498,11.0,11.0,396000,Tidak,Blok B,premium ,Aman
PRD-85705,80,,20.0,265000,Tidak,Blok A, reguler ,Backorder
PRD-64144,111,28.0,12.0,280000,Tidak,Blok A, reguler ,Backorder
PRD-88322,68,48.0,15.0,230000,Tidak,Blok B,Premium,Menipis
PRD-30044,414,46.0,4.0,471000,Ya,Blok C,premium ,Aman
PRD-33519,38,48.0,26.0,440000,Ya,Blok A, reguler ,Backorder
PRD-67589,475,33.0,4.0,193000,Tidak,Blok B,REGULER,Menipis
PRD-71858,67,9.0,14.0,391000,Tidak,Blok A,premium ,Menipis
PRD-48413,55,21.0,29.0,266000,Tidak,Blok A, reguler ,Menipis
PRD-56806,393,8.0,19.0,461000,Tidak,Blok B,Reguler,Aman
PRD-86394,447,6.0,18.0,182000,Tidak,Blok C,Reguler,Aman
PRD-45596,92,27.0,13.0,323000,Tidak,Blok A,REGULER,Backorder
PRD-99142,169,5.0,16.0,160000,Tidak,Blok A,REGULER,Aman
PRD-76046,291,45.0,15.0,255000,Tidak,Blok C,premium ,Backorder
PRD-31946,478,31.0,12.0,32000,Tidak,Blok C,premium ,Aman
PRD-10909,105,9.0,29.0,65000,Tidak,Blok B,Premium,Menipis
PRD-33212,308,39.0,15.0,444000,Tidak,Blok B,Premium,Aman
PRD-67819,149,41.0,11.0,221000,Ya,Blok C,Premium,Backorder
PRD-98791,55,46.0,26.0,453000,Ya,Blok B,premium ,Backorder
PRD-53798,125,48.0,28.0,120000,Tidak,Blok C,Reguler,Menipis
PRD-37056,125,31.0,13.0,88000,Ya,Blok B,REGULER,Backorder
PRD-11999,33,29.0,10.0,340000,Ya,Blok C,Reguler,Backorder
PRD-93362,489,45.0,7.0,191000,Tidak,Blok C, reguler ,Aman
PRD-43276,40,40.0,22.0,373000,Tidak,Blok A,Premium,Menipis
PRD-10390,289,8.0,21.0,499000,Ya,Blok B,premium ,Aman
PRD-74075,265,3.0,3.0,226000,Tidak,Blok A,Premium,Aman
PRD-92600,3,49.0,27.0,368000,Tidak,Blok B,Reguler,Backorder
PRD-21244,299,,3.0,259000,Tidak,Blok B, reguler ,Aman
PRD-43769,406,,3.0,254000,Tidak,Blok B,Premium,Aman
PRD-31097,292,19.0,8.0,88000,Ya,Blok A,premium ,Aman
PRD-36819,375,29.0,9.0,494000,Tidak,Blok C,premium ,Menipis
PRD-13630,484,19.0,27.0,235000,Tidak,Blok B, reguler ,Menipis
PRD-53459,496,42.0,26.0,90000,Tidak,Blok B, reguler ,Backorder
PRD-19416,2,40.0,20.0,330000,Ya,Blok C,Premium,Menipis
PRD-23877,467,,22.0,284000,Tidak,Blok C,Reguler,Backorder
PRD-70645,148,7.0,5.0,50000,Tidak,Blok B,Premium,Aman
PRD-19503,451,8.0,5.0,125000,Tidak,Blok A,Reguler,Aman
PRD-59593,248,37.0,19.0,338000,Tidak,Blok B,REGULER,Aman
PRD-60272,32,31.0,13.0,98000,Tidak,Blok B,REGULER,Backorder
PRD-48038,145,32.0,21.0,469000,Tidak,Blok B,premium ,Backorder
PRD-41324,58,4.0,20.0,194000,Tidak,Blok B, reguler ,Backorder
PRD-58302,249,3.0,15.0,258000,Tidak,Blok B,Reguler,Aman
PRD-94171,161,2.0,7.0,192000,Tidak,Blok A,REGULER,Aman
PRD-62802,157,19.0,12.0,92000,Tidak,Blok C,Premium,Backorder
PRD-90846,118,28.0,10.0,175000,Tidak,Blok C,REGULER,Menipis
PRD-63380,407,6.0,9.0,184000,Ya,Blok C, reguler ,Aman
PRD-71336,67,29.0,5.0,256000,Tidak,Blok B,REGULER,Menipis
PRD-48862,435,7.0,27.0,170000,Ya,Blok C,Reguler,Aman
PRD-48507,298,18.0,3.0,472000,Tidak,Blok C, reguler ,Aman
PRD-90409,111,6.0,3.0,194000,Tidak,Blok B,REGULER,Aman
PRD-47011,204,8.0,17.0,70000,Tidak,Blok B, reguler ,Menipis
PRD-15167,61,48.0,2.0,475000,Tidak,Blok C,REGULER,Backorder
PRD-92189,477,7.0,,100000,Ya,Blok B,Reguler,Aman
PRD-23663,5,21.0,18.0,344000,Tidak,Blok B, reguler ,Backorder
PRD-88382,17,47.0,21.0,425000,Tidak,Blok A,premium ,Backorder
PRD-29097,287,47.0,16.0,494000,Ya,Blok A,Premium,Backorder
PRD-95042,49,30.0,9.0,379000,Tidak,Blok C,REGULER,Menipis
PRD-78047,15,35.0,22.0,155000,Ya,Blok C,Reguler,Backorder
PRD-67233,434,19.0,27.0,234000,Tidak,Blok A,REGULER,Backorder
PRD-40615,331,37.0,22.0,437000,Tidak,Blok C,Reguler,Backorder
PRD-49293,55,39.0,23.0,259000,Tidak,Blok A,Reguler,Backorder
PRD-71120,476,16.0,15.0,198000,Tidak,Blok B,REGULER,Aman
PRD-42972,12,26.0,3.0,315000,Tidak,Blok A,premium ,Backorder
PRD-74178,257,11.0,27.0,472000,Tidak,Blok A, reguler ,Backorder
PRD-22605,117,28.0,3.0,164000,Tidak,Blok A,Premium,Menipis
PRD-10670,24,,22.0,449000,Tidak,Blok B,Reguler,Aman
PRD-36832,396,4.0,18.0,466000,Tidak,Blok C,REGULER,Aman
PRD-21136,388,49.0,19.0,145000,Tidak,Blok B,Premium,Menipis
PRD-59107,261,48.0,15.0,23000,Tidak,Blok C,REGULER,Menipis
PRD-82573,334,18.0,19.0,405000,Ya,Blok B,REGULER,Menipis
PRD-91557,187,13.0,3.0,26000,Tidak,Blok A,premium ,Aman
PRD-69164,382,44.0,22.0,106000,Tidak,Blok C, reguler ,Aman
PRD-58075,138,46.0,18.0,133000,Tidak,Blok B,REGULER,Backorder
PRD-90907,379,36.0,29.0,124000,Ya,Blok C,REGULER,Backorder
PRD-51850,413,40.0,4.0,32000,Tidak,Blok B,premium ,Backorder
PRD-17523,314,18.0,6.0,10000,Tidak,Blok B,Reguler,Aman
PRD-20599,137,5.0,20.0,68000,Tidak,Blok A,premium ,Aman
PRD-83616,379,14.0,29.0,297000,Ya,Blok A,REGULER,Backorder
PRD-57553,341,15.0,27.0,44000,Tidak,Blok B, reguler ,Backorder
PRD-27625,111,12.0,24.0,411000,Tidak,Blok B,REGULER,Backorder
PRD-44928,408,29.0,13.0,242000,Tidak,Blok B,REGULER,Aman
PRD-87112,14,11.0,23.0,394000,Tidak,Blok B,Premium,Backorder
PRD-44620,497,2.0,5.0,191000,Tidak,Blok A,premium ,Aman
PRD-85166,265,18.0,2.0,67000,Tidak,Blok A,premium ,Aman
PRD-44622,231,2.0,23.0,32000,Tidak,Blok C,Reguler,Aman
PRD-95414,385,13.0,6.0,14000,Ya,Blok B, reguler ,Aman
PRD-23769,242,34.0,,330000,Tidak,Blok A,Premium,Aman
PRD-87975,393,6.0,999.0,395000,Tidak,Blok A,Premium,Aman
PRD-23288,257,,7.0,328000,Tidak,Blok C,premium ,Aman
PRD-52875,154,19.0,6.0,395000,Ya,Blok B,Premium,Menipis
PRD-47289,452,2.0,19.0,76000,Tidak,Blok A,premium ,Aman
PRD-86054,225,5.0,999.0,242000,Tidak,Blok C,premium ,Aman
PRD-19415,56,15.0,25.0,24000,Tidak,Blok C,Reguler,Menipis
PRD-91931,260,31.0,25.0,284000,Tidak,Blok C,premium ,Backorder
PRD-27569,71,45.0,24.0,497000,Tidak,Blok A,Reguler,Backorder
PRD-16893,142,8.0,16.0,98000,Tidak,Blok A,Premium,Menipis
PRD-13358,472,42.0,23.0,352000,Tidak,Blok A,premium ,Backorder
PRD-73610,144,,15.0,46000,Tidak,Blok B,Premium,Backorder
PRD-78020,301,22.0,28.0,107000,Tidak,Blok A,Premium,Backorder
PRD-32257,156,42.0,2.0,496000,Tidak,Blok B,Premium,Aman
PRD-82095,43,38.0,16.0,162000,Tidak,Blok C,Reguler,Backorder
PRD-57078,195,4.0,21.0,315000,Tidak,Blok B,Premium,Aman
PRD-96322,111,37.0,27.0,63000,Ya,Blok C, reguler ,Aman
PRD-44980,10,47.0,26.0,62000,Ya,Blok A,REGULER,Backorder
PRD-70890,471,29.0,24.0,483000,Tidak,Blok C, reguler ,Menipis
PRD-35105,68,38.0,26.0,253000,Tidak,Blok A,Reguler,Backorder
PRD-52348,215,3.0,6.0,353000,Ya,Blok C,premium ,Aman
PRD-94793,353,49.0,4.0,56000,Tidak,Blok B,Reguler,Menipis
PRD-38669,42,,8.0,432000,Tidak,Blok C,Reguler,Aman
PRD-64304,215,28.0,29.0,495000,Tidak,Blok B, reguler ,Menipis
PRD-10968,308,36.0,5.0,114000,Tidak,Blok A,Premium,Aman
PRD-28058,3,36.0,16.0,135000,Tidak,Blok A,Premium,Backorder
PRD-67906,380,34.0,25.0,368000,Tidak,Blok A, reguler ,Backorder
PRD-64620,452,36.0,7.0,483000,Tidak,Blok A,REGULER,Aman
PRD-22002,119,,2.0,368000,Tidak,Blok B,Premium,Aman
PRD-56930,445,,23.0,191000,Tidak,Blok A,premium ,Aman
PRD-10694,185,39.0,9.0,97000,Tidak,Blok A,Reguler,Menipis
PRD-84671,276,12.0,4.0,37000,Tidak,Blok B,REGULER,Aman
PRD-56622,242,41.0,27.0,67000,Tidak,Blok A,Premium,Backorder
PRD-65561,169,20.0,15.0,50000,Tidak,Blok B,Premium,Menipis
PRD-16530,81,2.0,18.0,292000,Tidak,Blok C, reguler ,Aman
PRD-33490,168,32.0,25.0,340000,Tidak,Blok A,premium ,Backorder
PRD-91149,445,39.0,14.0,188000,Ya,Blok C,premium ,Menipis
PRD-13093,226,18.0,9.0,41000,Tidak,Blok A,Reguler,Aman
PRD-14493,331,32.0,19.0,190000,Tidak,Blok A,Premium,Aman
PRD-55066,216,,9.0,158000,Ya,Blok C,Reguler,Menipis
PRD-15813,193,6.0,11.0,63000,Ya,Blok B,Premium,Backorder
PRD-70946,177,20.0,16.0,107000,Tidak,Blok C,Reguler,Backorder
PRD-81667,350,47.0,21.0,116000,Tidak,Blok A, reguler ,Backorder
PRD-23338,79,48.0,26.0,261000,Ya,Blok B,Reguler,Backorder
PRD-81853,368,26.0,7.0,313000,Tidak,Blok A,REGULER,Backorder
PRD-88648,176,13.0,21.0,240000,Tidak,Blok B,premium ,Menipis
PRD-80935,85,44.0,7.0,166000,Tidak,Blok A,premium ,Menipis
PRD-56223,398,17.0,17.0,145000,Ya,Blok A,premium ,Aman
PRD-39204,137,13.0,3.0,165000,Tidak,Blok C,Reguler,Menipis
PRD-47297,201,18.0,22.0,61000,Tidak,Blok B,Reguler,Backorder
PRD-54415,137,8.0,9.0,62000,Ya,Blok A,premium ,Menipis
PRD-25989,23,36.0,24.0,78000,Tidak,Blok A,premium ,Backorder
PRD-82409,19,3.0,2.0,446000,Ya,Blok C,premium ,Aman
PRD-47131,80,12.0,18.0,297000,Ya,Blok A,Premium,Backorder
PRD-97833,142,35.0,7.0,104000,Tidak,Blok C,REGULER,Menipis
PRD-44568,386,38.0,26.0,290000,Tidak,Blok A, reguler ,Backorder
PRD-47228,398,18.0,4.0,90000,Tidak,Blok B,REGULER,Aman
PRD-20481,319,46.0,5.0,392000,Ya,Blok C,premium ,Menipis
PRD-18328,149,15.0,999.0,103000,Ya,Blok C,Reguler,Menipis
PRD-84160,466,16.0,11.0,233000,Tidak,Blok B,Reguler,Aman
PRD-15077,132,28.0,5.0,287000,Tidak,Blok A, reguler ,Menipis
PRD-86256,392,43.0,6.0,313000,Tidak,Blok A,Premium,Menipis
PRD-80821,368,43.0,20.0,105000,Ya,Blok B, reguler ,Menipis
PRD-90758,249,43.0,24.0,499000,Tidak,Blok A, reguler ,Backorder
PRD-98027,448,24.0,24.0,147000,Tidak,Blok C,Premium,Backorder
PRD-71120,476,16.0,15.0,198000,Tidak,Blok B,REGULER,Aman
PRD-89781,337,26.0,16.0,381000,Tidak,Blok C, reguler ,Menipis
PRD-48383,158,29.0,12.0,465000,Ya,Blok A,Reguler,Backorder
PRD-84318,216,39.0,13.0,264000,Tidak,Blok C,Reguler,Backorder
PRD-42355,214,18.0,22.0,65000,Ya,Blok B,premium ,Backorder
PRD-67480,366,11.0,14.0,270000,Tidak,Blok B,Premium,Menipis
PRD-99464,96,44.0,23.0,334000,Ya,Blok C,premium ,Backorder
PRD-44698,203,17.0,11.0,198000,Tidak,Blok B,Reguler,Aman
PRD-15495,210,38.0,12.0,471000,Tidak,Blok B,REGULER,Backorder
PRD-71084,236,35.0,21.0,196000,Tidak,Blok C,premium ,Backorder
PRD-88781,431,24.0,17.0,279000,Tidak,Blok B,Reguler,Menipis
PRD-81854,321,12.0,22.0,333000,Tidak,Blok C,Premium,Aman
PRD-22254,35,13.0,22.0,104000,Tidak,Blok C,Premium,Backorder
PRD-73230,341,18.0,28.0,367000,Tidak,Blok A, reguler ,Backorder
PRD-55436,86,11.0,27.0,451000,Ya,Blok B, reguler ,Backorder
PRD-74174,464,46.0,26.0,359000,Ya,Blok A,premium ,Menipis
PRD-73768,497,17.0,3.0,464000,Tidak,Blok A,Reguler,Aman
PRD-15141,107,32.0,14.0,37000,Tidak,Blok B,Premium,Backorder
PRD-81591,100,38.0,12.0,39000,Tidak,Blok C,Reguler,Backorder
PRD-61224,277,,13.0,150000,Tidak,Blok A,Premium,Aman
PRD-93930,303,21.0,6.0,66000,Ya,Blok A,Reguler,Menipis
PRD-67893,329,17.0,9.0,363000,Tidak,Blok A,premium ,Aman
PRD-81042,17,,21.0,296000,Tidak,Blok C, reguler ,Backorder
PRD-33246,64,24.0,11.0,70000,Tidak,Blok C,REGULER,Backorder
PRD-57605,410,8.0,14.0,196000,Tidak,Blok B,Reguler,Aman
PRD-78816,491,35.0,19.0,486000,Tidak,Blok C,premium ,Backorder
PRD-77474,28,38.0,23.0,366000,Tidak,Blok C,REGULER,Menipis
PRD-28108,204,24.0,12.0,91000,Ya,Blok B,premium ,Aman
PRD-44157,21,20.0,3.0,261000,Tidak,Blok B, reguler ,Backorder
PRD-46483,281,39.0,13.0,312000,Tidak,Blok A,premium ,Backorder
PRD-48467,20,18.0,2.0,259000,Tidak,Blok C,REGULER,Menipis
PRD-84723,212,8.0,10.0,178000,Ya,Blok C,Reguler,Aman
PRD-25479,8,,14.0,442000,Tidak,Blok C,premium ,Backorder
PRD-54223,345,3.0,26.0,293000,Tidak,Blok C,Reguler,Aman
PRD-84796,396,35.0,26.0,265000,Tidak,Blok B,Premium,Backorder
PRD-39430,479,,28.0,480000,Ya,Blok A,Premium,Aman
PRD-76323,239,1.0,22.0,266000,Tidak,Blok C,Reguler,Menipis
PRD-68706,167,31.0,25.0,151000,Ya,Blok A,premium ,Backorder
PRD-76358,386,14.0,15.0,205000,Tidak,Blok B,premium ,Aman
PRD-34972,477,26.0,25.0,478000,Ya,Blok B,Premium,Backorder
PRD-77260,377,17.0,5.0,17000,Ya,Blok A, reguler ,Aman
PRD-56015,494,24.0,20.0,311000,Tidak,Blok C,premium ,Menipis
PRD-57218,400,40.0,4.0,230000,Tidak,Blok B,premium ,Menipis
PRD-82361,322,40.0,27.0,218000,Tidak,Blok B,REGULER,Backorder
PRD-78910,246,11.0,2.0,423000,Tidak,Blok B,premium ,Aman
PRD-31225,55,27.0,5.0,412000,Tidak,Blok C,premium ,Aman
PRD-63276,382,34.0,18.0,69000,Tidak,Blok C,Premium,Aman
PRD-88131,459,27.0,29.0,271000,Tidak,Blok A,premium ,Backorder
PRD-89183,128,46.0,22.0,224000,Tidak,Blok C,Reguler,Menipis
PRD-19435,350,48.0,17.0,432000,Ya,Blok B,Premium,Backorder
PRD-29522,492,4.0,3.0,498000,Ya,Blok B,premium ,Aman
PRD-97695,253,27.0,9.0,105000,Tidak,Blok B, reguler ,Menipis
PRD-81774,202,31.0,29.0,60000,Ya,Blok B,Reguler,Backorder
PRD-56850,387,48.0,3.0,204000,Tidak,Blok B,Reguler,Menipis
PRD-50277,394,36.0,3.0,491000,Tidak,Blok B,Reguler,Menipis
PRD-68002,490,14.0,11.0,177000,Tidak,Blok C,premium ,Aman
PRD-23311,392,25.0,25.0,99000,Ya,Blok B,Reguler,Menipis
PRD-81094,469,6.0,26.0,42000,Ya,Blok C,Reguler,Aman
PRD-19111,388,17.0,26.0,264000,Tidak,Blok B,Reguler,Backorder
PRD-37605,156,10.0,11.0,426000,Ya,Blok A,Reguler,Backorder
PRD-64649,96,38.0,6.0,485000,Tidak,Blok B, reguler ,Menipis
PRD-39709,65,30.0,8.0,323000,Tidak,Blok C,Premium,Menipis
PRD-99389,83,9.0,24.0,370000,Tidak,Blok A,Premium,Backorder
PRD-71078,265,1.0,9.0,385000,Ya,Blok C,Reguler,Aman
PRD-71480,201,9.0,10.0,160000,Ya,Blok B,Premium,Aman
PRD-72509,332,27.0,999.0,331000,Tidak,Blok C,premium ,Menipis
PRD-49310,388,42.0,11.0,443000,Tidak,Blok B,REGULER,Aman
PRD-32890,174,39.0,15.0,125000,Tidak,Blok C,REGULER,Backorder
PRD-75108,221,44.0,,419000,Ya,Blok C, reguler ,Backorder
PRD-86928,163,31.0,13.0,110000,Ya,Blok B,premium ,Backorder
PRD-54989,13,28.0,21.0,421000,Tidak,Blok C, reguler ,Menipis
PRD-13937,306,10.0,22.0,297000,Tidak,Blok B,REGULER,Aman
PRD-63412,366,30.0,21.0,196000,Ya,Blok B,REGULER,Backorder
PRD-62772,422,27.0,4.0,495000,Ya,Blok B,Reguler,Aman
PRD-92856,148,1.0,6.0,274000,Tidak,Blok A,REGULER,Aman
PRD-13262,302,35.0,5.0,216000,Ya,Blok B, reguler ,Aman
PRD-65206,484,4.0,11.0,391000,Ya,Blok C,Reguler,Aman
PRD-18949,360,25.0,8.0,382000,Ya,Blok B,REGULER,Aman
PRD-92643,313,9.0,6.0,229000,Ya,Blok A,Reguler,Aman
PRD-67056,405,46.0,2.0,295000,Ya,Blok C,Reguler,Menipis
PRD-96818,270,14.0,8.0,202000,Ya,Blok A,Reguler,Aman
PRD-50818,205,,24.0,394000,Tidak,Blok A,REGULER,Backorder
PRD-30372,402,27.0,2.0,370000,Ya,Blok C, reguler ,Aman
PRD-95192,110,12.0,11.0,70000,Ya,Blok B, reguler ,Menipis
PRD-75930,193,41.0,27.0,356000,Tidak,Blok B,Reguler,Backorder
PRD-67767,259,5.0,14.0,155000,Tidak,Blok C,Premium,Aman
PRD-39332,233,26.0,5.0,258000,Tidak,Blok B, reguler ,Aman
PRD-14090,59,24.0,22.0,457000,Tidak,Blok B, reguler ,Backorder
PRD-26450,444,39.0,25.0,444000,Ya,Blok B,Premium,Backorder
PRD-83251,202,18.0,17.0,316000,Tidak,Blok B,premium ,Backorder
PRD-29465,126,10.0,13.0,485000,Tidak,Blok B,premium ,Menipis
PRD-24908,20,37.0,6.0,83000,Tidak,Blok B,Reguler,Aman
PRD-98860,280,29.0,26.0,412000,Tidak,Blok B, reguler ,Backorder
PRD-84532,405,28.0,20.0,179000,Tidak,Blok C,Premium,Backorder
PRD-30079,376,,4.0,158000,Tidak,Blok A,REGULER,Aman
PRD-85976,495,3.0,25.0,325000,Ya,Blok B,premium ,Menipis
PRD-27500,141,33.0,19.0,339000,Tidak,Blok A,Premium,Backorder
PRD-97453,421,,12.0,265000,Tidak,Blok B,premium ,Menipis
PRD-40816,328,41.0,8.0,391000,Tidak,Blok B,REGULER,Aman
PRD-24404,494,22.0,24.0,182000,Tidak,Blok A,Premium,Backorder
PRD-10209,147,12.0,24.0,106000,Tidak,Blok A, reguler ,Menipis
PRD-15608,381,1.0,11.0,326000,Tidak,Blok C,premium ,Backorder
PRD-42954,367,46.0,6.0,160000,Tidak,Blok A, reguler ,Backorder
PRD-72768,368,19.0,18.0,400000,Tidak,Blok C,premium ,Backorder
PRD-13747,318,12.0,23.0,448000,Tidak,Blok A,REGULER,Aman
PRD-70403,310,24.0,10.0,315000,Ya,Blok C,Reguler,Menipis
PRD-65381,445,13.0,25.0,226000,Tidak,Blok B,REGULER,Aman
PRD-61880,240,42.0,29.0,12000,Tidak,Blok A,REGULER,Menipis
PRD-26167,299,35.0,9.0,114000,Tidak,Blok B,Premium,Menipis
PRD-14603,153,29.0,13.0,347000,Tidak,Blok A,REGULER,Menipis
PRD-38393,100,35.0,12.0,193000,Tidak,Blok A,REGULER,Backorder
PRD-81246,284,37.0,16.0,96000,Tidak,Blok C,Reguler,Backorder
PRD-73656,314,,19.0,357000,Tidak,Blok A,REGULER,Backorder
PRD-33019,244,8.0,20.0,322000,Tidak,Blok A,REGULER,Aman
PRD-44700,136,29.0,15.0,16000,Tidak,Blok A,premium ,Backorder
PRD-47327,420,41.0,13.0,381000,Ya,Blok C,Reguler,Backorder
PRD-20750,340,40.0,27.0,368000,Ya,Blok A,REGULER,Backorder
PRD-77695,427,36.0,21.0,379000,Tidak,Blok C,Premium,Backorder
PRD-55758,486,33.0,10.0,497000,Ya,Blok C,premium ,Backorder
PRD-27073,403,9.0,12.0,462000,Tidak,Blok A,Premium,Aman
PRD-82144,331,3.0,21.0,106000,Ya,Blok C,premium ,Aman
PRD-90811,445,1.0,5.0,21000,Tidak,Blok C,Reguler,Menipis
PRD-24551,175,43.0,,291000,Ya,Blok A,Reguler,Menipis
PRD-85330,484,,12.0,343000,Ya,Blok A,Premium,Aman
PRD-39734,67,46.0,21.0,18000,Ya,Blok A,Reguler,Backorder
PRD-93360,307,23.0,7.0,244000,Tidak,Blok C,REGULER,Backorder
PRD-57864,19,15.0,9.0,368000,Tidak,Blok B,Reguler,Backorder
PRD-88832,46,35.0,2.0,431000,Ya,Blok C, reguler ,Backorder
PRD-85020,2,37.0,10.0,375000,Tidak,Blok B, reguler ,Backorder
PRD-78593,400,10.0,11.0,77000,Ya,Blok B, reguler ,Aman
PRD-62870,163,12.0,19.0,141000,Tidak,Blok C,REGULER,Aman
PRD-44268,224,20.0,24.0,391000,Tidak,Blok B,REGULER,Backorder
PRD-95193,119,41.0,16.0,425000,Ya,Blok B,Reguler,Backorder
PRD-40286,397,35.0,26.0,138000,Tidak,Blok B, reguler ,Backorder
PRD-92315,249,41.0,29.0,200000,Tidak,Blok A, reguler ,Menipis
PRD-73133,185,19.0,12.0,235000,Tidak,Blok C,premium ,Backorder
PRD-66561,231,42.0,16.0,96000,Ya,Blok B,REGULER,Backorder
PRD-77028,459,31.0,25.0,247000,Tidak,Blok B,Reguler,Backorder
PRD-93596,489,,14.0,288000,Ya,Blok C, reguler ,Backorder
PRD-48196,193,49.0,13.0,386000,Ya,Blok C, reguler ,Menipis
PRD-24266,3,24.0,13.0,241000,Tidak,Blok B, reguler ,Menipis
PRD-74379,284,7.0,10.0,29000,Tidak,Blok C,REGULER,Aman
PRD-54306,18,33.0,27.0,13000,Tidak,Blok C,premium ,Backorder
PRD-65284,255,18.0,11.0,201000,Ya,Blok C,Premium,Backorder
PRD-23237,412,5.0,7.0,494000,Tidak,Blok B,REGULER,Aman
PRD-84176,468,47.0,3.0,470000,Tidak,Blok B,Premium,Aman
PRD-45631,412,48.0,27.0,206000,Tidak,Blok A,premium ,Aman
PRD-70128,136,7.0,28.0,87000,Tidak,Blok A,REGULER,Menipis
PRD-46943,292,42.0,7.0,257000,Tidak,Blok C, reguler ,Aman
PRD-34299,178,36.0,24.0,133000,Tidak,Blok A,Reguler,Backorder
PRD-47418,29,49.0,21.0,238000,Ya,Blok C,Reguler,Backorder
PRD-20749,196,19.0,5.0,259000,Ya,Blok B, reguler ,Aman
PRD-99572,67,28.0,27.0,188000,Ya,Blok C,Reguler,Menipis
PRD-21882,124,42.0,19.0,68000,Ya,Blok A, reguler ,Aman
PRD-57924,363,33.0,3.0,115000,Tidak,Blok A,Reguler,Menipis
PRD-61886,461,32.0,4.0,446000,Tidak,Blok C,Premium,Aman
PRD-97687,251,29.0,26.0,133000,Ya,Blok B,Reguler,Backorder
PRD-95469,200,5.0,15.0,82000,Tidak,Blok A,REGULER,Aman
PRD-99493,325,,15.0,32000,Tidak,Blok B, reguler ,Aman
PRD-43380,188,47.0,,297000,Ya,Blok A, reguler ,Backorder
PRD-71600,387,10.0,13.0,166000,Ya,Blok C,Reguler,Aman
PRD-23107,280,42.0,11.0,101000,Ya,Blok B,Reguler,Backorder
PRD-29942,58,44.0,9.0,276000,Tidak,Blok A, reguler ,Menipis
PRD-63634,258,12.0,25.0,289000,Tidak,Blok B,Premium,Backorder
PRD-45450,242,5.0,10.0,408000,Tidak,Blok B,REGULER,Menipis
PRD-73627,429,36.0,16.0,249000,Tidak,Blok A,REGULER,Backorder
PRD-35372,402,48.0,2.0,470000,Tidak,Blok A, reguler ,Aman
PRD-57775,114,30.0,28.0,104000,Ya,Blok B, reguler ,Menipis
PRD-90135,30,4.0,8.0,455000,Tidak,Blok B,Reguler,Menipis
PRD-79852,91,4.0,999.0,145000,Ya,Blok C,Premium,Aman
PRD-98425,57,1.0,2.0,367000,Ya,Blok A,Premium,Aman
PRD-11015,51,16.0,19.0,313000,Tidak,Blok A,REGULER,Backorder
PRD-24728,8,17.0,22.0,282000,Tidak,Blok A,Reguler,Backorder
PRD-68272,483,26.0,10.0,302000,Tidak,Blok B,premium ,Aman
PRD-60357,375,9.0,14.0,441000,Ya,Blok B, reguler ,Aman
PRD-85758,201,47.0,27.0,23000,Tidak,Blok B, reguler ,Menipis
PRD-37386,320,46.0,3.0,252000,Tidak,Blok B,premium ,Menipis
PRD-64847,345,35.0,16.0,183000,Tidak,Blok A, reguler ,Menipis
PRD-51256,460,19.0,29.0,433000,Tidak,Blok A, reguler ,Backorder
PRD-13453,223,9.0,21.0,380000,Tidak,Blok C,Reguler,Aman
PRD-76425,211,20.0,2.0,160000,Tidak,Blok A,REGULER,Aman
PRD-67748,189,23.0,27.0,86000,Ya,Blok C,Premium,Menipis
PRD-45270,257,30.0,10.0,36000,Ya,Blok A,Premium,Menipis
PRD-72559,118,45.0,11.0,31000,Tidak,Blok A, reguler ,Backorder
PRD-52946,32,5.0,15.0,367000,Tidak,Blok C,Premium,Menipis
PRD-26163,14,15.0,16.0,235000,Tidak,Blok A, reguler ,Backorder
PRD-56335,293,41.0,20.0,373000,Tidak,Blok C,REGULER,Backorder
PRD-76606,68,23.0,28.0,137000,Tidak,Blok A,premium ,Backorder
PRD-12019,412,,18.0,138000,Ya,Blok C,REGULER,Menipis
PRD-87518,181,,29.0,231000,Tidak,Blok C,premium ,Backorder
PRD-67772,171,4.0,9.0,418000,Tidak,Blok A,Premium,Aman
PRD-64624,277,39.0,19.0,386000,Tidak,Blok A,REGULER,Backorder
PRD-12580,385,21.0,5.0,27000,Ya,Blok B,Reguler,Aman
PRD-47198,499,7.0,2.0,281000,Tidak,Blok C, reguler ,Aman
PRD-85361,18,27.0,12.0,134000,Tidak,Blok C,REGULER,Aman
PRD-59056,300,25.0,28.0,452000,Tidak,Blok C, reguler ,Backorder
PRD-94774,404,29.0,20.0,362000,Ya,Blok C, reguler ,Backorder
PRD-91144,408,29.0,12.0,312000,Ya,Blok C,Reguler,Backorder
PRD-98877,406,8.0,26.0,477000,Ya,Blok B,REGULER,Aman
PRD-22224,178,13.0,26.0,421000,Ya,Blok A, reguler ,Menipis
PRD-54811,73,43.0,22.0,29000,Tidak,Blok A,Premium,Backorder
PRD-58888,188,9.0,5.0,313000,Tidak,Blok C,Reguler,Aman
PRD-93203,225,29.0,23.0,365000,Tidak,Blok B,Reguler,Backorder
PRD-37690,200,,14.0,53000,Tidak,Blok A,REGULER,Backorder
PRD-74947,26,30.0,21.0,54000,Tidak,Blok B,REGULER,Menipis
PRD-67804,132,46.0,20.0,403000,Tidak,Blok A, reguler ,Backorder
PRD-76720,384,42.0,7.0,266000,Tidak,Blok A, reguler ,Menipis
PRD-42705,387,2.0,13.0,201000,Ya,Blok C,REGULER,Aman
PRD-26478,22,3.0,12.0,37000,Ya,Blok C, reguler ,Menipis
PRD-64237,407,26.0,18.0,460000,Ya,Blok A,REGULER,Aman
PRD-52459,289,10.0,5.0,301000,Tidak,Blok A,REGULER,Aman
PRD-48179,256,49.0,29.0,392000,Tidak,Blok A,Reguler,Backorder
PRD-93108,112,21.0,8.0,483000,Tidak,Blok C,premium ,Backorder
PRD-28074,476,11.0,25.0,156000,Tidak,Blok A,premium ,Aman
PRD-51844,171,3.0,6.0,109000,Tidak,Blok A,Premium,Aman
PRD-96426,292,29.0,17.0,370000,Tidak,Blok B,Premium,Menipis
PRD-54387,35,7.0,6.0,56000,Ya,Blok B,REGULER,Backorder
PRD-33004,39,17.0,21.0,76000,Tidak,Blok A,Reguler,Backorder
PRD-59028,108,1.0,13.0,209000,Tidak,Blok C,premium ,Aman
PRD-99045,169,36.0,18.0,240000,Tidak,Blok B,REGULER,Backorder
PRD-21302,259,,22.0,52000,Tidak,Blok A,premium ,Aman
PRD-44512,312,35.0,8.0,114000,Tidak,Blok B,REGULER,Menipis
PRD-58651,122,11.0,22.0,52000,Ya,Blok C, reguler ,Backorder
PRD-91571,371,45.0,23.0,303000,Tidak,Blok B, reguler ,Backorder
PRD-44012,247,49.0,9.0,452000,Tidak,Blok A,Premium,Backorder
PRD-98031,359,22.0,27.0,371000,Tidak,Blok C,REGULER,Menipis
PRD-55565,281,11.0,19.0,447000,Ya,Blok C,Reguler,Aman
PRD-37200,70,3.0,24.0,144000,Ya,Blok B,Reguler,Menipis
PRD-23890,382,43.0,22.0,463000,Tidak,Blok C,Reguler,Backorder
PRD-48897,101,6.0,12.0,391000,Tidak,Blok C, reguler ,Menipis
PRD-36270,465,20.0,9.0,285000,Tidak,Blok C,Premium,Aman
PRD-93055,69,4.0,8.0,303000,Tidak,Blok C, reguler ,Aman
PRD-23844,357,32.0,15.0,351000,Ya,Blok B, reguler ,Backorder
PRD-21944,163,26.0,20.0,281000,Tidak,Blok C,Premium,Backorder
PRD-33123,135,2.0,,491000,Tidak,Blok B,Reguler,Aman
PRD-24924,153,37.0,27.0,451000,Tidak,Blok A,Premium,Backorder
PRD-23275,297,21.0,7.0,230000,Tidak,Blok C, reguler ,Menipis
PRD-18711,0,4.0,2.0,236000,Tidak,Blok C,premium ,Backorder
PRD-33450,176,3.0,25.0,220000,Tidak,Blok C,Reguler,Aman
PRD-48506,277,34.0,999.0,241000,Tidak,Blok C,Reguler,Aman
PRD-93637,491,11.0,19.0,57000,Tidak,Blok A,premium ,Aman
PRD-19505,16,26.0,23.0,184000,Tidak,Blok A,REGULER,Backorder
PRD-11651,410,22.0,23.0,183000,Ya,Blok A,REGULER,Backorder
PRD-11920,386,4.0,7.0,311000,Tidak,Blok C,Reguler,Aman
PRD-31602,370,4.0,26.0,32000,Ya,Blok A, reguler ,Aman
PRD-68008,235,1.0,10.0,98000,Tidak,Blok B, reguler ,Aman
PRD-27996,297,8.0,999.0,498000,Ya,Blok B,Premium,Aman
PRD-20683,111,6.0,14.0,395000,Tidak,Blok C,REGULER,Menipis
PRD-11481,324,12.0,27.0,25000,Tidak,Blok A, reguler ,Backorder
PRD-98891,190,23.0,5.0,369000,Tidak,Blok B,premium ,Backorder
PRD-65077,301,47.0,28.0,426000,Tidak,Blok B,Premium,Aman
PRD-87527,310,42.0,3.0,159000,Tidak,Blok C,REGULER,Menipis
PRD-75557,481,,12.0,161000,Tidak,Blok C, reguler ,Menipis
PRD-85450,434,40.0,19.0,370000,Tidak,Blok A,premium ,Backorder
PRD-49850,100,10.0,9.0,122000,Ya,Blok A,Reguler,Menipis
PRD-13089,488,20.0,24.0,42000,Ya,Blok C,Premium,Aman
PRD-86958,95,33.0,4.0,454000,Ya,Blok C, reguler ,Backorder
PRD-97363,65,33.0,24.0,482000,Tidak,Blok A, reguler ,Backorder
PRD-77143,430,27.0,28.0,317000,Tidak,Blok B,Reguler,Backorder
PRD-47208,17,13.0,14.0,264000,Tidak,Blok C,premium ,Backorder
PRD-43979,399,44.0,22.0,261000,Tidak,Blok B,Reguler,Backorder
PRD-30559,430,27.0,18.0,216000,Tidak,Blok A,premium ,Backorder
PRD-43798,321,,9.0,113000,Ya,Blok A,Reguler,Aman
PRD-43957,187,13.0,26.0,120000,Tidak,Blok C,Reguler,Backorder
PRD-10117,260,42.0,10.0,88000,Tidak,Blok A,Reguler,Aman
PRD-91383,271,35.0,999.0,289000,Tidak,Blok C,premium ,Aman
PRD-24397,187,1.0,15.0,495000,Tidak,Blok B, reguler ,Aman
PRD-53978,467,15.0,25.0,395000,Ya,Blok A,REGULER,Menipis
PRD-59854,276,1.0,10.0,56000,Tidak,Blok A,premium ,Aman
PRD-80507,273,42.0,,217000,Tidak,Blok A,Reguler,Aman
PRD-96769,365,41.0,22.0,219000,Ya,Blok C,REGULER,Aman
PRD-78472,94,9.0,21.0,446000,Tidak,Blok A,Reguler,Backorder
PRD-29033,398,34.0,4.0,421000,Tidak,Blok B,Reguler,Menipis
PRD-79453,71,44.0,24.0,499000,Tidak,Blok B, reguler ,Backorder
PRD-43662,429,34.0,2.0,86000,Tidak,Blok C,premium ,Aman
PRD-38133,321,33.0,3.0,395000,Tidak,Blok B,Premium,Aman
PRD-37632,308,31.0,5.0,293000,Tidak,Blok B,Premium,Aman
PRD-33039,348,47.0,18.0,106000,Tidak,Blok C,premium ,Backorder
PRD-16449,256,25.0,16.0,205000,Tidak,Blok B,Premium,Aman
PRD-92722,229,30.0,29.0,243000,Tidak,Blok A,premium ,Backorder
PRD-64675,459,11.0,24.0,428000,Tidak,Blok C,Reguler,Aman
PRD-30842,54,36.0,16.0,283000,Ya,Blok B,Reguler,Backorder
PRD-38228,194,39.0,7.0,199000,Ya,Blok B, reguler ,Backorder
PRD-49531,151,21.0,25.0,138000,Tidak,Blok A,Premium,Backorder
PRD-14381,332,,29.0,192000,Tidak,Blok A, reguler ,Aman
PRD-15197,31,42.0,23.0,271000,Ya,Blok A,REGULER,Menipis
PRD-54261,58,4.0,999.0,243000,Ya,Blok B,Reguler,Backorder
PRD-77396,294,6.0,5.0,408000,Tidak,Blok C, reguler ,Aman
PRD-19230,455,35.0,19.0,216000,Ya,Blok C,Reguler,Backorder
PRD-34519,273,22.0,25.0,447000,Tidak,Blok C,Premium,Aman
PRD-32948,61,11.0,8.0,323000,Ya,Blok B,Reguler,Menipis
PRD-44217,27,41.0,12.0,296000,Tidak,Blok A,Premium,Aman
PRD-34281,50,27.0,22.0,113000,Tidak,Blok B,Premium,Backorder
PRD-35772,135,5.0,12.0,190000,Tidak,Blok C,Reguler,Aman
PRD-33457,302,49.0,25.0,330000,Ya,Blok B,REGULER,Backorder
PRD-45525,306,14.0,28.0,254000,Ya,Blok B,REGULER,Backorder
PRD-75441,435,34.0,5.0,104000,Ya,Blok B,Reguler,Menipis
PRD-18524,95,28.0,19.0,403000,Tidak,Blok B,premium ,Backorder
PRD-19686,250,14.0,11.0,351000,Tidak,Blok C,REGULER,Aman
PRD-32054,243,2.0,7.0,295000,Tidak,Blok A,REGULER,Aman
PRD-87511,366,17.0,27.0,112000,Ya,Blok C, reguler ,Menipis
PRD-61667,400,8.0,9.0,352000,Tidak,Blok C,Reguler,Aman
PRD-20794,354,23.0,29.0,440000,Tidak,Blok C, reguler ,Backorder
PRD-33408,425,36.0,8.0,268000,Ya,Blok C,REGULER,Backorder
PRD-48498,330,33.0,10.0,373000,Tidak,Blok B,Reguler,Backorder
PRD-92197,112,41.0,26.0,495000,Tidak,Blok B, reguler ,Backorder
PRD-46939,244,21.0,7.0,368000,Tidak,Blok A,Reguler,Aman
PRD-58688,78,,,448000,Ya,Blok B,REGULER,Menipis
PRD-64911,58,43.0,5.0,299000,Tidak,Blok C,premium ,Backorder
PRD-31330,363,5.0,16.0,234000,Tidak,Blok A,REGULER,Menipis
PRD-65279,83,7.0,24.0,39000,Tidak,Blok B,REGULER,Backorder
PRD-12567,214,24.0,6.0,265000,Ya,Blok B, reguler ,Menipis
PRD-30566,36,45.0,17.0,412000,Tidak,Blok C, reguler ,Backorder
PRD-36926,427,49.0,8.0,386000,Tidak,Blok B,REGULER,Aman
PRD-67450,157,26.0,2.0,314000,Tidak,Blok B, reguler ,Aman
PRD-48975,465,24.0,6.0,234000,Ya,Blok C,Reguler,Aman
PRD-95474,301,11.0,21.0,331000,Tidak,Blok C, reguler ,Aman
PRD-70695,55,10.0,2.0,468000,Tidak,Blok C,Reguler,Aman
PRD-74604,111,21.0,10.0,402000,Ya,Blok C,premium ,Aman
PRD-79672,185,15.0,4.0,367000,Tidak,Blok C, reguler ,Aman
PRD-86700,230,24.0,23.0,159000,Tidak,Blok B,REGULER,Backorder
PRD-83384,445,44.0,14.0,394000,Tidak,Blok A,Reguler,Menipis
PRD-30219,397,1.0,17.0,113000,Tidak,Blok C, reguler ,Aman
PRD-67265,330,41.0,6.0,218000,Ya,Blok C,Premium,Menipis
PRD-38202,176,39.0,14.0,337000,Ya,Blok A, reguler ,Backorder
PRD-56427,275,40.0,4.0,210000,Ya,Blok B,premium ,Backorder
PRD-57414,409,,16.0,441000,Tidak,Blok C,REGULER,Aman
PRD-81289,187,20.0,27.0,177000,Ya,Blok C,premium ,Menipis
PRD-18036,264,14.0,999.0,20000,Ya,Blok C,premium ,Aman
PRD-97744,57,17.0,7.0,387000,Tidak,Blok A,REGULER,Backorder
PRD-10338,470,,25.0,33000,Ya,Blok B,Premium,Aman
PRD-92936,173,33.0,24.0,359000,Tidak,Blok B,Premium,Backorder
PRD-64912,287,13.0,3.0,374000,Tidak,Blok A,premium ,Aman
PRD-60639,365,7.0,17.0,315000,Tidak,Blok C,REGULER,Aman
PRD-15622,15,32.0,5.0,397000,Tidak,Blok A,REGULER,Backorder
PRD-54111,12,5.0,22.0,66000,Tidak,Blok A, reguler ,Backorder
PRD-42606,243,14.0,20.0,298000,Tidak,Blok A,premium ,Menipis
PRD-12179,76,23.0,26.0,257000,Tidak,Blok C,Premium,Backorder
PRD-54569,265,4.0,23.0,44000,Tidak,Blok A,premium ,Aman
PRD-53001,37,11.0,26.0,271000,Tidak,Blok C,Reguler,Backorder
PRD-60341,303,46.0,29.0,41000,Ya,Blok B,Reguler,Backorder
PRD-90391,402,40.0,26.0,80000,Tidak,Blok A,REGULER,Menipis
PRD-71510,109,25.0,21.0,171000,Tidak,Blok C,premium ,Backorder
PRD-97983,318,4.0,18.0,189000,Ya,Blok B,Premium,Aman
PRD-89872,281,26.0,19.0,160000,Tidak,Blok C,Premium,Backorder
PRD-19587,336,47.0,25.0,122000,Ya,Blok B,REGULER,Backorder
PRD-85791,220,8.0,18.0,426000,Tidak,Blok C,REGULER,Aman
PRD-24859,87,41.0,10.0,384000,Tidak,Blok B,premium ,Backorder
PRD-79202,398,37.0,16.0,418000,Tidak,Blok B,REGULER,Menipis
PRD-44087,427,8.0,11.0,176000,Tidak,Blok C,Premium,Aman
PRD-99234,331,13.0,28.0,243000,Tidak,Blok A,premium ,Aman
PRD-23918,302,13.0,7.0,331000,Ya,Blok A,premium ,Aman
PRD-95655,269,35.0,6.0,475000,Tidak,Blok A,Reguler,Menipis
PRD-21672,271,,29.0,194000,Ya,Blok C,Reguler,Backorder
PRD-37250,262,43.0,25.0,482000,Tidak,Blok B,Reguler,Backorder
PRD-40314,281,33.0,21.0,434000,Ya,Blok C,Premium,Backorder
PRD-26748,191,4.0,25.0,70000,Tidak,Blok B, reguler ,Aman
PRD-64238,453,24.0,10.0,415000,Ya,Blok C,premium ,Backorder
PRD-61448,78,39.0,18.0,158000,Tidak,Blok A, reguler ,Backorder
PRD-54237,286,42.0,16.0,95000,Ya,Blok C,REGULER,Backorder
PRD-58795,443,38.0,28.0,298000,Ya,Blok C,Premium,Backorder
PRD-55254,308,39.0,15.0,99000,Tidak,Blok A,REGULER,Backorder
PRD-52668,88,6.0,23.0,195000,Tidak,Blok C,Reguler,Menipis
PRD-60521,268,12.0,26.0,351000,Tidak,Blok B,Premium,Backorder
PRD-73143,225,39.0,6.0,151000,Tidak,Blok C,Reguler,Menipis
PRD-24021,210,42.0,14.0,472000,Tidak,Blok B, reguler ,Menipis
PRD-82930,285,30.0,10.0,93000,Tidak,Blok B,REGULER,Backorder
PRD-72187,362,30.0,8.0,295000,Ya,Blok A,REGULER,Aman
PRD-57780,442,21.0,999.0,130000,Tidak,Blok B, reguler ,Menipis
PRD-69979,41,7.0,21.0,291000,Tidak,Blok B,Premium,Backorder
PRD-63574,320,25.0,9.0,90000,Tidak,Blok A, reguler ,Aman
PRD-31329,151,16.0,5.0,101000,Tidak,Blok A,premium ,Menipis
PRD-57997,329,31.0,29.0,435000,Ya,Blok C,premium ,Backorder
PRD-28688,265,40.0,5.0,179000,Ya,Blok B, reguler ,Aman
PRD-87514,269,28.0,11.0,95000,Tidak,Blok C,REGULER,Aman
PRD-51335,429,1.0,17.0,431000,Ya,Blok C,Reguler,Aman
PRD-69182,341,4.0,5.0,74000,Tidak,Blok A,premium ,Aman
PRD-22874,68,32.0,14.0,440000,Ya,Blok A,REGULER,Backorder
PRD-83369,113,10.0,25.0,428000,Ya,Blok B,premium ,Backorder
PRD-82320,175,18.0,19.0,244000,Tidak,Blok A,premium ,Backorder
PRD-64362,419,,17.0,233000,Ya,Blok B,premium ,Backorder
PRD-42634,86,35.0,13.0,61000,Tidak,Blok A, reguler ,Backorder
PRD-90688,478,,9.0,15000,Tidak,Blok B,Reguler,Aman
PRD-89578,299,15.0,23.0,327000,Tidak,Blok B,premium ,Aman
PRD-62733,338,49.0,7.0,251000,Tidak,Blok B,Premium,Menipis
PRD-98442,55,33.0,15.0,481000,Tidak,Blok B,Premium,Backorder
PRD-64970,478,3.0,18.0,498000,Ya,Blok B,REGULER,Aman
PRD-60108,84,41.0,27.0,496000,Ya,Blok C,Premium,Backorder
PRD-77551,23,41.0,11.0,318000,Tidak,Blok C, reguler ,Backorder
PRD-88563,283,6.0,20.0,211000,Tidak,Blok B,premium ,Aman
PRD-91490,142,2.0,13.0,363000,Tidak,Blok C,REGULER,Menipis
PRD-35765,407,37.0,7.0,393000,Tidak,Blok B,Premium,Aman
PRD-42049,454,18.0,21.0,226000,Tidak,Blok C,REGULER,Menipis
PRD-87066,291,13.0,5.0,48000,Tidak,Blok C,Reguler,Aman
PRD-39961,80,38.0,23.0,295000,Tidak,Blok C,Reguler,Backorder
PRD-50136,391,21.0,9.0,235000,Ya,Blok C,Reguler,Menipis
PRD-26014,14,4.0,23.0,136000,Tidak,Blok A, reguler ,Backorder
PRD-93231,5,21.0,11.0,260000,Ya,Blok B,Premium,Backorder
PRD-64195,496,21.0,,347000,Tidak,Blok B,Reguler,Aman
PRD-45920,350,37.0,29.0,156000,Ya,Blok A, reguler ,Menipis
PRD-52215,211,38.0,19.0,60000,Tidak,Blok B,premium ,Aman
PRD-83688,451,29.0,24.0,306000,Ya,Blok C,REGULER,Backorder
PRD-86534,57,23.0,14.0,135000,Tidak,Blok A,Premium,Backorder
PRD-66652,161,12.0,24.0,419000,Tidak,Blok A,premium ,Backorder
PRD-76809,456,40.0,19.0,475000,Tidak,Blok A,Reguler,Backorder
PRD-62290,128,49.0,22.0,46000,Tidak,Blok A,Reguler,Menipis
PRD-61567,438,9.0,11.0,250000,Tidak,Blok C,premium ,Aman
PRD-37044,357,5.0,26.0,158000,Tidak,Blok A,REGULER,Aman
PRD-53355,324,28.0,22.0,324000,Tidak,Blok C,Reguler,Menipis
PRD-32076,484,4.0,21.0,335000,Ya,Blok A,REGULER,Menipis
PRD-64722,52,46.0,999.0,55000,Ya,Blok C,Premium,Menipis
PRD-59777,12,23.0,3.0,425000,Tidak,Blok C,premium ,Backorder
PRD-12801,201,30.0,24.0,194000,Tidak,Blok C,Reguler,Menipis
PRD-43545,335,27.0,5.0,183000,Tidak,Blok A,premium ,Aman
PRD-74952,325,32.0,28.0,479000,Ya,Blok A, reguler ,Backorder
PRD-86429,473,19.0,9.0,134000,Tidak,Blok B,Reguler,Aman
PRD-28452,494,37.0,23.0,114000,Ya,Blok C,REGULER,Backorder
PRD-47412,387,7.0,21.0,78000,Tidak,Blok C,Premium,Aman
PRD-75061,231,18.0,24.0,28000,Ya,Blok A, reguler ,Backorder
PRD-57024,341,26.0,4.0,388000,Ya,Blok A, reguler ,Aman
PRD-99335,247,37.0,6.0,11000,Tidak,Blok A,premium ,Backorder
PRD-12962,406,23.0,22.0,213000,Tidak,Blok A,premium ,Backorder
PRD-14018,111,9.0,2.0,314000,Tidak,Blok C,Reguler,Aman
PRD-12366,431,39.0,11.0,425000,Ya,Blok A,Reguler,Aman
PRD-50953,255,26.0,14.0,447000,Ya,Blok A,Reguler,Backorder
PRD-37364,277,28.0,22.0,13000,Ya,Blok C,Premium,Backorder
PRD-68031,51,25.0,999.0,459000,Tidak,Blok B,premium ,Backorder
PRD-42694,426,33.0,20.0,351000,Ya,Blok A, reguler ,Menipis
PRD-18562,370,38.0,25.0,431000,Tidak,Blok B,REGULER,Backorder
PRD-20478,322,1.0,12.0,466000,Tidak,Blok C,premium ,Aman
PRD-56202,234,,7.0,391000,Tidak,Blok C, reguler ,Aman
PRD-18507,2,15.0,16.0,402000,Tidak,Blok C,premium ,Backorder
PRD-46394,448,26.0,11.0,95000,Ya,Blok B,Premium,Menipis
PRD-76351,171,7.0,29.0,413000,Tidak,Blok C,premium ,Aman
PRD-90703,77,49.0,28.0,291000,Tidak,Blok A,Reguler,Backorder
PRD-61012,72,24.0,14.0,65000,Tidak,Blok B, reguler ,Backorder
PRD-99813,453,49.0,19.0,218000,Tidak,Blok C,REGULER,Menipis
PRD-82369,262,32.0,16.0,378000,Tidak,Blok C,premium ,Menipis
PRD-61962,439,4.0,3.0,206000,Tidak,Blok B,Reguler,Aman
PRD-54140,365,7.0,2.0,468000,Tidak,Blok C,Reguler,Aman
PRD-29008,472,46.0,7.0,364000,Tidak,Blok A,Premium,Aman
PRD-24497,359,47.0,8.0,377000,Tidak,Blok B,Premium,Aman
PRD-55836,264,12.0,999.0,391000,Tidak,Blok C,premium ,Menipis
PRD-78344,148,26.0,25.0,302000,Tidak,Blok A,premium ,Backorder
PRD-42334,464,49.0,7.0,304000,Ya,Blok B,REGULER,Menipis
PRD-79806,194,31.0,4.0,91000,Tidak,Blok C, reguler ,Aman
PRD-31164,304,9.0,15.0,319000,Tidak,Blok A,Reguler,Aman
PRD-38307,286,26.0,20.0,257000,Tidak,Blok C,Reguler,Backorder
PRD-61990,244,38.0,27.0,256000,Tidak,Blok B,premium ,Backorder
PRD-94303,273,30.0,19.0,290000,Tidak,Blok B, reguler ,Backorder
PRD-61658,482,36.0,15.0,450000,Tidak,Blok A,Premium,Menipis
PRD-85060,211,30.0,11.0,184000,Ya,Blok C,Premium,Backorder
PRD-70603,261,17.0,24.0,488000,Tidak,Blok A,premium ,Menipis
PRD-12389,259,,3.0,140000,Tidak,Blok C, reguler ,Aman
PRD-73220,386,1.0,27.0,231000,Tidak,Blok A,Reguler,Aman
PRD-34354,225,39.0,19.0,262000,Tidak,Blok C,Premium,Backorder
PRD-95693,145,15.0,25.0,378000,Tidak,Blok C,REGULER,Menipis
PRD-53021,393,30.0,22.0,259000,Tidak,Blok C, reguler ,Backorder
PRD-14675,241,33.0,25.0,459000,Tidak,Blok C,Premium,Backorder
PRD-16910,251,47.0,24.0,395000,Ya,Blok B, reguler ,Backorder
PRD-95657,96,44.0,20.0,67000,Tidak,Blok C,Premium,Backorder
PRD-83664,359,35.0,15.0,150000,Ya,Blok A,premium ,Backorder
PRD-63693,253,37.0,10.0,472000,Tidak,Blok B,Reguler,Backorder
PRD-64646,21,40.0,24.0,368000,Tidak,Blok B,Reguler,Backorder
PRD-91994,332,45.0,8.0,56000,Tidak,Blok C,Reguler,Menipis
PRD-64131,418,2.0,21.0,279000,Tidak,Blok A,premium ,Aman
PRD-95280,453,24.0,26.0,80000,Ya,Blok B,premium ,Backorder
PRD-79724,315,21.0,24.0,116000,Ya,Blok B, reguler ,Backorder
PRD-85801,220,49.0,24.0,318000,Tidak,Blok A,Reguler,Backorder
PRD-95579,311,26.0,26.0,79000,Tidak,Blok C,REGULER,Backorder
PRD-48501,130,24.0,,480000,Tidak,Blok A,premium ,Aman
PRD-44624,336,43.0,5.0,245000,Tidak,Blok A,premium ,Aman
PRD-47436,80,1.0,20.0,376000,Tidak,Blok C, reguler ,Aman
PRD-87338,452,15.0,999.0,232000,Ya,Blok B,Premium,Aman
PRD-95998,367,36.0,5.0,79000,Ya,Blok C,premium ,Menipis
PRD-19797,454,49.0,8.0,60000,Tidak,Blok C, reguler ,Backorder
PRD-11674,24,11.0,26.0,480000,Tidak,Blok A,Premium,Backorder
PRD-49619,29,28.0,7.0,488000,Tidak,Blok C,Reguler,Backorder
PRD-23565,166,27.0,16.0,140000,Ya,Blok C,Reguler,Backorder
PRD-97640,88,47.0,13.0,153000,Ya,Blok B, reguler ,Backorder
PRD-56142,219,12.0,6.0,219000,Ya,Blok C,Premium,Aman
PRD-88894,75,32.0,20.0,357000,Ya,Blok B,Premium,Menipis
PRD-14924,419,5.0,24.0,28000,Ya,Blok C,premium ,Aman
PRD-17906,270,45.0,4.0,365000,Tidak,Blok C,premium ,Backorder
PRD-81574,410,17.0,22.0,420000,Tidak,Blok C,Premium,Aman
PRD-81765,71,41.0,23.0,344000,Tidak,Blok C,REGULER,Backorder
PRD-74471,257,44.0,2.0,391000,Tidak,Blok B,Premium,Backorder
PRD-90356,429,25.0,3.0,242000,Ya,Blok C, reguler ,Aman
PRD-17394,143,26.0,18.0,101000,Tidak,Blok A, reguler ,Backorder
PRD-65896,184,43.0,18.0,186000,Tidak,Blok A, reguler ,Backorder
PRD-42784,415,24.0,23.0,489000,Ya,Blok C, reguler ,Backorder
PRD-93629,232,30.0,8.0,262000,Ya,Blok C,premium ,Aman
PRD-11868,472,43.0,9.0,261000,Tidak,Blok A, reguler ,Menipis
PRD-86449,256,36.0,20.0,459000,Tidak,Blok B,Premium,Backorder
PRD-50883,328,41.0,20.0,130000,Tidak,Blok A,REGULER,Backorder
PRD-12336,9,49.0,8.0,379000,Tidak,Blok A,REGULER,Backorder
PRD-70562,169,28.0,14.0,106000,Tidak,Blok C,Reguler,Menipis
PRD-33772,159,28.0,6.0,353000,Tidak,Blok C,premium ,Menipis
PRD-25896,396,32.0,26.0,173000,Ya,Blok A,Reguler,Backorder
PRD-73335,426,39.0,23.0,314000,Tidak,Blok A,premium ,Aman
PRD-14117,182,36.0,25.0,437000,Tidak,Blok C, reguler ,Backorder
PRD-48749,97,11.0,28.0,371000,Tidak,Blok C,premium ,Backorder
PRD-15704,467,38.0,29.0,342000,Tidak,Blok A,REGULER,Backorder
PRD-56229,4,30.0,2.0,329000,Ya,Blok C, reguler ,Backorder
PRD-64710,473,5.0,19.0,384000,Ya,Blok B,Reguler,Aman
PRD-75938,91,6.0,16.0,303000,Tidak,Blok A,premium ,Aman
PRD-79322,359,,11.0,270000,Tidak,Blok C,Reguler,Backorder
PRD-93969,142,37.0,7.0,477000,Tidak,Blok B,Reguler,Backorder
PRD-55117,27,32.0,5.0,23000,Tidak,Blok A,Reguler,Aman
PRD-93030,219,24.0,11.0,181000,Tidak,Blok C,REGULER,Menipis
PRD-36028,97,44.0,28.0,95000,Tidak,Blok A,REGULER,Backorder
PRD-42574,193,49.0,4.0,184000,Tidak,Blok A,Reguler,Backorder
PRD-40255,238,,12.0,172000,Ya,Blok A,Premium,Aman
PRD-72368,293,21.0,25.0,165000,Tidak,Blok A,premium ,Backorder
PRD-77506,4,28.0,17.0,300000,Ya,Blok B,Reguler,Backorder
PRD-76105,355,23.0,27.0,327000,Tidak,Blok C,Reguler,Menipis
PRD-20488,242,4.0,24.0,264000,Tidak,Blok A, reguler ,Menipis
PRD-47569,120,13.0,4.0,18000,Tidak,Blok C,premium ,Aman
PRD-57299,265,7.0,19.0,146000,Tidak,Blok A,Premium,Aman
PRD-18625,499,15.0,16.0,421000,Tidak,Blok C,Reguler,Aman
PRD-39523,63,25.0,6.0,339000,Tidak,Blok A,REGULER,Menipis
PRD-67003,106,22.0,3.0,485000,Tidak,Blok A,REGULER,Menipis
PRD-87313,351,27.0,,19000,Tidak,Blok C, reguler ,Aman
PRD-32076,232,42.0,14.0,169000,Tidak,Blok B,Premium,Backorder
PRD-26206,322,10.0,23.0,499000,Tidak,Blok B,Reguler,Aman
PRD-47772,149,5.0,7.0,388000,Tidak,Blok C,REGULER,Aman
PRD-99037,176,37.0,,211000,Tidak,Blok A,Reguler,Menipis
PRD-34472,50,41.0,18.0,122000,Tidak,Blok C,premium ,Backorder
PRD-61248,112,32.0,11.0,182000,Tidak,Blok B,Premium,Backorder
PRD-85057,90,9.0,8.0,130000,Tidak,Blok B,REGULER,Aman
PRD-14648,194,48.0,999.0,178000,Tidak,Blok B,premium ,Backorder
PRD-25250,172,38.0,5.0,127000,Ya,Blok B, reguler ,Backorder
PRD-97796,196,45.0,23.0,281000,Tidak,Blok C, reguler ,Menipis
PRD-99082,297,16.0,22.0,498000,Tidak,Blok C,Reguler,Backorder
PRD-91972,132,25.0,17.0,277000,Tidak,Blok A,REGULER,Aman
PRD-57662,400,3.0,17.0,134000,Tidak,Blok A,Reguler,Aman
PRD-12454,361,,19.0,296000,Tidak,Blok A,REGULER,Backorder
PRD-82307,101,41.0,6.0,264000,Ya,Blok B,REGULER,Backorder
PRD-49882,424,42.0,6.0,374000,Ya,Blok A,premium ,Aman
PRD-18328,302,38.0,7.0,475000,Ya,Blok B, reguler ,Backorder
PRD-82692,191,14.0,27.0,279000,Tidak,Blok B,premium ,Backorder
PRD-71550,191,31.0,23.0,303000,Tidak,Blok C, reguler ,Backorder
PRD-97638,29,28.0,15.0,108000,Tidak,Blok A, reguler ,Backorder
PRD-41852,278,46.0,10.0,488000,Ya,Blok A,Premium,Backorder
PRD-51628,110,10.0,999.0,328000,Tidak,Blok A,Reguler,Menipis
PRD-92269,214,42.0,6.0,56000,Tidak,Blok B,Reguler,Menipis
PRD-59608,196,12.0,2.0,389000,Tidak,Blok A,premium ,Aman
PRD-43741,475,39.0,6.0,484000,Tidak,Blok A,premium ,Aman
PRD-28800,213,35.0,24.0,47000,Ya,Blok C,REGULER,Backorder
PRD-56118,294,28.0,18.0,378000,Ya,Blok B,Premium,Backorder
PRD-96242,309,37.0,2.0,237000,Tidak,Blok C,REGULER,Aman
PRD-30655,65,14.0,18.0,87000,Tidak,Blok A,premium ,Backorder
PRD-86733,280,49.0,2.0,127000,Tidak,Blok A,Reguler,Menipis
PRD-47573,249,3.0,8.0,210000,Ya,Blok A, reguler ,Aman
PRD-15913,252,11.0,18.0,145000,Tidak,Blok C, reguler ,Aman
PRD-19903,238,,7.0,254000,Tidak,Blok C,premium ,Aman
PRD-23470,491,22.0,2.0,155000,Tidak,Blok A,REGULER,Aman
PRD-37002,16,1.0,19.0,362000,Tidak,Blok A,Premium,Backorder
PRD-67505,226,7.0,3.0,157000,Tidak,Blok B,REGULER,Menipis
PRD-65828,224,43.0,4.0,10000,Ya,Blok B, reguler ,Backorder
PRD-76627,434,32.0,13.0,354000,Ya,Blok A,Reguler,Menipis
PRD-97218,262,26.0,4.0,276000,Tidak,Blok C,Premium,Aman
PRD-21991,162,18.0,18.0,46000,Tidak,Blok A,Premium,Backorder
PRD-48031,481,21.0,20.0,371000,Tidak,Blok C,Reguler,Aman
PRD-65371,90,33.0,24.0,275000,Ya,Blok C,REGULER,Backorder
PRD-70091,127,27.0,25.0,225000,Tidak,Blok C,Reguler,Menipis
PRD-39592,392,41.0,4.0,127000,Tidak,Blok B,Premium,Menipis
PRD-10767,301,21.0,6.0,201000,Tidak,Blok C,REGULER,Backorder
PRD-87373,442,6.0,6.0,23000,Tidak,Blok C,Premium,Aman
PRD-30808,438,29.0,15.0,371000,Tidak,Blok B,premium ,Backorder
PRD-40121,162,37.0,25.0,117000,Tidak,Blok C,premium ,Aman
PRD-68144,306,41.0,29.0,153000,Ya,Blok A,Reguler,Backorder
PRD-70281,111,9.0,14.0,470000,Tidak,Blok C,Reguler,Aman
PRD-13709,3,40.0,9.0,303000,Tidak,Blok B,REGULER,Backorder
PRD-97527,171,46.0,26.0,79000,Tidak,Blok B,premium ,Menipis
PRD-59402,223,5.0,15.0,447000,Tidak,Blok B,Premium,Aman
PRD-48787,30,27.0,2.0,199000,Tidak,Blok B,Reguler,Aman
PRD-11218,164,29.0,9.0,330000,Tidak,Blok A,Premium,Menipis
PRD-64240,10,,2.0,326000,Tidak,Blok C,Premium,Menipis
PRD-41481,418,27.0,15.0,452000,Ya,Blok B,Premium,Aman
PRD-43756,132,35.0,5.0,124000,Tidak,Blok C,Reguler,Menipis
PRD-64079,234,,10.0,323000,Tidak,Blok B,premium ,Aman
PRD-58320,398,28.0,28.0,470000,Tidak,Blok C, reguler ,Backorder
PRD-59877,102,28.0,27.0,35000,Tidak,Blok A,premium ,Backorder
PRD-56600,479,46.0,28.0,271000,Ya,Blok B,premium ,Backorder
PRD-81216,43,46.0,15.0,226000,Ya,Blok C,Reguler,Menipis
PRD-42930,247,20.0,13.0,87000,Tidak,Blok B,Premium,Menipis
PRD-41514,134,23.0,22.0,79000,Tidak,Blok A,Premium,Backorder
PRD-60575,451,3.0,15.0,390000,Tidak,Blok B, reguler ,Aman
PRD-10153,184,47.0,3.0,462000,Tidak,Blok C,premium ,Backorder
PRD-80448,345,37.0,22.0,264000,Tidak,Blok C,REGULER,Backorder
PRD-26198,439,43.0,8.0,54000,Ya,Blok B,Reguler,Backorder
PRD-57147,419,14.0,,294000,Tidak,Blok C,REGULER,Aman
PRD-14478,223,15.0,16.0,124000,Ya,Blok B, reguler ,Menipis
PRD-73076,386,35.0,26.0,126000,Tidak,Blok C, reguler ,Backorder
PRD-93251,315,11.0,16.0,138000,Ya,Blok C,Reguler,Aman
PRD-50992,14,22.0,21.0,450000,Ya,Blok B,REGULER,Menipis
PRD-53937,161,2.0,16.0,318000,Ya,Blok A,REGULER,Aman
PRD-12642,462,2.0,8.0,205000,Ya,Blok C,Reguler,Aman
PRD-13980,163,18.0,25.0,339000,Tidak,Blok A,Reguler,Menipis
PRD-53472,51,22.0,11.0,113000,Ya,Blok A,Premium,Backorder
PRD-55798,456,1.0,2.0,127000,Ya,Blok B,premium ,Aman
PRD-68645,187,21.0,12.0,114000,Tidak,Blok C,premium ,Menipis
PRD-81626,424,34.0,11.0,443000,Tidak,Blok A,premium ,Backorder
PRD-10077,157,24.0,15.0,265000,Tidak,Blok C,premium ,Backorder
PRD-92384,141,19.0,5.0,84000,Tidak,Blok B,Reguler,Backorder
PRD-16080,165,14.0,29.0,307000,Tidak,Blok B,REGULER,Backorder
PRD-65771,35,36.0,25.0,313000,Tidak,Blok A,Premium,Menipis
PRD-66759,35,20.0,24.0,25000,Tidak,Blok A,Reguler,Backorder
PRD-91638,446,40.0,22.0,10000,Tidak,Blok B,Premium,Backorder
PRD-67199,172,44.0,12.0,199000,Tidak,Blok A,Reguler,Backorder
PRD-85324,313,49.0,21.0,224000,Tidak,Blok A,Premium,Backorder
PRD-72483,452,32.0,29.0,151000,Ya,Blok B,premium ,Backorder
PRD-15126,481,11.0,14.0,23000,Tidak,Blok B,Premium,Aman
PRD-29541,270,15.0,3.0,138000,Ya,Blok C, reguler ,Aman
PRD-52628,405,24.0,28.0,434000,Tidak,Blok A,REGULER,Menipis
PRD-19470,351,40.0,18.0,488000,Ya,Blok B, reguler ,Menipis
PRD-17465,178,36.0,20.0,424000,Tidak,Blok B,Premium,Backorder
PRD-72875,40,8.0,23.0,15000,Tidak,Blok C, reguler ,Backorder
PRD-83168,266,15.0,17.0,437000,Tidak,Blok A,Reguler,Aman
PRD-76394,367,11.0,26.0,435000,Tidak,Blok B,Reguler,Menipis
PRD-99606,185,12.0,25.0,340000,Tidak,Blok B, reguler ,Backorder
PRD-44812,73,25.0,20.0,450000,Tidak,Blok B,Premium,Backorder
PRD-62142,171,19.0,27.0,283000,Ya,Blok A,Reguler,Backorder
PRD-32488,411,,20.0,177000,Tidak,Blok B,Reguler,Backorder
PRD-86120,53,17.0,14.0,116000,Ya,Blok B,Reguler,Backorder
PRD-65192,201,33.0,18.0,245000,Tidak,Blok A,Premium,Backorder
PRD-11161,395,8.0,22.0,436000,Tidak,Blok A,REGULER,Aman
PRD-75149,476,32.0,6.0,27000,Tidak,Blok C,premium ,Menipis
PRD-26121,271,13.0,15.0,177000,Tidak,Blok A,Reguler,Aman
PRD-41279,456,37.0,999.0,74000,Ya,Blok A,REGULER,Aman
PRD-98020,460,43.0,20.0,435000,Tidak,Blok C, reguler ,Backorder
PRD-52915,282,5.0,22.0,329000,Tidak,Blok A,Reguler,Aman
PRD-36170,66,10.0,10.0,244000,Ya,Blok B,premium ,Menipis
PRD-86464,313,1.0,9.0,69000,Tidak,Blok C,premium ,Aman
PRD-43848,451,4.0,15.0,68000,Tidak,Blok A, reguler ,Aman
PRD-51616,144,5.0,11.0,370000,Tidak,Blok C,Premium,Aman
PRD-14017,268,16.0,17.0,429000,Ya,Blok B,REGULER,Backorder
PRD-30514,332,46.0,10.0,216000,Ya,Blok B,Reguler,Menipis
PRD-90404,178,14.0,4.0,442000,Tidak,Blok B,Premium,Menipis
PRD-55809,499,28.0,17.0,94000,Tidak,Blok B,REGULER,Backorder
PRD-43980,119,8.0,25.0,99000,Tidak,Blok B,Premium,Backorder
PRD-13389,359,48.0,21.0,112000,Tidak,Blok B,REGULER,Backorder
PRD-71744,404,26.0,20.0,61000,Tidak,Blok A,REGULER,Backorder
PRD-15899,309,47.0,17.0,123000,Tidak,Blok A,Premium,Backorder
PRD-21303,151,33.0,28.0,270000,Tidak,Blok C,REGULER,Backorder
PRD-55647,87,35.0,28.0,402000,Tidak,Blok A,Premium,Backorder
PRD-12573,146,17.0,3.0,298000,Tidak,Blok C,premium ,Aman
PRD-19256,382,37.0,2.0,94000,Ya,Blok B,REGULER,Menipis
PRD-85629,7,18.0,14.0,344000,Tidak,Blok B,REGULER,Backorder
PRD-36715,423,25.0,26.0,384000,Tidak,Blok C, reguler ,Backorder
PRD-83463,473,28.0,12.0,404000,Ya,Blok B,REGULER,Aman
PRD-90308,215,32.0,5.0,29000,Tidak,Blok C,Reguler,Menipis
PRD-82867,340,41.0,13.0,365000,Tidak,Blok A,REGULER,Backorder
PRD-77821,391,40.0,25.0,195000,Tidak,Blok A,premium ,Aman
PRD-82105,490,37.0,10.0,368000,Ya,Blok B, reguler ,Menipis
PRD-25034,105,17.0,28.0,21000,Tidak,Blok C,Reguler,Menipis
PRD-84065,22,30.0,24.0,112000,Tidak,Blok C, reguler ,Backorder
PRD-71476,122,2.0,29.0,196000,Tidak,Blok B,premium ,Aman
PRD-83508,74,5.0,,339000,Ya,Blok B,REGULER,Aman
PRD-75092,400,11.0,8.0,128000,Tidak,Blok C, reguler ,Aman
PRD-64935,490,2.0,2.0,420000,Ya,Blok C,Reguler,Aman
PRD-60870,255,1.0,,107000,Tidak,Blok B,premium ,Aman
PRD-20770,466,16.0,24.0,480000,Tidak,Blok A, reguler ,Menipis
PRD-68013,107,28.0,13.0,189000,Tidak,Blok C,REGULER,Backorder
PRD-66096,292,8.0,6.0,75000,Tidak,Blok B,REGULER,Aman
PRD-26964,113,44.0,25.0,404000,Tidak,Blok A,Premium,Backorder
PRD-97969,265,24.0,2.0,138000,Tidak,Blok A,Reguler,Aman
PRD-67388,464,6.0,29.0,335000,Ya,Blok B,Premium,Aman
PRD-18026,250,48.0,19.0,68000,Ya,Blok C,Reguler,Backorder
PRD-98869,79,43.0,19.0,247000,Ya,Blok C,premium ,Backorder
PRD-78968,447,47.0,27.0,229000,Tidak,Blok A,REGULER,Backorder
PRD-49353,301,,13.0,127000,Ya,Blok B,premium ,Backorder
PRD-17421,225,42.0,6.0,144000,Tidak,Blok B,Reguler,Backorder
PRD-33888,117,33.0,24.0,155000,Tidak,Blok B,Premium,Backorder
PRD-42413,189,42.0,10.0,471000,Ya,Blok C,premium ,Backorder
PRD-60906,457,12.0,19.0,479000,Tidak,Blok A,REGULER,Aman
PRD-23265,279,29.0,20.0,24000,Ya,Blok B,Reguler,Menipis
PRD-31468,225,31.0,7.0,91000,Tidak,Blok A,premium ,Backorder
PRD-55740,426,8.0,21.0,307000,Tidak,Blok A,premium ,Aman
PRD-23507,272,38.0,28.0,85000,Ya,Blok A,premium ,Backorder
PRD-97838,90,45.0,27.0,26000,Tidak,Blok C,Premium,Backorder
PRD-49385,181,14.0,24.0,202000,Tidak,Blok C,Premium,Backorder
PRD-16336,335,3.0,8.0,487000,Tidak,Blok C, reguler ,Aman
PRD-32005,422,28.0,,433000,Tidak,Blok A,REGULER,Aman
PRD-61482,89,14.0,19.0,43000,Ya,Blok A, reguler ,Backorder
PRD-72061,280,1.0,23.0,219000,Tidak,Blok C,Reguler,Aman
PRD-16629,69,5.0,17.0,34000,Tidak,Blok C, reguler ,Menipis
PRD-62635,495,12.0,12.0,164000,Tidak,Blok B,REGULER,Aman
PRD-45428,102,19.0,13.0,220000,Tidak,Blok A, reguler ,Menipis
PRD-35372,466,14.0,5.0,375000,Tidak,Blok A,Premium,Aman
PRD-92368,28,5.0,21.0,261000,Ya,Blok C,REGULER,Backorder
PRD-55838,265,7.0,26.0,301000,Tidak,Blok A,Reguler,Aman
PRD-10595,43,34.0,27.0,324000,Tidak,Blok A,Premium,Aman
PRD-59629,385,33.0,22.0,95000,Tidak,Blok C, reguler ,Menipis
PRD-36946,69,40.0,14.0,230000,Tidak,Blok B,Reguler,Backorder
PRD-65897,35,29.0,20.0,77000,Tidak,Blok C,Premium,Backorder
PRD-70289,9,4.0,6.0,346000,Tidak,Blok C, reguler ,Menipis
PRD-26767,388,36.0,27.0,484000,Tidak,Blok B, reguler ,Backorder
PRD-46395,463,48.0,18.0,158000,Tidak,Blok B,Reguler,Menipis
PRD-49963,116,9.0,28.0,327000,Ya,Blok B,REGULER,Backorder
PRD-40988,91,19.0,26.0,396000,Ya,Blok C, reguler ,Backorder
PRD-16908,337,23.0,27.0,339000,Ya,Blok B,Premium,Backorder
PRD-78321,375,12.0,7.0,397000,Tidak,Blok A,REGULER,Aman
PRD-73328,91,,4.0,21000,Tidak,Blok C,REGULER,Menipis
PRD-39984,243,8.0,26.0,205000,Tidak,Blok A,Reguler,Aman
PRD-34264,268,22.0,22.0,410000,Tidak,Blok A,premium ,Backorder
PRD-15573,211,15.0,999.0,250000,Ya,Blok C,Premium,Backorder
PRD-34485,77,19.0,28.0,456000,Tidak,Blok A,Premium,Backorder
PRD-68606,448,3.0,28.0,105000,Ya,Blok A,Premium,Aman
PRD-27165,153,26.0,14.0,76000,Tidak,Blok C,Reguler,Backorder
PRD-89267,388,38.0,16.0,268000,Ya,Blok A,Reguler,Backorder
PRD-12176,431,3.0,10.0,440000,Tidak,Blok B, reguler ,Menipis
PRD-56246,450,28.0,25.0,66000,Tidak,Blok A,Premium,Backorder
PRD-76691,89,25.0,16.0,343000,Tidak,Blok B,Reguler,Backorder
PRD-23306,194,6.0,12.0,25000,Tidak,Blok B,Reguler,Aman
PRD-60601,240,31.0,5.0,444000,Tidak,Blok C,Premium,Menipis
PRD-18733,6,7.0,2.0,497000,Tidak,Blok C,Reguler,Aman
PRD-93286,79,39.0,6.0,47000,Tidak,Blok B,Premium,Backorder
PRD-40733,418,4.0,29.0,36000,Tidak,Blok A, reguler ,Aman
PRD-68251,289,29.0,18.0,244000,Tidak,Blok C,Premium,Menipis
PRD-73288,313,42.0,23.0,88000,Tidak,Blok A, reguler ,Backorder
PRD-96005,476,34.0,25.0,457000,Tidak,Blok C,Premium,Menipis
PRD-13273,142,33.0,12.0,32000,Tidak,Blok C,Premium,Backorder
PRD-48562,460,,29.0,269000,Ya,Blok B,Premium,Backorder
PRD-38605,213,34.0,12.0,67000,Tidak,Blok B,Reguler,Backorder
PRD-10840,228,44.0,12.0,243000,Tidak,Blok C,REGULER,Aman
PRD-22211,17,28.0,9.0,39000,Ya,Blok C,Premium,Backorder
PRD-35150,215,20.0,25.0,445000,Tidak,Blok B,Premium,Backorder
PRD-61370,61,48.0,29.0,411000,Tidak,Blok B, reguler ,Backorder
PRD-57850,463,21.0,12.0,399000,Tidak,Blok A,premium ,Aman
PRD-99630,170,28.0,17.0,448000,Tidak,Blok B,Premium,Backorder
PRD-30918,300,36.0,9.0,444000,Ya,Blok A,Premium,Backorder
PRD-41932,172,3.0,17.0,263000,Ya,Blok C, reguler ,Aman
PRD-88177,468,19.0,,96000,Tidak,Blok A,Premium,Aman
PRD-33382,459,19.0,13.0,250000,Tidak,Blok C,premium ,Menipis
PRD-10645,481,,21.0,398000,Ya,Blok C,REGULER,Aman
PRD-55896,88,14.0,28.0,161000,Tidak,Blok B,Reguler,Backorder
PRD-38541,43,9.0,29.0,64000,Tidak,Blok B,Premium,Backorder
PRD-32821,185,,24.0,87000,Tidak,Blok B,REGULER,Backorder
PRD-95150,23,14.0,24.0,224000,Ya,Blok B,Reguler,Backorder
PRD-29991,293,24.0,20.0,90000,Ya,Blok C,Premium,Backorder
PRD-42966,487,49.0,19.0,398000,Ya,Blok C,premium ,Backorder
PRD-76155,1,27.0,8.0,366000,Ya,Blok C,REGULER,Backorder
PRD-21519,215,15.0,15.0,133000,Tidak,Blok C,premium ,Aman
PRD-16256,332,3.0,27.0,469000,Tidak,Blok A, reguler ,Backorder
PRD-30049,80,7.0,5.0,153000,Tidak,Blok B,Reguler,Aman
PRD-38054,130,37.0,29.0,81000,Ya,Blok A, reguler ,Backorder
PRD-47449,227,8.0,999.0,493000,Ya,Blok A,Premium,Aman
PRD-82588,191,1.0,3.0,149000,Ya,Blok C,Reguler,Aman
PRD-77913,137,34.0,5.0,188000,Tidak,Blok B,Premium,Menipis
PRD-57042,56,33.0,6.0,48000,Tidak,Blok A,Premium,Backorder
PRD-62736,269,44.0,6.0,234000,Tidak,Blok A,REGULER,Backorder
PRD-93106,390,37.0,16.0,393000,Tidak,Blok C,Premium,Menipis
PRD-21560,359,,23.0,331000,Tidak,Blok C,Reguler,Menipis
PRD-14014,289,12.0,999.0,464000,Ya,Blok A, reguler ,Aman
PRD-13771,225,20.0,21.0,475000,Ya,Blok C, reguler ,Backorder
PRD-41017,218,32.0,,15000,Tidak,Blok B,Reguler,Backorder
PRD-45205,344,14.0,12.0,33000,Tidak,Blok B,REGULER,Aman
PRD-85945,300,48.0,16.0,480000,Tidak,Blok C,Reguler,Backorder
PRD-77819,498,16.0,2.0,225000,Tidak,Blok A,Premium,Aman
PRD-56675,55,41.0,24.0,72000,Tidak,Blok B,Reguler,Backorder
PRD-39541,79,4.0,,199000,Ya,Blok A,Premium,Aman
PRD-83973,139,7.0,26.0,469000,Tidak,Blok B, reguler ,Backorder
PRD-92543,391,31.0,18.0,350000,Tidak,Blok B,premium ,Menipis
PRD-20358,125,42.0,7.0,134000,Tidak,Blok B,Premium,Aman
PRD-70817,27,23.0,5.0,194000,Ya,Blok B, reguler ,Aman
PRD-49895,449,18.0,16.0,125000,Ya,Blok B,premium ,Aman
PRD-51157,296,3.0,11.0,142000,Tidak,Blok A,premium ,Aman
PRD-75901,497,6.0,16.0,139000,Tidak,Blok C,Reguler,Aman
PRD-69807,327,23.0,18.0,466000,Tidak,Blok C,REGULER,Menipis
PRD-36672,392,4.0,25.0,384000,Tidak,Blok C, reguler ,Aman
PRD-26241,220,45.0,12.0,180000,Ya,Blok C, reguler ,Backorder
PRD-44629,181,,18.0,442000,Tidak,Blok C,Premium,Backorder
PRD-66888,99,8.0,22.0,452000,Tidak,Blok A,REGULER,Backorder
PRD-80990,52,,11.0,226000,Tidak,Blok A,premium ,Backorder
PRD-98330,478,21.0,18.0,410000,Tidak,Blok A, reguler ,Menipis
PRD-79930,416,43.0,20.0,59000,Ya,Blok A,premium ,Backorder
PRD-76504,139,22.0,26.0,37000,Tidak,Blok C,premium ,Backorder
PRD-63775,447,22.0,2.0,420000,Tidak,Blok C, reguler ,Aman
PRD-32534,391,46.0,15.0,226000,Ya,Blok B, reguler ,Backorder
PRD-93024,62,5.0,13.0,425000,Tidak,Blok B,premium ,Menipis
PRD-65991,175,2.0,10.0,438000,Tidak,Blok A,Premium,Aman
PRD-93384,449,24.0,12.0,66000,Tidak,Blok A,premium ,Aman
PRD-46378,35,31.0,19.0,72000,Tidak,Blok C,REGULER,Menipis
PRD-99087,375,25.0,3.0,242000,Ya,Blok B,premium ,Aman
PRD-78648,481,33.0,17.0,46000,Tidak,Blok B,Reguler,Backorder
PRD-75149,187,48.0,15.0,432000,Tidak,Blok C, reguler ,Aman
PRD-84024,224,25.0,26.0,431000,Tidak,Blok A,REGULER,Backorder
PRD-50828,138,3.0,8.0,105000,Tidak,Blok B,Premium,Aman
PRD-54965,444,9.0,10.0,420000,Ya,Blok A,premium ,Aman
PRD-67174,16,47.0,10.0,209000,Tidak,Blok A,REGULER,Backorder
PRD-48108,458,37.0,26.0,454000,Tidak,Blok B,Reguler,Backorder
PRD-51167,172,40.0,9.0,474000,Tidak,Blok B,REGULER,Backorder
PRD-48827,7,12.0,27.0,208000,Tidak,Blok C,Reguler,Backorder
PRD-31751,199,28.0,12.0,462000,Tidak,Blok B,premium ,Backorder
PRD-38840,141,24.0,24.0,493000,Ya,Blok B, reguler ,Backorder
PRD-75942,284,45.0,22.0,90000,Tidak,Blok C,premium ,Backorder
PRD-95947,2,25.0,5.0,445000,Tidak,Blok B,Reguler,Menipis
PRD-68215,208,48.0,24.0,168000,Tidak,Blok B,premium ,Menipis
PRD-79180,275,10.0,22.0,10000,Tidak,Blok B,Premium,Menipis
PRD-82762,441,,24.0,260000,Tidak,Blok A,Reguler,Backorder
PRD-46636,485,8.0,27.0,293000,Ya,Blok A,premium ,Aman
PRD-31545,83,14.0,10.0,27000,Tidak,Blok A, reguler ,Backorder
PRD-96795,258,20.0,13.0,333000,Ya,Blok B,Premium,Menipis
PRD-44840,326,12.0,11.0,174000,Tidak,Blok C,premium ,Aman
PRD-41174,308,29.0,12.0,293000,Tidak,Blok B,premium ,Menipis
PRD-98603,175,41.0,29.0,63000,Tidak,Blok C,Premium,Aman
PRD-59334,361,7.0,10.0,485000,Tidak,Blok C,Reguler,Aman
PRD-88477,209,10.0,26.0,105000,Tidak,Blok A,Premium,Backorder
PRD-29738,120,41.0,8.0,187000,Tidak,Blok C,REGULER,Menipis
PRD-87506,395,37.0,29.0,222000,Tidak,Blok A,premium ,Backorder
PRD-96213,267,26.0,3.0,175000,Tidak,Blok C,REGULER,Aman
PRD-85163,333,4.0,23.0,410000,Tidak,Blok A,Premium,Menipis
PRD-56103,50,23.0,8.0,485000,Ya,Blok B, reguler ,Backorder
PRD-53333,239,1.0,24.0,56000,Tidak,Blok A,premium ,Aman
PRD-54411,146,28.0,22.0,79000,Tidak,Blok B, reguler ,Backorder
PRD-55241,154,45.0,4.0,227000,Ya,Blok A,Premium,Menipis
PRD-96799,143,49.0,12.0,327000,Ya,Blok C,REGULER,Menipis
PRD-22602,452,12.0,10.0,444000,Tidak,Blok B, reguler ,Aman
PRD-32958,175,32.0,17.0,310000,Tidak,Blok B,Reguler,Backorder
PRD-57280,217,43.0,8.0,415000,Ya,Blok B, reguler ,Backorder
PRD-95016,389,9.0,22.0,53000,Tidak,Blok B, reguler ,Aman
PRD-46639,2,28.0,6.0,463000,Tidak,Blok B,Premium,Backorder
PRD-88586,43,45.0,18.0,75000,Tidak,Blok B, reguler ,Backorder
PRD-22615,253,13.0,,465000,Tidak,Blok A,premium ,Backorder
PRD-78447,11,33.0,7.0,363000,Ya,Blok C,Reguler,Backorder
PRD-65633,349,24.0,28.0,438000,Tidak,Blok C,Reguler,Backorder
PRD-49500,149,28.0,5.0,303000,Tidak,Blok B,premium ,Menipis
PRD-97489,168,8.0,28.0,323000,Tidak,Blok B,Reguler,Menipis
PRD-60311,259,7.0,27.0,288000,Tidak,Blok A,Reguler,Menipis
PRD-37350,452,18.0,7.0,72000,Tidak,Blok C, reguler ,Aman
PRD-56214,11,27.0,27.0,82000,Tidak,Blok C,premium ,Backorder
PRD-37516,490,,13.0,223000,Ya,Blok C, reguler ,Aman
PRD-37412,67,4.0,28.0,443000,Tidak,Blok B,Premium,Backorder
PRD-19726,212,31.0,26.0,418000,Tidak,Blok B, reguler ,Backorder
PRD-47441,203,37.0,21.0,291000,Ya,Blok A, reguler ,Menipis
PRD-28681,228,21.0,21.0,45000,Ya,Blok A,Reguler,Backorder
PRD-72543,444,11.0,27.0,121000,Ya,Blok B, reguler ,Aman
PRD-25899,144,6.0,23.0,282000,Tidak,Blok C, reguler ,Menipis
PRD-17219,464,8.0,29.0,19000,Tidak,Blok C, reguler ,Aman
PRD-71350,36,17.0,25.0,347000,Ya,Blok C,Reguler,Backorder
PRD-39059,192,10.0,4.0,138000,Tidak,Blok A,REGULER,Aman
PRD-44959,394,31.0,8.0,493000,Tidak,Blok B,premium ,Aman
PRD-25954,292,23.0,3.0,262000,Ya,Blok B,REGULER,Aman
PRD-45488,153,13.0,26.0,132000,Tidak,Blok A, reguler ,Backorder
PRD-12800,373,6.0,8.0,252000,Ya,Blok A, reguler ,Aman
PRD-94274,284,28.0,4.0,366000,Ya,Blok A,Premium,Aman
PRD-62603,264,9.0,25.0,224000,Tidak,Blok B,Reguler,Aman
PRD-24239,329,22.0,5.0,108000,Tidak,Blok C,Premium,Aman
PRD-44510,471,15.0,2.0,32000,Ya,Blok B,premium ,Aman
PRD-31038,192,16.0,29.0,93000,Ya,Blok B,Reguler,Menipis
PRD-11614,321,40.0,27.0,334000,Tidak,Blok C,Premium,Backorder
PRD-80404,410,33.0,28.0,485000,Ya,Blok A,Reguler,Backorder
PRD-74236,149,7.0,19.0,115000,Tidak,Blok C,premium ,Backorder
PRD-65554,275,49.0,24.0,208000,Tidak,Blok B,REGULER,Backorder
PRD-17032,149,32.0,10.0,397000,Tidak,Blok A,Reguler,Menipis
PRD-98074,158,6.0,28.0,99000,Ya,Blok B, reguler ,Backorder
PRD-73230,370,13.0,15.0,478000,Tidak,Blok B, reguler ,Aman
PRD-69101,392,38.0,15.0,443000,Tidak,Blok A,Reguler,Menipis
PRD-56707,119,10.0,10.0,345000,Tidak,Blok B,REGULER,Menipis
PRD-68671,268,33.0,12.0,22000,Ya,Blok A,Premium,Backorder
PRD-10329,334,18.0,11.0,211000,Tidak,Blok C,premium ,Aman
PRD-75078,493,43.0,20.0,126000,Ya,Blok B, reguler ,Backorder
PRD-58582,272,8.0,26.0,301000,Tidak,Blok B,Premium,Aman
PRD-59819,284,5.0,7.0,136000,Tidak,Blok A,premium ,Aman
PRD-43998,258,6.0,27.0,401000,Tidak,Blok B,premium ,Aman
PRD-61375,178,25.0,23.0,394000,Ya,Blok B, reguler ,Backorder
PRD-58920,311,23.0,11.0,379000,Tidak,Blok A,Premium,Menipis
PRD-99285,186,6.0,28.0,243000,Tidak,Blok C, reguler ,Menipis
PRD-87452,259,14.0,25.0,412000,Tidak,Blok C,Premium,Menipis
PRD-98779,346,5.0,19.0,117000,Tidak,Blok A,REGULER,Aman
PRD-29585,347,39.0,24.0,259000,Tidak,Blok B,premium ,Backorder
PRD-26351,299,,20.0,302000,Tidak,Blok A,Premium,Backorder
PRD-33259,21,13.0,15.0,378000,Tidak,Blok B, reguler ,Backorder
PRD-31120,112,3.0,20.0,450000,Tidak,Blok C,premium ,Backorder
PRD-20683,48,34.0,11.0,488000,Ya,Blok B,premium ,Backorder
PRD-66997,214,33.0,11.0,329000,Ya,Blok A, reguler ,Backorder
PRD-30390,498,35.0,12.0,244000,Ya,Blok B, reguler ,Backorder
PRD-61663,50,40.0,8.0,416000,Tidak,Blok A,REGULER,Menipis
PRD-46413,162,40.0,16.0,250000,Tidak,Blok C,REGULER,Backorder
PRD-25123,424,46.0,3.0,482000,Tidak,Blok C, reguler ,Aman
PRD-55865,145,7.0,19.0,241000,Ya,Blok A,Premium,Backorder
PRD-80649,32,30.0,7.0,187000,Ya,Blok B,Premium,Menipis
PRD-23026,310,35.0,12.0,359000,Tidak,Blok A,Premium,Menipis
PRD-25797,473,18.0,10.0,218000,Tidak,Blok C,REGULER,Aman
PRD-76400,335,34.0,20.0,226000,Tidak,Blok C,Premium,Backorder
PRD-18660,368,30.0,12.0,75000,Tidak,Blok C,REGULER,Backorder
PRD-45739,218,41.0,17.0,161000,Tidak,Blok C,premium ,Backorder
PRD-43397,455,49.0,5.0,364000,Tidak,Blok A, reguler ,Backorder
PRD-49790,440,23.0,24.0,343000,Tidak,Blok C,Premium,Backorder
PRD-50741,499,14.0,23.0,324000,Ya,Blok C, reguler ,Aman
PRD-51991,470,36.0,10.0,395000,Ya,Blok C, reguler ,Aman
PRD-46304,448,44.0,13.0,452000,Ya,Blok A,Reguler,Menipis
PRD-35102,58,33.0,,115000,Tidak,Blok A,REGULER,Backorder
PRD-77946,120,49.0,12.0,484000,Tidak,Blok A, reguler ,Backorder
PRD-94665,9,15.0,9.0,294000,Tidak,Blok C, reguler ,Backorder
PRD-69935,86,,6.0,499000,Tidak,Blok B,REGULER,Aman
PRD-17910,333,48.0,28.0,306000,Tidak,Blok A,REGULER,Backorder
PRD-27256,51,16.0,17.0,256000,Tidak,Blok C,premium ,Backorder
PRD-13201,62,11.0,6.0,322000,Tidak,Blok C,REGULER,Menipis
PRD-98263,349,8.0,14.0,281000,Tidak,Blok A, reguler ,Aman
PRD-33039,348,47.0,18.0,106000,Tidak,Blok C,premium ,Backorder
PRD-43927,9,41.0,16.0,284000,Tidak,Blok C,REGULER,Backorder
PRD-65031,419,5.0,11.0,278000,Tidak,Blok A,premium ,Aman
PRD-71807,307,38.0,9.0,413000,Tidak,Blok A,premium ,Backorder
PRD-33524,243,4.0,5.0,438000,Tidak,Blok C,Reguler,Aman
PRD-65894,186,4.0,3.0,475000,Ya,Blok A,Reguler,Aman
PRD-15368,432,3.0,16.0,72000,Tidak,Blok B,REGULER,Aman
PRD-80448,345,37.0,22.0,264000,Tidak,Blok C,REGULER,Backorder
PRD-30607,444,44.0,26.0,466000,Tidak,Blok A, reguler ,Backorder
PRD-31143,212,,,305000,Ya,Blok A,Premium,Menipis
PRD-44948,385,21.0,5.0,279000,Ya,Blok A, reguler ,Menipis
PRD-21577,144,11.0,5.0,406000,Ya,Blok C,Premium,Aman
PRD-95481,323,24.0,24.0,272000,Ya,Blok B,REGULER,Backorder
PRD-30884,135,4.0,27.0,103000,Tidak,Blok A,Reguler,Aman
PRD-22391,319,27.0,26.0,80000,Tidak,Blok B,Reguler,Backorder
PRD-74204,355,21.0,6.0,38000,Ya,Blok C,premium ,Menipis
PRD-23440,273,37.0,16.0,132000,Tidak,Blok C,REGULER,Backorder
PRD-46455,312,9.0,2.0,48000,Ya,Blok B,premium ,Aman
PRD-40908,23,24.0,22.0,400000,Tidak,Blok B,Reguler,Backorder
PRD-28073,223,15.0,,285000,Ya,Blok B,Reguler,Backorder
PRD-12023,449,38.0,25.0,269000,Tidak,Blok A, reguler ,Backorder
PRD-43496,220,24.0,10.0,342000,Tidak,Blok A,premium ,Backorder
PRD-13127,424,29.0,27.0,182000,Tidak,Blok C, reguler ,Backorder
PRD-65021,76,5.0,24.0,444000,Tidak,Blok A, reguler ,Menipis
PRD-47842,200,,22.0,141000,Ya,Blok B,Reguler,Backorder
PRD-33548,409,32.0,4.0,391000,Ya,Blok A, reguler ,Aman
PRD-93441,158,46.0,13.0,176000,Tidak,Blok B,REGULER,Backorder
PRD-84947,388,27.0,22.0,247000,Tidak,Blok C, reguler ,Backorder
PRD-96711,163,42.0,25.0,160000,Tidak,Blok B,Reguler,Menipis
PRD-52039,35,34.0,29.0,297000,Tidak,Blok C,premium ,Backorder
PRD-98707,238,11.0,20.0,388000,Tidak,Blok B,premium ,Menipis
PRD-95374,261,20.0,20.0,110000,Ya,Blok C,Reguler,Backorder
PRD-95853,453,42.0,21.0,423000,Tidak,Blok B,REGULER,Backorder
PRD-98552,107,20.0,24.0,67000,Tidak,Blok C,Premium,Menipis
PRD-17561,398,8.0,19.0,404000,Tidak,Blok A,premium ,Aman
PRD-56760,284,34.0,13.0,459000,Tidak,Blok A,REGULER,Aman
PRD-46966,167,26.0,9.0,228000,Tidak,Blok A,Reguler,Menipis
PRD-70289,9,4.0,6.0,346000,Tidak,Blok C, reguler ,Menipis
PRD-32190,176,27.0,12.0,145000,Tidak,Blok B,premium ,Aman
PRD-46607,128,26.0,27.0,360000,Ya,Blok C, reguler ,Backorder
PRD-59812,402,23.0,8.0,399000,Tidak,Blok C, reguler ,Aman
PRD-99826,273,13.0,999.0,271000,Ya,Blok B,premium ,Aman
PRD-10368,118,,5.0,135000,Tidak,Blok B,REGULER,Aman
PRD-79996,394,9.0,11.0,259000,Tidak,Blok B, reguler ,Aman
PRD-61184,59,10.0,,74000,Tidak,Blok C,premium ,Backorder
PRD-71554,47,4.0,11.0,86000,Ya,Blok B,Premium,Aman
PRD-72574,455,17.0,16.0,311000,Tidak,Blok B,Reguler,Aman
PRD-53764,52,29.0,15.0,52000,Tidak,Blok B, reguler ,Backorder
PRD-70957,256,13.0,23.0,456000,Tidak,Blok A,Reguler,Menipis
PRD-45447,129,22.0,28.0,32000,Ya,Blok C,Premium,Backorder
PRD-18593,395,10.0,2.0,201000,Tidak,Blok C,premium ,Aman
PRD-20967,168,19.0,4.0,130000,Tidak,Blok C,REGULER,Aman
PRD-13783,270,17.0,19.0,319000,Tidak,Blok C,Premium,Backorder
PRD-18571,418,28.0,23.0,91000,Tidak,Blok C,REGULER,Backorder
PRD-49994,425,,16.0,349000,Tidak,Blok B,premium ,Aman
PRD-34123,361,22.0,28.0,127000,Tidak,Blok A,premium ,Backorder
PRD-28610,301,,24.0,477000,Ya,Blok C, reguler ,Backorder
PRD-99474,309,14.0,19.0,31000,Ya,Blok A,Premium,Backorder
PRD-82302,387,5.0,22.0,81000,Tidak,Blok C,Premium,Aman
PRD-44766,351,17.0,20.0,389000,Ya,Blok B,premium ,Menipis
PRD-68445,40,15.0,22.0,69000,Tidak,Blok C,Reguler,Backorder
PRD-78344,227,49.0,12.0,475000,Tidak,Blok B,premium ,Menipis
PRD-26075,267,49.0,23.0,148000,Tidak,Blok A, reguler ,Backorder
PRD-87034,36,1.0,23.0,76000,Ya,Blok A,Reguler,Menipis
PRD-70204,52,9.0,16.0,149000,Tidak,Blok A,REGULER,Backorder
PRD-16869,485,48.0,11.0,339000,Ya,Blok C,Premium,Backorder
PRD-33464,228,,19.0,486000,Ya,Blok A,REGULER,Menipis
PRD-49214,27,16.0,25.0,408000,Tidak,Blok A,Premium,Menipis
PRD-31304,400,35.0,7.0,50000,Tidak,Blok C,premium ,Aman
PRD-55178,220,24.0,16.0,39000,Tidak,Blok C,Premium,Backorder
PRD-10929,317,18.0,10.0,229000,Tidak,Blok C, reguler ,Aman
PRD-48409,145,18.0,6.0,413000,Tidak,Blok B,Reguler,Backorder
PRD-93920,156,46.0,17.0,14000,Ya,Blok B,Reguler,Backorder
PRD-14378,456,41.0,8.0,292000,Ya,Blok B,premium ,Aman
PRD-28037,102,17.0,10.0,88000,Tidak,Blok C,premium ,Menipis
PRD-40215,29,5.0,25.0,389000,Ya,Blok A,Reguler,Backorder
PRD-56705,120,35.0,18.0,270000,Tidak,Blok B, reguler ,Backorder
PRD-35318,253,19.0,999.0,46000,Tidak,Blok A, reguler ,Backorder
PRD-97923,245,4.0,16.0,194000,Tidak,Blok C, reguler ,Aman
PRD-97235,456,49.0,8.0,19000,Ya,Blok A,REGULER,Backorder
PRD-63997,48,15.0,8.0,123000,Ya,Blok C, reguler ,Backorder
PRD-76803,499,,27.0,401000,Ya,Blok A,REGULER,Menipis
PRD-60613,298,3.0,9.0,409000,Ya,Blok B,Premium,Aman
PRD-38854,439,8.0,28.0,167000,Tidak,Blok B, reguler ,Aman
PRD-41616,54,17.0,24.0,281000,Ya,Blok A,premium ,Backorder
PRD-71607,355,12.0,13.0,409000,Tidak,Blok C,Reguler,Aman
PRD-22392,85,15.0,7.0,382000,Tidak,Blok B,Reguler,Aman
PRD-29601,253,15.0,28.0,105000,Tidak,Blok B,Reguler,Menipis
PRD-51910,426,40.0,21.0,167000,Tidak,Blok B,premium ,Backorder
PRD-53732,451,27.0,24.0,193000,Tidak,Blok B,Reguler,Backorder
PRD-22201,17,15.0,8.0,303000,Ya,Blok A, reguler ,Backorder
PRD-12911,474,38.0,21.0,336000,Tidak,Blok C, reguler ,Aman
PRD-60385,451,14.0,13.0,150000,Ya,Blok B,premium ,Aman
PRD-81035,22,48.0,4.0,293000,Ya,Blok B,REGULER,Menipis
PRD-47045,3,22.0,6.0,471000,Tidak,Blok A,REGULER,Menipis
PRD-64567,386,14.0,19.0,144000,Ya,Blok C,Premium,Aman
PRD-19077,188,45.0,15.0,115000,Tidak,Blok B,REGULER,Menipis
PRD-14986,203,32.0,19.0,397000,Ya,Blok C,Reguler,Backorder
PRD-29229,310,31.0,25.0,452000,Tidak,Blok C,Reguler,Backorder
PRD-68182,295,30.0,28.0,228000,Tidak,Blok A,Reguler,Backorder
PRD-19628,355,19.0,21.0,421000,Tidak,Blok B,Reguler,Menipis
PRD-67410,79,45.0,16.0,481000,Tidak,Blok A,Premium,Backorder
PRD-81386,360,31.0,11.0,297000,Ya,Blok C,premium ,Backorder
PRD-47265,213,3.0,17.0,480000,Tidak,Blok B,Reguler,Aman
PRD-81520,70,35.0,26.0,382000,Tidak,Blok C,Reguler,Backorder
PRD-91426,98,30.0,13.0,49000,Tidak,Blok B,Reguler,Backorder
PRD-49236,36,25.0,8.0,14000,Tidak,Blok C,REGULER,Backorder
PRD-12042,277,,8.0,215000,Tidak,Blok B,Premium,Backorder
PRD-57700,422,,29.0,90000,Tidak,Blok B,premium ,Aman
PRD-14302,248,28.0,12.0,421000,Ya,Blok C,Premium,Menipis
PRD-98204,155,30.0,11.0,427000,Tidak,Blok B, reguler ,Aman
PRD-10207,243,19.0,23.0,415000,Tidak,Blok C,Reguler,Backorder
PRD-16414,307,37.0,22.0,251000,Ya,Blok C, reguler ,Backorder
PRD-67175,332,9.0,7.0,401000,Tidak,Blok B,REGULER,Aman
PRD-79263,151,41.0,29.0,423000,Ya,Blok A,Reguler,Aman
PRD-46116,320,7.0,8.0,279000,Tidak,Blok A,REGULER,Aman
PRD-15451,146,47.0,10.0,492000,Tidak,Blok A,Premium,Aman
PRD-80119,235,45.0,13.0,135000,Tidak,Blok B,Reguler,Menipis
PRD-29710,335,36.0,3.0,483000,Ya,Blok B,Reguler,Menipis
PRD-26309,232,26.0,,11000,Tidak,Blok C, reguler ,Menipis
PRD-93038,162,35.0,25.0,342000,Tidak,Blok A,REGULER,Menipis
PRD-62136,110,23.0,9.0,162000,Tidak,Blok C,Premium,Backorder
PRD-43583,223,13.0,9.0,417000,Tidak,Blok C,Reguler,Aman
PRD-75807,297,2.0,21.0,310000,Tidak,Blok C, reguler ,Aman
PRD-42602,262,29.0,19.0,139000,Ya,Blok B, reguler ,Backorder
PRD-41770,86,32.0,22.0,492000,Ya,Blok A,Premium,Menipis
PRD-35380,66,28.0,13.0,428000,Tidak,Blok C,premium ,Backorder
PRD-60042,291,2.0,16.0,414000,Ya,Blok A,Premium,Aman
PRD-23807,145,40.0,6.0,365000,Tidak,Blok C, reguler ,Menipis
PRD-75774,293,1.0,26.0,40000,Tidak,Blok C,REGULER,Menipis
PRD-56715,227,42.0,,72000,Tidak,Blok B,premium ,Menipis
PRD-24925,322,24.0,25.0,253000,Tidak,Blok B,premium ,Backorder
PRD-48255,147,25.0,27.0,13000,Ya,Blok C,Premium,Backorder
PRD-48294,252,34.0,10.0,319000,Tidak,Blok B,Reguler,Menipis
PRD-45903,477,4.0,24.0,139000,Ya,Blok A,premium ,Aman
PRD-78487,164,15.0,,345000,Ya,Blok C, reguler ,Backorder
PRD-45367,62,43.0,21.0,327000,Tidak,Blok C,Reguler,Backorder
PRD-16655,200,18.0,22.0,249000,Ya,Blok A,REGULER,Menipis
PRD-60387,492,23.0,22.0,86000,Ya,Blok C,premium ,Aman
PRD-70148,363,2.0,16.0,380000,Tidak,Blok B,REGULER,Aman
PRD-14994,207,38.0,26.0,485000,Tidak,Blok A,premium ,Backorder
PRD-13641,364,,21.0,365000,Ya,Blok C,premium ,Backorder
PRD-80467,214,49.0,27.0,409000,Tidak,Blok C,premium ,Menipis
PRD-15703,102,6.0,5.0,421000,Tidak,Blok A,REGULER,Aman
PRD-46558,74,6.0,27.0,361000,Ya,Blok A, reguler ,Backorder
PRD-84034,28,1.0,29.0,21000,Tidak,Blok B,REGULER,Backorder
PRD-88388,111,47.0,29.0,238000,Ya,Blok C,Reguler,Menipis
PRD-31357,26,42.0,16.0,277000,Tidak,Blok A,Premium,Menipis
PRD-74027,189,,26.0,55000,Tidak,Blok B,Reguler,Backorder
PRD-68759,353,33.0,9.0,307000,Ya,Blok B,Premium,Aman
PRD-95818,437,27.0,17.0,141000,Tidak,Blok A, reguler ,Backorder
PRD-36421,317,40.0,14.0,310000,Tidak,Blok B,Reguler,Backorder
PRD-18050,83,7.0,29.0,177000,Tidak,Blok C,REGULER,Backorder
PRD-10799,375,4.0,18.0,308000,Tidak,Blok B,premium ,Aman
PRD-14426,382,33.0,18.0,67000,Ya,Blok C,REGULER,Backorder
PRD-11195,489,30.0,14.0,16000,Tidak,Blok B,Reguler,Aman
PRD-67043,288,40.0,2.0,438000,Tidak,Blok C,REGULER,Menipis
PRD-75726,310,13.0,14.0,463000,Tidak,Blok A,Reguler,Aman
PRD-27333,198,3.0,20.0,276000,Tidak,Blok B, reguler ,Aman
PRD-35117,470,37.0,13.0,222000,Tidak,Blok A,Reguler,Menipis
PRD-74965,410,35.0,7.0,393000,Tidak,Blok C,Premium,Menipis
PRD-91948,110,22.0,12.0,263000,Ya,Blok C,premium ,Backorder
PRD-65235,204,10.0,23.0,86000,Tidak,Blok B,premium ,Backorder
PRD-42298,111,47.0,24.0,24000,Ya,Blok C, reguler ,Aman
PRD-57606,79,7.0,8.0,142000,Tidak,Blok B,Premium,Aman
PRD-35235,306,23.0,5.0,88000,Tidak,Blok B, reguler ,Aman
PRD-65612,335,16.0,23.0,481000,Ya,Blok A, reguler ,Menipis
PRD-33524,203,17.0,17.0,228000,Tidak,Blok C,Reguler,Backorder
PRD-18927,261,14.0,26.0,166000,Tidak,Blok A,Premium,Menipis
PRD-13121,161,48.0,25.0,362000,Ya,Blok C,Reguler,Backorder
PRD-66901,17,17.0,20.0,37000,Ya,Blok B,premium ,Backorder
PRD-90072,299,49.0,2.0,493000,Tidak,Blok A,Premium,Backorder
PRD-14261,465,4.0,7.0,193000,Tidak,Blok B,Reguler,Aman
PRD-32318,65,31.0,,399000,Tidak,Blok A,Reguler,Backorder
PRD-33555,48,19.0,25.0,342000,Tidak,Blok C,REGULER,Backorder
PRD-65041,339,26.0,,247000,Ya,Blok A, reguler ,Backorder
PRD-61574,471,38.0,24.0,286000,Ya,Blok A, reguler ,Backorder
PRD-79506,444,14.0,25.0,327000,Ya,Blok C, reguler ,Menipis
PRD-52101,16,6.0,16.0,358000,Tidak,Blok A,premium ,Aman
PRD-42981,109,46.0,28.0,294000,Tidak,Blok A,premium ,Backorder
PRD-61083,76,24.0,14.0,39000,Ya,Blok C,Premium,Backorder
PRD-77264,163,5.0,17.0,53000,Tidak,Blok A,Reguler,Aman
PRD-73365,394,9.0,26.0,247000,Tidak,Blok A,premium ,Aman
PRD-16102,371,,17.0,37000,Tidak,Blok C,premium ,Menipis
PRD-11462,362,17.0,7.0,499000,Tidak,Blok C,REGULER,Aman
PRD-56008,28,45.0,29.0,388000,Ya,Blok C,premium ,Backorder
PRD-11177,315,4.0,13.0,15000,Ya,Blok C,Premium,Aman
PRD-88484,86,27.0,999.0,409000,Tidak,Blok A,premium ,Backorder
PRD-62874,494,38.0,29.0,173000,Tidak,Blok B,Reguler,Aman
PRD-80271,29,10.0,8.0,440000,Ya,Blok B,Premium,Menipis
PRD-55113,173,38.0,3.0,266000,Ya,Blok B,Premium,Menipis
PRD-63309,367,41.0,6.0,309000,Tidak,Blok A,premium ,Aman
PRD-88616,155,36.0,6.0,312000,Tidak,Blok C,premium ,Menipis
PRD-21825,330,41.0,8.0,431000,Tidak,Blok A,REGULER,Menipis
PRD-45851,97,9.0,5.0,296000,Ya,Blok B,REGULER,Aman
PRD-68348,403,6.0,7.0,178000,Ya,Blok C,REGULER,Aman
PRD-42363,241,33.0,10.0,401000,Tidak,Blok A,Premium,Aman
PRD-56389,115,2.0,28.0,433000,Tidak,Blok C,Premium,Aman
PRD-91187,370,10.0,25.0,442000,Tidak,Blok C,Reguler,Aman
PRD-11132,89,37.0,19.0,324000,Tidak,Blok B,REGULER,Aman
PRD-18738,488,17.0,17.0,346000,Ya,Blok B, reguler ,Aman
PRD-80605,286,40.0,8.0,439000,Ya,Blok A,Premium,Menipis
PRD-28847,393,15.0,7.0,414000,Tidak,Blok A,Reguler,Aman
PRD-46355,480,8.0,,316000,Ya,Blok C,premium ,Aman
PRD-81425,154,16.0,15.0,481000,Tidak,Blok B,Premium,Menipis
PRD-88199,281,18.0,2.0,140000,Tidak,Blok C,Reguler,Aman
PRD-10727,343,27.0,18.0,376000,Tidak,Blok B,Reguler,Backorder
PRD-72981,435,,23.0,429000,Tidak,Blok A,REGULER,Backorder
PRD-37606,353,4.0,6.0,481000,Tidak,Blok A, reguler ,Aman
PRD-81309,15,3.0,5.0,235000,Tidak,Blok A, reguler ,Backorder
PRD-22205,380,28.0,15.0,382000,Ya,Blok C,Premium,Menipis
PRD-30927,12,4.0,3.0,160000,Tidak,Blok C,premium ,Aman
PRD-39756,301,16.0,27.0,498000,Ya,Blok C,Reguler,Backorder
PRD-21695,11,45.0,6.0,164000,Tidak,Blok C,Premium,Backorder
PRD-10731,468,21.0,18.0,169000,Tidak,Blok A,premium ,Aman
PRD-66985,16,15.0,12.0,358000,Ya,Blok C,REGULER,Backorder
PRD-28793,126,19.0,3.0,174000,Ya,Blok C,premium ,Aman
PRD-28740,183,46.0,2.0,198000,Tidak,Blok C,premium ,Backorder
PRD-37862,159,44.0,17.0,130000,Ya,Blok C,Premium,Backorder
PRD-47085,82,22.0,8.0,353000,Tidak,Blok C,REGULER,Backorder
PRD-30466,278,6.0,4.0,368000,Tidak,Blok A,premium ,Aman
PRD-30689,477,48.0,12.0,111000,Tidak,Blok B, reguler ,Aman
PRD-72008,215,6.0,27.0,100000,Tidak,Blok A,Reguler,Menipis
PRD-31395,423,24.0,3.0,199000,Tidak,Blok B, reguler ,Aman
PRD-16090,128,6.0,23.0,154000,Tidak,Blok B,Reguler,Aman
PRD-45932,420,4.0,999.0,369000,Tidak,Blok B, reguler ,Aman
PRD-81045,9,43.0,15.0,458000,Tidak,Blok A,Premium,Backorder
PRD-10814,54,1.0,999.0,24000,Ya,Blok B,Premium,Aman
PRD-35738,102,35.0,27.0,160000,Tidak,Blok A,Reguler,Menipis
PRD-41422,236,46.0,6.0,437000,Tidak,Blok B,Reguler,Menipis
PRD-35993,483,14.0,25.0,148000,Tidak,Blok B,Premium,Aman
PRD-49952,235,27.0,22.0,82000,Ya,Blok A,Reguler,Menipis
PRD-77616,58,40.0,12.0,14000,Ya,Blok A, reguler ,Backorder
PRD-91938,480,46.0,13.0,97000,Tidak,Blok B, reguler ,Backorder
PRD-64205,203,16.0,6.0,64000,Tidak,Blok B,premium ,Aman
PRD-65107,405,26.0,999.0,275000,Tidak,Blok A,Premium,Aman
PRD-64693,263,6.0,28.0,389000,Tidak,Blok B,REGULER,Aman
PRD-16441,222,28.0,21.0,12000,Ya,Blok B,Reguler,Backorder
PRD-30719,498,17.0,,85000,Tidak,Blok C,REGULER,Aman
PRD-37703,110,7.0,8.0,297000,Ya,Blok A,Premium,Menipis
PRD-51111,342,45.0,4.0,476000,Tidak,Blok C, reguler ,Backorder
PRD-79051,106,28.0,16.0,414000,Tidak,Blok B,Premium,Backorder
PRD-88082,294,42.0,2.0,474000,Ya,Blok B,Reguler,Aman
PRD-19764,473,39.0,5.0,493000,Tidak,Blok A,premium ,Aman
PRD-66132,111,2.0,23.0,61000,Tidak,Blok A,REGULER,Backorder
PRD-86749,302,42.0,17.0,454000,Ya,Blok C,premium ,Menipis
PRD-39165,400,35.0,16.0,176000,Ya,Blok C,Premium,Backorder
PRD-17951,56,39.0,23.0,64000,Tidak,Blok C, reguler ,Backorder
PRD-43205,110,38.0,3.0,330000,Tidak,Blok A, reguler ,Aman
PRD-87028,300,26.0,2.0,436000,Tidak,Blok C,REGULER,Aman
PRD-96598,470,36.0,16.0,212000,Tidak,Blok C,Premium,Menipis
PRD-22683,358,16.0,11.0,458000,Tidak,Blok C,premium ,Menipis
PRD-67324,300,25.0,25.0,430000,Tidak,Blok C,REGULER,Backorder
PRD-16212,303,24.0,19.0,396000,Tidak,Blok B,premium ,Menipis
PRD-33275,397,3.0,28.0,149000,Tidak,Blok C,REGULER,Aman
PRD-64160,46,2.0,8.0,131000,Tidak,Blok C,Premium,Aman
PRD-22120,256,49.0,25.0,306000,Tidak,Blok A,REGULER,Aman
PRD-29782,459,24.0,12.0,173000,Tidak,Blok A,premium ,Aman
PRD-70924,479,36.0,26.0,232000,Ya,Blok B,Premium,Backorder
PRD-94555,293,36.0,12.0,166000,Ya,Blok C,Reguler,Backorder
PRD-42376,179,5.0,,295000,Tidak,Blok A,premium ,Backorder
PRD-33782,217,4.0,26.0,425000,Tidak,Blok A,REGULER,Aman
PRD-94607,197,28.0,25.0,114000,Tidak,Blok A,Reguler,Menipis
PRD-89360,135,32.0,14.0,499000,Tidak,Blok C,Premium,Backorder
PRD-57588,249,9.0,4.0,192000,Tidak,Blok C,premium ,Aman
PRD-46487,120,45.0,21.0,302000,Tidak,Blok C,Reguler,Backorder
PRD-90992,354,25.0,3.0,419000,Ya,Blok B,Reguler,Aman
PRD-69949,201,,5.0,372000,Tidak,Blok B, reguler ,Backorder
PRD-53525,384,22.0,22.0,124000,Tidak,Blok C,REGULER,Backorder
PRD-79810,473,37.0,7.0,341000,Tidak,Blok B,Reguler,Backorder
PRD-12956,135,17.0,19.0,447000,Tidak,Blok A,REGULER,Backorder
PRD-87513,125,29.0,2.0,413000,Ya,Blok A,Reguler,Menipis
PRD-25072,486,39.0,20.0,299000,Tidak,Blok C,premium ,Backorder
PRD-79224,112,22.0,21.0,362000,Tidak,Blok A,Reguler,Backorder
PRD-20588,28,48.0,6.0,51000,Ya,Blok C,Premium,Backorder
PRD-57801,388,41.0,21.0,55000,Tidak,Blok A,Reguler,Menipis
PRD-15914,435,22.0,6.0,397000,Tidak,Blok B, reguler ,Aman
PRD-74044,344,20.0,22.0,491000,Tidak,Blok C,Reguler,Menipis
PRD-14951,49,33.0,28.0,180000,Tidak,Blok C,Reguler,Backorder
PRD-71404,231,49.0,27.0,86000,Tidak,Blok B,REGULER,Backorder
PRD-83300,90,,16.0,147000,Tidak,Blok B,REGULER,Backorder
PRD-80022,353,16.0,,49000,Tidak,Blok C,Premium,Aman
PRD-22297,132,31.0,22.0,319000,Ya,Blok A,REGULER,Menipis
PRD-28385,478,32.0,7.0,378000,Ya,Blok A,Reguler,Aman
PRD-47823,478,22.0,29.0,31000,Ya,Blok B,Premium,Menipis
PRD-53832,188,28.0,18.0,14000,Tidak,Blok B,Premium,Backorder
PRD-56060,2,46.0,14.0,286000,Tidak,Blok C,Reguler,Backorder
PRD-24357,179,32.0,16.0,398000,Ya,Blok C,Reguler,Backorder
PRD-76656,465,25.0,11.0,297000,Tidak,Blok C,premium ,Aman
PRD-27144,63,8.0,15.0,31000,Tidak,Blok A,Premium,Backorder
PRD-14008,332,10.0,20.0,430000,Tidak,Blok A,Reguler,Aman
PRD-53463,352,9.0,10.0,163000,Tidak,Blok B,Premium,Aman
PRD-43742,243,27.0,22.0,47000,Ya,Blok B,Reguler,Aman
PRD-81907,29,26.0,5.0,12000,Ya,Blok C,REGULER,Backorder
PRD-15410,447,17.0,22.0,93000,Tidak,Blok C,Reguler,Aman
PRD-21138,126,20.0,26.0,233000,Tidak,Blok B,Reguler,Backorder
PRD-65162,379,43.0,7.0,241000,Ya,Blok C,premium ,Aman
PRD-37915,211,,26.0,440000,Ya,Blok B,Premium,Menipis
PRD-30256,273,21.0,15.0,151000,Tidak,Blok A,premium ,Aman
PRD-11875,41,19.0,11.0,274000,Tidak,Blok A,premium ,Backorder
PRD-18004,487,46.0,29.0,234000,Ya,Blok B,Reguler,Backorder
PRD-59241,293,,,252000,Tidak,Blok B,REGULER,Aman
PRD-62329,297,3.0,9.0,85000,Tidak,Blok A,Premium,Aman
PRD-66492,441,7.0,13.0,489000,Ya,Blok A,premium ,Menipis
PRD-39882,46,26.0,7.0,377000,Tidak,Blok B,Premium,Menipis
PRD-49405,125,5.0,7.0,484000,Ya,Blok B,premium ,Aman
PRD-31172,32,14.0,10.0,40000,Ya,Blok A,Reguler,Backorder
PRD-70139,491,2.0,,155000,Ya,Blok C,premium ,Aman
PRD-40266,437,27.0,10.0,364000,Tidak,Blok B,Reguler,Menipis
PRD-33821,342,22.0,5.0,275000,Tidak,Blok A,Premium,Menipis
PRD-48134,18,21.0,26.0,131000,Tidak,Blok B, reguler ,Backorder
PRD-66151,146,40.0,18.0,21000,Tidak,Blok A,Premium,Menipis
PRD-52963,364,31.0,5.0,379000,Tidak,Blok A,REGULER,Backorder
PRD-53516,375,43.0,29.0,450000,Tidak,Blok C,REGULER,Backorder
PRD-37278,132,34.0,26.0,455000,Tidak,Blok A,Premium,Backorder
PRD-16372,12,35.0,7.0,279000,Ya,Blok C,Reguler,Backorder
PRD-55124,269,46.0,21.0,141000,Tidak,Blok B, reguler ,Backorder
PRD-33625,134,9.0,26.0,195000,Tidak,Blok C,Reguler,Menipis
PRD-66321,157,30.0,29.0,487000,Tidak,Blok B,Premium,Menipis
PRD-82388,332,,5.0,237000,Ya,Blok C,Premium,Aman
PRD-11242,370,,7.0,30000,Tidak,Blok A,Reguler,Aman
PRD-65480,105,,8.0,137000,Tidak,Blok C, reguler ,Backorder
PRD-65826,219,1.0,7.0,157000,Ya,Blok C,premium ,Aman
PRD-23934,86,19.0,15.0,198000,Tidak,Blok B,REGULER,Menipis
PRD-30764,173,8.0,13.0,98000,Tidak,Blok A,REGULER,Aman
PRD-82356,136,49.0,5.0,175000,Tidak,Blok B, reguler ,Backorder
PRD-26923,401,16.0,20.0,315000,Tidak,Blok C,REGULER,Menipis
PRD-58002,350,37.0,21.0,37000,Tidak,Blok C,REGULER,Backorder
PRD-24908,48,8.0,16.0,278000,Tidak,Blok C,Premium,Backorder
PRD-79928,291,19.0,20.0,291000,Tidak,Blok A,REGULER,Backorder
PRD-66313,278,16.0,26.0,52000,Tidak,Blok C,REGULER,Backorder
PRD-36421,317,40.0,14.0,310000,Tidak,Blok B,Reguler,Backorder
PRD-58190,186,7.0,19.0,311000,Tidak,Blok A,Premium,Aman
PRD-76957,132,5.0,27.0,101000,Tidak,Blok B,Premium,Menipis
PRD-23283,329,39.0,999.0,434000,Tidak,Blok B, reguler ,Aman
PRD-44651,82,39.0,10.0,255000,Tidak,Blok C,REGULER,Backorder
PRD-87000,397,13.0,5.0,452000,Tidak,Blok A,Premium,Aman
PRD-23313,225,6.0,2.0,330000,Tidak,Blok C,Premium,Aman
PRD-25659,280,,7.0,213000,Tidak,Blok C,premium ,Aman
PRD-93309,246,17.0,13.0,99000,Tidak,Blok B,Premium,Menipis
PRD-91985,403,19.0,21.0,18000,Tidak,Blok C, reguler ,Aman
PRD-42913,190,36.0,28.0,348000,Tidak,Blok C, reguler ,Backorder
PRD-20778,129,39.0,,243000,Tidak,Blok B, reguler ,Backorder
PRD-87789,110,39.0,6.0,97000,Tidak,Blok B,Reguler,Aman
PRD-12261,411,16.0,19.0,121000,Tidak,Blok B,Premium,Backorder
PRD-20532,397,21.0,11.0,246000,Ya,Blok A,premium ,Aman
PRD-78367,111,4.0,27.0,279000,Tidak,Blok B,premium ,Aman
PRD-96465,118,7.0,11.0,439000,Tidak,Blok A,Reguler,Aman
PRD-95751,105,48.0,23.0,402000,Ya,Blok A,Premium,Backorder
PRD-29065,341,49.0,24.0,11000,Ya,Blok A,premium ,Backorder
PRD-36331,386,33.0,18.0,284000,Tidak,Blok A, reguler ,Aman
PRD-62160,198,28.0,,145000,Tidak,Blok C,premium ,Backorder
PRD-71762,455,5.0,25.0,475000,Tidak,Blok B,Premium,Menipis
PRD-13051,427,19.0,11.0,152000,Tidak,Blok B,REGULER,Aman
PRD-56175,219,33.0,15.0,306000,Tidak,Blok C, reguler ,Menipis
PRD-17961,397,26.0,29.0,266000,Tidak,Blok A, reguler ,Aman
PRD-71710,205,10.0,23.0,30000,Tidak,Blok C,REGULER,Backorder
PRD-44815,230,37.0,17.0,222000,Ya,Blok C,premium ,Backorder
PRD-47685,14,22.0,20.0,184000,Tidak,Blok B,Reguler,Backorder
PRD-33474,234,35.0,6.0,153000,Tidak,Blok C,premium ,Backorder
PRD-95504,383,1.0,14.0,426000,Tidak,Blok A,Reguler,Aman
PRD-31801,13,46.0,9.0,58000,Tidak,Blok A,Premium,Backorder
PRD-53221,421,4.0,17.0,218000,Tidak,Blok C, reguler ,Aman
PRD-56628,482,15.0,,197000,Tidak,Blok C,Reguler,Menipis
PRD-14027,358,5.0,,20000,Ya,Blok A,premium ,Menipis
PRD-52679,94,46.0,16.0,43000,Tidak,Blok A,Premium,Backorder
PRD-42963,145,17.0,23.0,82000,Ya,Blok A,REGULER,Backorder
PRD-34842,499,3.0,23.0,273000,Ya,Blok C, reguler ,Menipis
PRD-45929,141,38.0,26.0,161000,Tidak,Blok A,Premium,Backorder
PRD-14300,315,46.0,14.0,291000,Tidak,Blok A, reguler ,Backorder
PRD-92384,250,34.0,17.0,308000,Tidak,Blok A,premium ,Aman
PRD-84795,1,42.0,9.0,413000,Ya,Blok B,premium ,Backorder
PRD-16540,442,27.0,17.0,359000,Ya,Blok A,REGULER,Backorder
PRD-15845,241,27.0,11.0,269000,Tidak,Blok B,REGULER,Backorder
PRD-38670,279,44.0,9.0,374000,Tidak,Blok A,premium ,Backorder
PRD-85088,305,9.0,8.0,213000,Ya,Blok B, reguler ,Aman
PRD-60717,362,25.0,27.0,179000,Ya,Blok C, reguler ,Backorder
PRD-53827,148,18.0,14.0,135000,Tidak,Blok C,Reguler,Aman
PRD-34276,161,42.0,11.0,20000,Tidak,Blok C,Premium,Aman
PRD-23450,288,2.0,19.0,146000,Tidak,Blok C,premium ,Aman
PRD-89561,191,22.0,12.0,212000,Tidak,Blok B,Reguler,Backorder
PRD-10569,462,4.0,7.0,62000,Tidak,Blok B,premium ,Menipis
PRD-12631,307,22.0,2.0,449000,Tidak,Blok B,premium ,Aman
PRD-31918,488,8.0,29.0,26000,Ya,Blok B,REGULER,Backorder
PRD-69316,7,31.0,16.0,471000,Tidak,Blok C, reguler ,Backorder
PRD-68597,435,35.0,22.0,407000,Tidak,Blok B,REGULER,Backorder
PRD-26389,231,21.0,9.0,80000,Ya,Blok A,REGULER,Aman
PRD-98001,370,35.0,10.0,453000,Tidak,Blok C,Premium,Menipis
PRD-59950,175,28.0,14.0,194000,Ya,Blok A, reguler ,Backorder
PRD-88389,41,41.0,10.0,66000,Ya,Blok B,Reguler,Backorder
PRD-38182,37,8.0,13.0,101000,Ya,Blok A,REGULER,Backorder
PRD-85008,193,47.0,6.0,343000,Ya,Blok C,Reguler,Menipis
PRD-83927,54,28.0,11.0,62000,Ya,Blok B,Reguler,Backorder
PRD-24715,270,2.0,21.0,213000,Ya,Blok C,Premium,Aman
PRD-71821,208,33.0,11.0,441000,Ya,Blok C,REGULER,Aman
PRD-35933,359,44.0,999.0,18000,Ya,Blok B,Premium,Menipis
PRD-50232,269,33.0,11.0,415000,Tidak,Blok C,Premium,Backorder
PRD-30323,51,47.0,16.0,92000,Tidak,Blok C,Premium,Backorder
PRD-81678,396,30.0,4.0,223000,Tidak,Blok B,Premium,Aman
PRD-67204,474,49.0,7.0,332000,Tidak,Blok B,premium ,Backorder
PRD-53939,307,48.0,3.0,351000,Tidak,Blok C,REGULER,Aman
PRD-30600,482,18.0,21.0,23000,Tidak,Blok A,Reguler,Aman
PRD-27889,40,33.0,9.0,401000,Tidak,Blok C,Premium,Backorder
PRD-38546,95,15.0,29.0,151000,Tidak,Blok B,Reguler,Backorder
PRD-49420,71,40.0,9.0,297000,Tidak,Blok A,premium ,Menipis
PRD-97231,436,38.0,20.0,245000,Tidak,Blok A,Reguler,Backorder
PRD-22411,241,28.0,5.0,435000,Tidak,Blok A,REGULER,Menipis
PRD-15577,10,6.0,21.0,104000,Ya,Blok A,premium ,Backorder
PRD-23629,242,24.0,21.0,45000,Tidak,Blok B,premium ,Backorder
PRD-14135,458,48.0,29.0,152000,Ya,Blok C,Reguler,Menipis
PRD-39956,293,11.0,29.0,239000,Ya,Blok B,REGULER,Backorder
PRD-31113,202,35.0,25.0,195000,Tidak,Blok B,REGULER,Backorder
PRD-72963,435,47.0,11.0,238000,Tidak,Blok C,Reguler,Menipis
PRD-90978,272,20.0,29.0,98000,Ya,Blok C,Reguler,Backorder
PRD-95024,379,13.0,3.0,29000,Tidak,Blok C, reguler ,Aman
PRD-57965,314,6.0,4.0,16000,Tidak,Blok B,Premium,Aman
PRD-66532,182,2.0,23.0,95000,Tidak,Blok B,Reguler,Aman
PRD-23261,443,14.0,22.0,173000,Tidak,Blok C,premium ,Aman
PRD-31975,16,5.0,12.0,101000,Tidak,Blok A,Reguler,Backorder
PRD-22834,139,2.0,16.0,124000,Tidak,Blok A,Reguler,Aman
PRD-88672,285,42.0,11.0,480000,Tidak,Blok A,premium ,Menipis
PRD-71158,313,37.0,5.0,104000,Ya,Blok C,premium ,Aman
PRD-46534,220,4.0,21.0,446000,Tidak,Blok A,Reguler,Aman
PRD-91067,230,25.0,,329000,Tidak,Blok B,Premium,Backorder
PRD-53481,328,27.0,12.0,370000,Ya,Blok A, reguler ,Menipis
PRD-91991,442,28.0,20.0,406000,Tidak,Blok B,premium ,Menipis
PRD-59930,241,45.0,23.0,172000,Tidak,Blok C,Premium,Menipis
PRD-46788,429,23.0,7.0,69000,Tidak,Blok C,Reguler,Aman
PRD-89390,36,10.0,26.0,494000,Ya,Blok A,REGULER,Backorder
PRD-87225,436,20.0,25.0,190000,Ya,Blok A,Premium,Backorder
PRD-97211,386,4.0,999.0,37000,Ya,Blok A,premium ,Aman
PRD-79615,387,2.0,15.0,205000,Tidak,Blok B,Reguler,Aman
PRD-82717,290,27.0,23.0,86000,Tidak,Blok A,premium ,Backorder
PRD-88343,276,8.0,14.0,289000,Tidak,Blok C,premium ,Aman
PRD-95886,421,31.0,27.0,399000,Ya,Blok C,REGULER,Backorder
PRD-82789,97,16.0,9.0,301000,Tidak,Blok C,Premium,Backorder
PRD-56413,386,20.0,4.0,244000,Ya,Blok C,REGULER,Aman
PRD-40143,329,27.0,18.0,485000,Tidak,Blok A,REGULER,Menipis
PRD-77642,323,20.0,2.0,485000,Tidak,Blok C,Reguler,Aman
PRD-63546,492,17.0,4.0,15000,Tidak,Blok B,REGULER,Aman
PRD-23665,50,,4.0,262000,Ya,Blok A,Premium,Aman
PRD-19496,271,48.0,5.0,321000,Tidak,Blok C,Reguler,Backorder
PRD-95678,443,31.0,11.0,121000,Tidak,Blok C,Premium,Aman
PRD-62669,344,25.0,4.0,59000,Ya,Blok A,premium ,Aman
PRD-12147,384,12.0,6.0,405000,Tidak,Blok A, reguler ,Aman
PRD-10908,289,45.0,9.0,147000,Tidak,Blok C,Reguler,Backorder
PRD-61550,27,48.0,17.0,331000,Tidak,Blok A,premium ,Menipis
PRD-13060,109,19.0,28.0,400000,Tidak,Blok A,REGULER,Backorder
PRD-48220,225,39.0,4.0,406000,Tidak,Blok A,Reguler,Menipis
PRD-16849,9,23.0,23.0,414000,Tidak,Blok C,Reguler,Backorder
PRD-96862,348,31.0,3.0,124000,Tidak,Blok C,Premium,Aman
PRD-37207,291,37.0,10.0,30000,Tidak,Blok B,premium ,Backorder
PRD-83870,1,1.0,7.0,153000,Tidak,Blok A, reguler ,Backorder
PRD-37331,300,38.0,3.0,478000,Tidak,Blok A, reguler ,Aman
PRD-55939,372,5.0,24.0,408000,Tidak,Blok A,Premium,Aman
PRD-18720,233,28.0,29.0,217000,Tidak,Blok B, reguler ,Backorder
PRD-20395,185,,14.0,128000,Ya,Blok B,REGULER,Backorder
PRD-72598,87,2.0,26.0,318000,Ya,Blok A,REGULER,Aman
PRD-60013,140,7.0,29.0,26000,Tidak,Blok B,premium ,Backorder
PRD-18798,37,37.0,22.0,67000,Tidak,Blok C, reguler ,Backorder
PRD-59116,429,41.0,23.0,208000,Ya,Blok B,Reguler,Backorder
PRD-42217,356,23.0,24.0,214000,Ya,Blok B,Premium,Backorder
PRD-90781,238,35.0,17.0,73000,Ya,Blok B,REGULER,Menipis
PRD-23859,265,18.0,29.0,453000,Tidak,Blok C,Premium,Backorder
PRD-82197,311,3.0,,386000,Tidak,Blok C,Reguler,Aman
PRD-41860,316,19.0,17.0,145000,Ya,Blok C,Reguler,Aman
PRD-59086,106,35.0,25.0,99000,Ya,Blok C,Premium,Backorder
PRD-99180,200,30.0,12.0,117000,Tidak,Blok C,REGULER,Menipis
PRD-81387,235,18.0,29.0,491000,Tidak,Blok B,Reguler,Backorder
PRD-55440,83,42.0,9.0,133000,Tidak,Blok B,REGULER,Backorder
PRD-18016,74,18.0,10.0,123000,Tidak,Blok B,premium ,Aman
PRD-37405,14,37.0,29.0,126000,Ya,Blok A, reguler ,Backorder
PRD-10835,115,24.0,12.0,350000,Tidak,Blok A,REGULER,Backorder
PRD-35475,263,47.0,2.0,262000,Ya,Blok A,REGULER,Aman
PRD-61693,281,22.0,24.0,135000,Tidak,Blok B,premium ,Backorder
PRD-35791,315,25.0,8.0,427000,Ya,Blok C,Premium,Aman
PRD-11044,493,10.0,20.0,442000,Tidak,Blok B,premium ,Aman
PRD-66174,155,20.0,23.0,135000,Tidak,Blok A,REGULER,Backorder
PRD-14926,256,24.0,3.0,137000,Tidak,Blok B,premium ,Aman
PRD-93014,60,42.0,8.0,391000,Ya,Blok B, reguler ,Menipis
PRD-87108,494,28.0,11.0,286000,Ya,Blok B, reguler ,Aman
PRD-43458,485,16.0,9.0,352000,Tidak,Blok C,premium ,Aman
PRD-16229,37,29.0,10.0,307000,Ya,Blok C,premium ,Aman
PRD-36790,244,9.0,,460000,Tidak,Blok B,Premium,Menipis
PRD-48367,214,20.0,23.0,349000,Tidak,Blok A,REGULER,Backorder
PRD-39739,20,17.0,2.0,394000,Tidak,Blok A,Reguler,Menipis
PRD-40857,68,45.0,10.0,273000,Tidak,Blok B,premium ,Backorder
PRD-15249,160,36.0,3.0,85000,Tidak,Blok B,REGULER,Menipis
PRD-91943,469,,13.0,333000,Tidak,Blok C,Premium,Menipis
PRD-81180,262,39.0,2.0,476000,Ya,Blok B,Premium,Aman
PRD-25957,24,11.0,19.0,497000,Ya,Blok C,REGULER,Backorder
PRD-82909,368,27.0,17.0,488000,Ya,Blok A,premium ,Backorder
PRD-74820,232,39.0,999.0,460000,Tidak,Blok A,REGULER,Backorder
PRD-84907,303,38.0,24.0,425000,Tidak,Blok A, reguler ,Backorder
PRD-23456,281,45.0,17.0,80000,Ya,Blok C,REGULER,Backorder
PRD-17235,326,17.0,9.0,424000,Tidak,Blok C,Premium,Aman
PRD-11089,228,40.0,3.0,21000,Ya,Blok A,Premium,Aman
PRD-89876,42,38.0,20.0,464000,Tidak,Blok A,premium ,Menipis
PRD-68053,411,17.0,22.0,151000,Tidak,Blok B,REGULER,Backorder
PRD-46018,178,44.0,29.0,422000,Tidak,Blok A,Reguler,Backorder
PRD-81200,229,23.0,4.0,211000,Tidak,Blok A,Premium,Aman
PRD-28157,348,24.0,21.0,494000,Tidak,Blok B, reguler ,Backorder
PRD-27241,167,20.0,12.0,235000,Ya,Blok A,Reguler,Menipis
PRD-38477,5,18.0,2.0,410000,Ya,Blok C,REGULER,Menipis
PRD-87078,442,41.0,18.0,331000,Tidak,Blok C,premium ,Backorder
PRD-95879,236,28.0,11.0,373000,Tidak,Blok C,premium ,Menipis
PRD-42591,363,26.0,23.0,82000,Tidak,Blok B,Premium,Backorder
PRD-51025,309,14.0,26.0,210000,Tidak,Blok B,REGULER,Menipis
PRD-22204,100,17.0,26.0,360000,Tidak,Blok A, reguler ,Aman
PRD-10824,445,19.0,25.0,98000,Tidak,Blok C,Reguler,Backorder
PRD-62887,12,31.0,27.0,484000,Tidak,Blok A,Premium,Backorder
PRD-54028,10,22.0,28.0,224000,Ya,Blok A,premium ,Menipis
PRD-65255,166,18.0,29.0,96000,Tidak,Blok C,premium ,Menipis
PRD-35905,183,21.0,7.0,386000,Ya,Blok C, reguler ,Backorder
PRD-51323,15,45.0,9.0,148000,Tidak,Blok C,Reguler,Backorder
PRD-36751,242,48.0,20.0,406000,Tidak,Blok B,REGULER,Backorder
PRD-35398,407,8.0,14.0,496000,Tidak,Blok C,Reguler,Aman
PRD-24440,497,11.0,25.0,118000,Tidak,Blok C,Premium,Aman
PRD-10801,207,15.0,19.0,10000,Tidak,Blok A,REGULER,Backorder
PRD-72260,394,8.0,27.0,368000,Ya,Blok C, reguler ,Aman
PRD-77087,292,39.0,24.0,112000,Tidak,Blok C,Reguler,Menipis
PRD-13114,321,25.0,28.0,397000,Tidak,Blok C,Reguler,Backorder
PRD-83861,11,41.0,24.0,354000,Tidak,Blok C,Premium,Backorder
PRD-13696,431,24.0,,392000,Tidak,Blok A,premium ,Aman
PRD-40027,33,38.0,18.0,385000,Ya,Blok C, reguler ,Aman
PRD-89794,132,33.0,12.0,30000,Tidak,Blok A,Reguler,Backorder
PRD-85948,63,21.0,20.0,478000,Tidak,Blok B,REGULER,Backorder
PRD-77169,378,14.0,19.0,216000,Ya,Blok B,premium ,Menipis
PRD-61818,427,12.0,21.0,372000,Tidak,Blok A,Premium,Aman
PRD-65184,200,30.0,11.0,379000,Tidak,Blok A,premium ,Aman
PRD-35599,446,,9.0,72000,Ya,Blok C,Reguler,Backorder
PRD-37425,293,20.0,10.0,153000,Ya,Blok C,Reguler,Menipis
PRD-59725,225,36.0,999.0,437000,Tidak,Blok A,Premium,Backorder
PRD-14798,268,46.0,23.0,74000,Tidak,Blok A,premium ,Backorder
PRD-52652,78,46.0,26.0,65000,Tidak,Blok C,REGULER,Backorder
PRD-78199,191,13.0,15.0,202000,Tidak,Blok A,premium ,Menipis
PRD-78388,219,46.0,6.0,189000,Tidak,Blok B,REGULER,Backorder
PRD-90722,398,20.0,5.0,304000,Tidak,Blok C,Reguler,Aman
PRD-96067,131,37.0,27.0,106000,Tidak,Blok B,premium ,Backorder
PRD-69150,200,47.0,9.0,28000,Tidak,Blok B,REGULER,Aman
PRD-73116,428,,2.0,182000,Tidak,Blok B,premium ,Aman
PRD-85564,167,2.0,8.0,51000,Ya,Blok C,Premium,Aman
PRD-10276,427,31.0,13.0,456000,Ya,Blok C,premium ,Menipis
PRD-50148,409,,19.0,166000,Ya,Blok B, reguler ,Menipis
PRD-90206,478,9.0,6.0,425000,Tidak,Blok A,Reguler,Aman
PRD-91486,478,44.0,19.0,437000,Tidak,Blok C, reguler ,Backorder
PRD-68499,495,30.0,16.0,218000,Ya,Blok B,premium ,Menipis
PRD-13797,330,20.0,18.0,231000,Tidak,Blok B,Reguler,Menipis
PRD-82782,120,28.0,7.0,438000,Tidak,Blok B,Premium,Aman
PRD-84543,315,28.0,15.0,241000,Tidak,Blok A, reguler ,Backorder
PRD-34951,425,43.0,7.0,247000,Tidak,Blok A, reguler ,Menipis
PRD-79224,400,47.0,20.0,306000,Tidak,Blok A,REGULER,Backorder
PRD-20966,483,24.0,26.0,448000,Tidak,Blok A,premium ,Backorder
PRD-50724,142,3.0,3.0,124000,Tidak,Blok B, reguler ,Aman
PRD-64845,54,12.0,8.0,26000,Tidak,Blok C,premium ,Menipis
PRD-58791,430,31.0,23.0,420000,Tidak,Blok A, reguler ,Backorder
PRD-47713,174,32.0,2.0,444000,Tidak,Blok A,REGULER,Menipis
PRD-88006,271,40.0,9.0,398000,Tidak,Blok A,Premium,Aman
PRD-62201,49,18.0,9.0,259000,Tidak,Blok C, reguler ,Aman
PRD-37323,151,7.0,12.0,133000,Ya,Blok A,REGULER,Aman
PRD-33365,45,40.0,12.0,213000,Ya,Blok A,Reguler,Aman
PRD-66406,271,43.0,4.0,202000,Tidak,Blok C,premium ,Menipis
PRD-27509,129,3.0,25.0,265000,Ya,Blok A,REGULER,Menipis
PRD-14748,411,25.0,26.0,304000,Ya,Blok A,Reguler,Menipis
PRD-13178,353,4.0,,305000,Tidak,Blok A,REGULER,Aman
PRD-45568,208,31.0,6.0,496000,Tidak,Blok B,REGULER,Aman
PRD-32116,305,43.0,8.0,399000,Tidak,Blok B,Reguler,Backorder
PRD-50130,359,33.0,21.0,297000,Tidak,Blok B,Premium,Menipis
PRD-15912,168,2.0,12.0,250000,Tidak,Blok C, reguler ,Aman
PRD-83233,42,11.0,20.0,81000,Ya,Blok C,Premium,Backorder
PRD-47346,268,17.0,15.0,150000,Tidak,Blok B,Reguler,Menipis
PRD-71440,153,21.0,4.0,222000,Tidak,Blok B,Reguler,Menipis
PRD-81713,240,28.0,9.0,105000,Tidak,Blok B, reguler ,Backorder
PRD-52614,233,16.0,4.0,113000,Tidak,Blok B,REGULER,Menipis
PRD-17347,446,29.0,10.0,100000,Tidak,Blok C,Premium,Menipis
PRD-36909,158,30.0,10.0,138000,Tidak,Blok A, reguler ,Backorder
PRD-51090,367,26.0,22.0,202000,Tidak,Blok A,REGULER,Backorder
PRD-54348,351,42.0,26.0,275000,Tidak,Blok B,REGULER,Backorder
PRD-93797,12,13.0,6.0,91000,Tidak,Blok A,Reguler,Backorder
PRD-75548,418,26.0,4.0,394000,Ya,Blok C,premium ,Aman
PRD-92666,1,45.0,21.0,41000,Tidak,Blok B,Reguler,Backorder
PRD-58926,263,42.0,9.0,77000,Tidak,Blok A,Premium,Menipis
PRD-14611,56,21.0,29.0,61000,Tidak,Blok C,premium ,Backorder
PRD-41541,92,46.0,6.0,171000,Tidak,Blok A,REGULER,Backorder
PRD-43440,369,43.0,,302000,Tidak,Blok A, reguler ,Backorder
PRD-49764,292,28.0,16.0,270000,Tidak,Blok C,Reguler,Menipis
PRD-19117,426,27.0,20.0,315000,Tidak,Blok A,Premium,Aman
PRD-71169,171,48.0,17.0,395000,Tidak,Blok A,premium ,Backorder
PRD-46182,278,14.0,2.0,250000,Tidak,Blok C,Reguler,Aman
PRD-97675,353,37.0,18.0,208000,Tidak,Blok A,REGULER,Backorder
PRD-11125,147,41.0,16.0,167000,Ya,Blok B,Premium,Backorder
PRD-12460,12,10.0,21.0,402000,Ya,Blok A, reguler ,Backorder
PRD-31045,211,20.0,999.0,152000,Tidak,Blok A,Premium,Backorder
PRD-80825,266,13.0,14.0,393000,Tidak,Blok A,REGULER,Backorder
PRD-29056,416,12.0,6.0,296000,Ya,Blok A,Reguler,Aman
PRD-23673,31,28.0,28.0,491000,Ya,Blok B, reguler ,Backorder
PRD-61977,258,38.0,15.0,158000,Ya,Blok C,premium ,Backorder
PRD-72824,275,7.0,21.0,376000,Ya,Blok A,REGULER,Aman
PRD-46110,466,13.0,11.0,390000,Tidak,Blok B, reguler ,Aman
PRD-11996,401,21.0,26.0,340000,Tidak,Blok A,Reguler,Backorder
PRD-21826,352,10.0,3.0,414000,Ya,Blok B,Reguler,Aman
PRD-60529,390,39.0,15.0,498000,Tidak,Blok C,Reguler,Backorder
PRD-66446,148,47.0,28.0,287000,Tidak,Blok A,Premium,Backorder
PRD-86976,47,37.0,5.0,41000,Tidak,Blok C,REGULER,Aman
PRD-84071,212,46.0,29.0,178000,Tidak,Blok A,premium ,Backorder
PRD-82592,280,40.0,12.0,204000,Tidak,Blok C,Reguler,Aman
PRD-80959,132,20.0,20.0,71000,Ya,Blok C,Premium,Backorder
PRD-77593,155,32.0,8.0,178000,Tidak,Blok A,Reguler,Backorder
PRD-19446,141,13.0,16.0,186000,Ya,Blok A,Reguler,Backorder
PRD-36564,15,38.0,21.0,396000,Tidak,Blok C, reguler ,Backorder
PRD-23222,331,,5.0,71000,Ya,Blok B,REGULER,Aman
PRD-27533,43,22.0,19.0,185000,Tidak,Blok A,Reguler,Backorder
PRD-10893,422,26.0,15.0,270000,Tidak,Blok B,Premium,Aman
PRD-99524,250,39.0,2.0,466000,Tidak,Blok B,premium ,Menipis
PRD-44019,123,10.0,4.0,388000,Ya,Blok C, reguler ,Menipis
PRD-96335,71,21.0,6.0,308000,Ya,Blok B,Premium,Aman
PRD-40783,9,44.0,7.0,155000,Tidak,Blok C,REGULER,Aman
PRD-25120,434,40.0,29.0,332000,Ya,Blok C, reguler ,Menipis
PRD-76557,42,33.0,20.0,165000,Tidak,Blok B,Premium,Backorder
PRD-15313,368,17.0,2.0,218000,Tidak,Blok A,Reguler,Aman
PRD-99719,320,12.0,12.0,402000,Tidak,Blok A, reguler ,Aman
PRD-54078,309,33.0,11.0,264000,Tidak,Blok C, reguler ,Backorder
PRD-16021,276,46.0,999.0,400000,Tidak,Blok B,REGULER,Menipis
PRD-77121,209,39.0,5.0,254000,Tidak,Blok B,Premium,Menipis
PRD-76255,365,35.0,22.0,158000,Ya,Blok C,premium ,Backorder
PRD-79338,344,38.0,4.0,482000,Ya,Blok A,REGULER,Aman
PRD-93045,91,35.0,7.0,421000,Ya,Blok B,Reguler,Aman
PRD-21182,293,15.0,29.0,413000,Ya,Blok C,REGULER,Backorder
PRD-61493,128,21.0,22.0,197000,Ya,Blok C,Premium,Backorder
PRD-30183,300,43.0,26.0,481000,Tidak,Blok B, reguler ,Backorder
PRD-48559,188,46.0,26.0,451000,Tidak,Blok C,REGULER,Menipis
PRD-40177,344,20.0,2.0,67000,Tidak,Blok B, reguler ,Aman
PRD-44610,491,12.0,16.0,84000,Ya,Blok B,Reguler,Aman
PRD-95548,339,4.0,26.0,205000,Ya,Blok A,premium ,Aman
PRD-81101,305,17.0,10.0,177000,Tidak,Blok B,Premium,Aman
PRD-34474,44,4.0,18.0,261000,Tidak,Blok A,REGULER,Backorder
